# Object Export From Tinkercad Server 2015

mtllib obj.mtl

o obj_0
v 100 		-99 		4
v 100 		101 		4
v 100 		-99 		0
v 100 		101 		0
v -100 		101 		4
v -100 		-99 		4
v -100 		101 		0
v -100 		-99 		0
# 8 vertices

g group_0_-1040146473

usemtl color_-1040146473
s 0

f 1 	3 	2
f 3 	4 	2
f 5 	7 	6
f 7 	8 	6
f 5 	6 	2
f 6 	1 	2
f 8 	7 	3
f 7 	4 	3
f 6 	8 	1
f 8 	3 	1
f 2 	4 	5
f 4 	7 	5
# 12 faces

 #end of obj_0

o obj_1
v 180 		-100 		14
v 180 		102 		14
v 180 		-100 		0
v 180 		102 		0
v 100 		102 		14
v 100 		-100 		14
v 100 		102 		0
v 100 		-100 		0
# 8 vertices

g group_1_4634441

usemtl color_4634441
s 0

f 9 	11 	10
f 11 	12 	10
f 13 	15 	14
f 15 	16 	14
f 13 	14 	10
f 14 	9 	10
f 16 	15 	11
f 15 	12 	11
f 14 	16 	9
f 16 	11 	9
f 10 	12 	13
f 12 	15 	13
# 12 faces

 #end of obj_1

o obj_2
v -100 		-101 		14
v -100 		101 		14
v -100 		-101 		0
v -100 		101 		0
v -180 		101 		14
v -180 		-101 		14
v -180 		101 		0
v -180 		-101 		0
# 8 vertices

g group_2_4634441

usemtl color_4634441
s 0

f 17 	19 	18
f 19 	20 	18
f 21 	23 	22
f 23 	24 	22
f 21 	22 	18
f 22 	17 	18
f 24 	23 	19
f 23 	20 	19
f 22 	24 	17
f 24 	19 	17
f 18 	20 	21
f 20 	23 	21
# 12 faces

 #end of obj_2

o obj_3
v 15.519 		-15.3267 		8
v 15.519 		17.5733 		8
v 15.519 		-15.3267 		4
v 15.519 		17.5733 		4
v -18.2532 		17.5733 		8
v -18.2532 		-15.3267 		8
v -18.2532 		17.5733 		4
v -18.2532 		-15.3267 		4
# 8 vertices

g group_3_14541540

usemtl color_14541540
s 0

f 25 	27 	26
f 27 	28 	26
f 29 	31 	30
f 31 	32 	30
f 29 	30 	26
f 30 	25 	26
f 32 	31 	27
f 31 	28 	27
f 30 	32 	25
f 32 	27 	25
f 26 	28 	29
f 28 	31 	29
# 12 faces

 #end of obj_3

o obj_4
v 28 		-27 		12
v 28 		29 		12
v 28 		-27 		8
v 28 		29 		8
v -30 		29 		12
v -30 		-27 		12
v -30 		29 		8
v -30 		-27 		8
# 8 vertices

g group_4_16448250

usemtl color_16448250
s 0

f 33 	35 	34
f 35 	36 	34
f 37 	39 	38
f 39 	40 	38
f 37 	38 	34
f 38 	33 	34
f 40 	39 	35
f 39 	36 	35
f 38 	40 	33
f 40 	35 	33
f 34 	36 	37
f 36 	39 	37
# 12 faces

 #end of obj_4

o obj_5
v 4.3516 		-39.7515 		12
v -1 		-40.098 		12
v -1 		0.402 		12
v 9.6116 		-38.718 		12
v 14.69 		-37.0152 		12
v 19.5 		-34.6721 		12
v 23.9592 		-31.7288 		12
v 27.9914 		-28.2359 		12
v 31.5275 		-24.2529 		12
v 34.507 		-19.848 		12
v 36.8791 		-15.0967 		12
v 38.603 		-10.0802 		12
v 39.6492 		-4.8843 		12
v 40 		0.402 		12
v 39.6492 		5.6883 		12
v 38.603 		10.8841 		12
v 36.8791 		15.9006 		12
v 34.507 		20.652 		12
v 31.5275 		25.0568 		12
v 27.9914 		29.0398 		12
v 23.9592 		32.5328 		12
v 19.5 		35.476 		12
v 14.69 		37.8191 		12
v 9.6116 		39.522 		12
v 4.3516 		40.5555 		12
v -1 		40.902 		12
v -6.3516 		40.5555 		12
v -11.6116 		39.522 		12
v -16.69 		37.8191 		12
v -21.5 		35.476 		12
v -25.9592 		32.5328 		12
v -29.9914 		29.0398 		12
v -33.5275 		25.0568 		12
v -36.507 		20.652 		12
v -38.8791 		15.9006 		12
v -40.603 		10.8841 		12
v -41.6492 		5.6883 		12
v -42 		0.402 		12
v -41.6492 		-4.8843 		12
v -40.603 		-10.0802 		12
v -38.8791 		-15.0967 		12
v -36.507 		-19.848 		12
v -33.5275 		-24.2529 		12
v -29.9914 		-28.2359 		12
v -25.9592 		-31.7288 		12
v -21.5 		-34.6721 		12
v -16.69 		-37.0152 		12
v -11.6116 		-38.718 		12
v -6.3516 		-39.7515 		12
v -1 		-40.098 		14
v 4.3516 		-39.7515 		14
v -1 		0.402 		14
v 9.6116 		-38.718 		14
v 14.69 		-37.0152 		14
v 19.5 		-34.6721 		14
v 23.9592 		-31.7288 		14
v 27.9914 		-28.2359 		14
v 31.5275 		-24.2529 		14
v 34.507 		-19.848 		14
v 36.8791 		-15.0967 		14
v 38.603 		-10.0802 		14
v 39.6492 		-4.8843 		14
v 40 		0.402 		14
v 39.6492 		5.6883 		14
v 38.603 		10.8841 		14
v 36.8791 		15.9006 		14
v 34.507 		20.652 		14
v 31.5275 		25.0568 		14
v 27.9914 		29.0398 		14
v 23.9592 		32.5328 		14
v 19.5 		35.476 		14
v 14.69 		37.8191 		14
v 9.6116 		39.522 		14
v 4.3516 		40.5555 		14
v -1 		40.902 		14
v -6.3516 		40.5555 		14
v -11.6116 		39.522 		14
v -16.69 		37.8191 		14
v -21.5 		35.476 		14
v -25.9592 		32.5328 		14
v -29.9914 		29.0398 		14
v -33.5275 		25.0568 		14
v -36.507 		20.652 		14
v -38.8791 		15.9006 		14
v -40.603 		10.8841 		14
v -41.6492 		5.6883 		14
v -42 		0.402 		14
v -41.6492 		-4.8843 		14
v -40.603 		-10.0802 		14
v -38.8791 		-15.0967 		14
v -36.507 		-19.848 		14
v -33.5275 		-24.2529 		14
v -29.9914 		-28.2359 		14
v -25.9592 		-31.7288 		14
v -21.5 		-34.6721 		14
v -16.69 		-37.0152 		14
v -11.6116 		-38.718 		14
v -6.3516 		-39.7515 		14
# 98 vertices

g group_5_16448250

usemtl color_16448250
s 0

f 41 	42 	43
f 44 	41 	43
f 45 	44 	43
f 46 	45 	43
f 47 	46 	43
f 48 	47 	43
f 49 	48 	43
f 50 	49 	43
f 51 	50 	43
f 52 	51 	43
f 53 	52 	43
f 54 	53 	43
f 55 	54 	43
f 56 	55 	43
f 57 	56 	43
f 58 	57 	43
f 59 	58 	43
f 60 	59 	43
f 61 	60 	43
f 62 	61 	43
f 63 	62 	43
f 64 	63 	43
f 65 	64 	43
f 66 	65 	43
f 67 	66 	43
f 68 	67 	43
f 69 	68 	43
f 70 	69 	43
f 71 	70 	43
f 72 	71 	43
f 73 	72 	43
f 74 	73 	43
f 75 	74 	43
f 76 	75 	43
f 77 	76 	43
f 78 	77 	43
f 79 	78 	43
f 80 	79 	43
f 81 	80 	43
f 82 	81 	43
f 83 	82 	43
f 84 	83 	43
f 85 	84 	43
f 86 	85 	43
f 87 	86 	43
f 88 	87 	43
f 89 	88 	43
f 42 	89 	43
f 90 	91 	92
f 91 	93 	92
f 93 	94 	92
f 94 	95 	92
f 95 	96 	92
f 96 	97 	92
f 97 	98 	92
f 98 	99 	92
f 99 	100 	92
f 100 	101 	92
f 101 	102 	92
f 102 	103 	92
f 103 	104 	92
f 104 	105 	92
f 105 	106 	92
f 106 	107 	92
f 107 	108 	92
f 108 	109 	92
f 109 	110 	92
f 110 	111 	92
f 111 	112 	92
f 112 	113 	92
f 113 	114 	92
f 114 	115 	92
f 115 	116 	92
f 116 	117 	92
f 117 	118 	92
f 118 	119 	92
f 119 	120 	92
f 120 	121 	92
f 121 	122 	92
f 122 	123 	92
f 123 	124 	92
f 124 	125 	92
f 125 	126 	92
f 126 	127 	92
f 127 	128 	92
f 128 	129 	92
f 129 	130 	92
f 130 	131 	92
f 131 	132 	92
f 132 	133 	92
f 133 	134 	92
f 134 	135 	92
f 135 	136 	92
f 136 	137 	92
f 137 	138 	92
f 138 	90 	92
f 42 	41 	41
f 41 	44 	44
f 44 	45 	45
f 45 	46 	46
f 46 	47 	47
f 47 	48 	48
f 48 	49 	49
f 49 	50 	50
f 50 	51 	51
f 51 	52 	52
f 52 	53 	53
f 53 	54 	54
f 54 	55 	55
f 55 	56 	56
f 56 	57 	57
f 57 	58 	58
f 58 	59 	59
f 59 	60 	60
f 60 	61 	61
f 61 	62 	62
f 62 	63 	63
f 63 	64 	64
f 64 	65 	65
f 65 	66 	66
f 66 	67 	67
f 67 	68 	68
f 68 	69 	69
f 69 	70 	70
f 70 	71 	71
f 71 	72 	72
f 72 	73 	73
f 73 	74 	74
f 74 	75 	75
f 75 	76 	76
f 76 	77 	77
f 77 	78 	78
f 78 	79 	79
f 79 	80 	80
f 80 	81 	81
f 81 	82 	82
f 82 	83 	83
f 83 	84 	84
f 84 	85 	85
f 85 	86 	86
f 86 	87 	87
f 87 	88 	88
f 88 	89 	89
f 89 	42 	42
f 42 	41 	91
f 42 	91 	90
f 41 	44 	93
f 41 	93 	91
f 44 	45 	94
f 44 	94 	93
f 45 	46 	95
f 45 	95 	94
f 46 	47 	96
f 46 	96 	95
f 47 	48 	97
f 47 	97 	96
f 48 	49 	98
f 48 	98 	97
f 49 	50 	99
f 49 	99 	98
f 50 	51 	100
f 50 	100 	99
f 51 	52 	101
f 51 	101 	100
f 52 	53 	102
f 52 	102 	101
f 53 	54 	103
f 53 	103 	102
f 54 	55 	104
f 54 	104 	103
f 55 	56 	105
f 55 	105 	104
f 56 	57 	106
f 56 	106 	105
f 57 	58 	107
f 57 	107 	106
f 58 	59 	108
f 58 	108 	107
f 59 	60 	109
f 59 	109 	108
f 60 	61 	110
f 60 	110 	109
f 61 	62 	111
f 61 	111 	110
f 62 	63 	112
f 62 	112 	111
f 63 	64 	113
f 63 	113 	112
f 64 	65 	114
f 64 	114 	113
f 65 	66 	115
f 65 	115 	114
f 66 	67 	116
f 66 	116 	115
f 67 	68 	117
f 67 	117 	116
f 68 	69 	118
f 68 	118 	117
f 69 	70 	119
f 69 	119 	118
f 70 	71 	120
f 70 	120 	119
f 71 	72 	121
f 71 	121 	120
f 72 	73 	122
f 72 	122 	121
f 73 	74 	123
f 73 	123 	122
f 74 	75 	124
f 74 	124 	123
f 75 	76 	125
f 75 	125 	124
f 76 	77 	126
f 76 	126 	125
f 77 	78 	127
f 77 	127 	126
f 78 	79 	128
f 78 	128 	127
f 79 	80 	129
f 79 	129 	128
f 80 	81 	130
f 80 	130 	129
f 81 	82 	131
f 81 	131 	130
f 82 	83 	132
f 82 	132 	131
f 83 	84 	133
f 83 	133 	132
f 84 	85 	134
f 84 	134 	133
f 85 	86 	135
f 85 	135 	134
f 86 	87 	136
f 86 	136 	135
f 87 	88 	137
f 87 	137 	136
f 88 	89 	138
f 88 	138 	137
f 89 	42 	90
f 89 	90 	138
f 90 	91 	91
f 91 	93 	93
f 93 	94 	94
f 94 	95 	95
f 95 	96 	96
f 96 	97 	97
f 97 	98 	98
f 98 	99 	99
f 99 	100 	100
f 100 	101 	101
f 101 	102 	102
f 102 	103 	103
f 103 	104 	104
f 104 	105 	105
f 105 	106 	106
f 106 	107 	107
f 107 	108 	108
f 108 	109 	109
f 109 	110 	110
f 110 	111 	111
f 111 	112 	112
f 112 	113 	113
f 113 	114 	114
f 114 	115 	115
f 115 	116 	116
f 116 	117 	117
f 117 	118 	118
f 118 	119 	119
f 119 	120 	120
f 120 	121 	121
f 121 	122 	122
f 122 	123 	123
f 123 	124 	124
f 124 	125 	125
f 125 	126 	126
f 126 	127 	127
f 127 	128 	128
f 128 	129 	129
f 129 	130 	130
f 130 	131 	131
f 131 	132 	132
f 132 	133 	133
f 133 	134 	134
f 134 	135 	135
f 135 	136 	136
f 136 	137 	137
f 137 	138 	138
f 138 	90 	90
# 288 faces

 #end of obj_5

o obj_6
v 23 		-15.7263 		21.2515
v 23 		-14.1772 		21.2515
v 23 		-15.7263 		19.125
v 22.6742 		-14.1772 		18.875
v 23 		-15.8805 		21.5
v 23 		-14.1772 		18.875
v 23 		-14.0233 		21.5
v 22.8371 		-14.1781 		18.875
v 22.6742 		-14.1781 		18.875
v 23 		-14.1772 		19.125
v 22.6742 		-15.7257 		18.875
v 22.8371 		-15.7257 		18.875
v 23 		-15.7263 		18.875
v 23 		-14.1772 		16.749
v 22.6742 		-15.7263 		18.875
v 23 		-15.7263 		16.749
v 23 		-15.8805 		16.5
v 22.6742 		-18.0472 		21.5
v 23 		-18.0472 		21.5
v 23 		-14.0233 		16.5
v 12.9013 		-12.7852 		16.5
v 23 		-18.0472 		16.5
v 22.6742 		-18.0472 		16.5
v 23 		-19.7505 		21.2515
v 23 		-18.201 		21.2515
v 9.3179 		-22.071 		21.5
v 9.6436 		-22.071 		21.5
v 22.6742 		-19.9043 		21.5
v 23 		-18.201 		19.125
v 23 		-19.9043 		21.5
v 9.3179 		-23.9281 		21.5
v 9.6436 		-23.9281 		21.5
v 12.9013 		-12.7852 		21.5
v 23 		-19.7505 		19.125
v 9.6436 		-23.7733 		19.125
v 9.6436 		-23.7733 		21.25
v 15.1816 		-12.7852 		21.5
v 9.4808 		-23.7733 		21.25
v 9.4808 		-23.7733 		19.125
v 22.8371 		-19.7495 		19.125
v 22.8371 		-19.7495 		21.25
v 15.1816 		-12.7852 		16.5
v 22.6742 		-19.7495 		21.25
v 9.4808 		-22.2257 		19.125
v 9.4808 		-22.2257 		21.25
v 23 		-18.201 		16.749
v 9.6436 		-22.2257 		21.25
v 9.6436 		-22.2257 		19.125
v 23 		-19.7505 		16.749
v 17.1362 		-12.7852 		21.5
v 23 		-18.201 		18.875
v 22.6742 		-18.2019 		18.875
v 22.6742 		-18.2019 		16.75
v 22.6742 		-18.201 		16.749
v 22.6742 		-18.201 		18.875
v 16.9734 		-12.7852 		19.125
v 23 		-19.7505 		18.875
v 16.9734 		-12.7852 		21.25
v 23 		-19.9043 		16.5
v 16.9743 		-12.7852 		21.2515
v 16.9743 		-12.7852 		19.125
v 22.6742 		-19.7495 		16.75
v 9.6436 		-23.7743 		21.2515
v 9.3179 		-23.7743 		21.2515
v 22.6742 		-23.9281 		21.5
v 15.3436 		-12.7852 		21.2515
v 22.6742 		-22.071 		21.5
v 15.3445 		-12.7852 		21.25
v 15.3445 		-12.7852 		19.125
v 11.1086 		-25.4757 		16.749
v 9.3179 		-22.2251 		21.2515
v 15.3436 		-12.7852 		19.125
v 11.1086 		-25.4757 		18.875
v 9.6436 		-22.2251 		21.2515
v 10.9467 		-25.4757 		16.5
v 15.3436 		-25.4757 		19.125
v 15.3445 		-25.321 		19.125
v 15.3445 		-25.1662 		19.125
v 15.3436 		-25.1662 		19.125
v 11.1096 		-25.321 		16.75
v 11.1096 		-25.321 		18.875
v 11.1096 		-25.1662 		18.875
v 11.1096 		-25.1662 		16.75
v 16.9734 		-25.321 		19.125
v 12.7384 		-25.321 		18.875
v 12.7384 		-25.321 		16.75
v 12.7384 		-25.1662 		16.75
v 17.1362 		-12.7852 		16.5
v 12.7384 		-25.1662 		18.875
v 23 		-23.7743 		21.2515
v 23 		-22.2251 		21.2515
v 16.9743 		-12.7852 		18.875
v 16.9743 		-12.7852 		16.749
v 23 		-22.071 		21.5
v 15.1816 		-25.4757 		16.5
v 16.9734 		-12.7852 		16.75
v 15.1816 		-25.1662 		16.5
v 16.9734 		-12.7852 		18.875
v 23 		-22.2251 		19.125
v 23 		-23.7743 		19.125
v 17.1362 		-25.4757 		16.5
v 23 		-23.9281 		21.5
v 15.3445 		-12.7852 		18.875
v 17.1362 		-25.1662 		16.5
v 15.3445 		-12.7852 		16.75
v 11.1086 		-25.1662 		16.749
v 15.3436 		-12.7852 		16.749
v 15.3436 		-12.7852 		18.875
v 23 		-22.2251 		16.749
v 23 		-23.7743 		16.749
v 16.9743 		-25.4757 		16.749
v 12.7391 		-25.4757 		16.749
v 12.7391 		-25.1662 		16.749
v 15.3436 		-25.4757 		16.749
v 23 		-22.2251 		18.875
v 23 		-22.071 		16.5
v 23 		-23.7743 		18.875
v 22.6742 		-23.7733 		19.125
v 23 		-23.9281 		16.5
v 22.6742 		-23.7733 		21.25
v 15.3436 		-25.4757 		18.875
v 22.6742 		-23.7743 		21.2515
v 22.6742 		-23.7743 		19.125
v 12.7391 		-25.4757 		18.875
v 12.7391 		-25.1662 		18.875
v 22.6742 		-22.2251 		19.125
v 22.6742 		-22.2251 		21.2515
v 22.6742 		-22.2257 		21.25
v 22.6742 		-22.2257 		19.125
v 22.6742 		-19.7495 		19.125
v 11.1086 		-25.1662 		18.875
v 23 		-25.4757 		24
v 23 		-25.4757 		23
v 23 		-12.4757 		23
v 22.6742 		-18.2019 		19.125
v 23 		-12.4757 		24
v 22.6742 		-18.2019 		21.25
v 16.9743 		-25.4757 		18.875
v 22.6742 		-22.071 		16.5
v 23 		-25.4757 		15
v 23 		-25.4757 		14
v 22.6742 		-23.9281 		16.5
v 23 		-12.4757 		14
v 21.3712 		-12.7852 		21.5
v 23 		-12.4757 		15
v 19.4166 		-12.7852 		21.5
v 16.9734 		-25.321 		18.875
v 16.9734 		-25.321 		16.75
v 16.9734 		-25.1662 		16.75
v 16.9734 		-25.1662 		18.875
v 21.2083 		-12.7852 		19.125
v 21.2083 		-12.7852 		21.25
v 22.6742 		-23.7743 		16.749
v 9.3179 		-14.1772 		21.2515
v 21.2093 		-12.7852 		21.2515
v 22.6742 		-23.7733 		16.75
v 21.2093 		-12.7852 		19.125
v 22.6742 		-23.7733 		18.875
v 15.3445 		-25.321 		16.75
v 22.6742 		-23.7743 		18.875
v 9.6436 		-22.2251 		19.125
v 9.3179 		-22.2251 		19.125
v 19.5788 		-12.7852 		21.2515
v 19.5795 		-12.7852 		21.25
v 19.5795 		-12.7852 		19.125
v 22.6742 		-22.2257 		18.875
v 19.5788 		-12.7852 		19.125
v 22.6742 		-22.2257 		16.75
v 22.6742 		-22.2251 		16.749
v 22.6742 		-22.2251 		18.875
v 9.6436 		-23.7743 		19.125
v 9.3179 		-23.7743 		19.125
v 19.4166 		-12.7852 		16.5
v 21.3712 		-12.7852 		16.5
v 9.3179 		-23.9281 		16.5
v 9.6436 		-23.9281 		16.5
v 21.2093 		-12.7852 		18.875
v 21.2093 		-12.7852 		16.749
v 12.7391 		-25.4757 		19.125
v 21.2083 		-12.7852 		16.75
v 21.2083 		-12.7852 		18.875
v 11.1086 		-25.4757 		19.125
v 19.5795 		-12.7852 		18.875
v 19.5795 		-12.7852 		16.75
v 22.8371 		-18.2019 		21.25
v 22.8371 		-18.2019 		19.125
v 19.5788 		-12.7852 		16.749
v 19.5788 		-12.7852 		18.875
v 10.9467 		-25.1662 		16.5
v 10.9467 		-25.1662 		21.5
v 9.6436 		-22.071 		16.5
v 9.6436 		-25.1662 		23
v 9.6436 		-25.1662 		15
v 9.3179 		-22.071 		16.5
v 22.6742 		-25.1662 		23
v 21.3712 		-25.1662 		21.5
v 21.3712 		-25.1662 		16.5
v 22.6742 		-25.1662 		15
v 10.9467 		-12.7852 		21.5
v 9.4808 		-23.7733 		18.875
v 9.4808 		-23.7733 		16.75
v 22.6742 		-19.7505 		21.2515
v 9.6436 		-23.7733 		16.75
v 9.6436 		-23.7733 		18.875
v 11.1086 		-12.7852 		21.2515
v 9.4808 		-22.2257 		16.75
v 19.4166 		-25.1662 		16.5
v 11.1096 		-12.7852 		21.25
v 9.4808 		-22.2257 		18.875
v 9.6436 		-22.2257 		18.875
v 19.4166 		-25.1662 		21.5
v 9.6436 		-22.2257 		16.75
v 9.3179 		-15.7263 		21.2515
v 17.1362 		-25.1662 		21.5
v 11.1096 		-12.7852 		19.125
v 11.1086 		-12.7852 		19.125
v 9.3179 		-15.8805 		21.5
v 12.7384 		-12.7852 		19.125
v 12.7384 		-12.7852 		21.25
v 9.3179 		-15.7263 		19.125
v 12.7391 		-12.7852 		21.2515
v 12.7391 		-12.7852 		19.125
v 9.3179 		-14.1772 		19.125
v 15.1816 		-25.1662 		21.5
v 9.3179 		-14.0233 		21.5
v 12.9013 		-25.1662 		21.5
v 9.6436 		-23.7743 		16.749
v 9.3179 		-23.7743 		16.749
v 12.9013 		-25.1662 		16.5
v 9.3179 		-15.7263 		16.749
v 10.9467 		-12.7852 		16.5
v 9.3179 		-14.1772 		16.749
v 9.6436 		-22.2251 		16.749
v 9.3179 		-22.2251 		16.749
v 9.3179 		-15.7263 		18.875
v 11.1096 		-12.7852 		18.875
v 11.1096 		-12.7852 		16.75
v 9.3179 		-15.8805 		16.5
v 16.9743 		-25.1662 		21.2515
v 11.1086 		-12.7852 		16.749
v 11.1086 		-12.7852 		18.875
v 16.9734 		-25.1662 		21.25
v 16.9734 		-25.1662 		19.125
v 16.9743 		-25.1662 		19.125
v 9.6436 		-22.2251 		18.875
v 9.3179 		-22.2251 		18.875
v 9.3179 		-14.1772 		18.875
v 9.3179 		-14.0233 		16.5
v 12.7391 		-12.7852 		18.875
v 12.7391 		-12.7852 		16.749
v 12.7384 		-12.7852 		16.75
v 12.7384 		-12.7852 		18.875
v 9.3179 		-23.7743 		18.875
v 15.3445 		-25.1662 		21.25
v 9.6436 		-23.7743 		18.875
v 15.3436 		-25.1662 		21.2515
v 9.3179 		-18.201 		21.2515
v 9.3179 		-19.7505 		21.2515
v 9.3179 		-18.201 		19.125
v 22.6742 		-12.7852 		23
v 9.3179 		-18.0472 		21.5
v 9.3179 		-19.9043 		21.5
v 16.9743 		-25.1662 		16.749
v 9.3179 		-19.7505 		19.125
v 16.9743 		-25.1662 		18.875
v 9.3179 		-19.7505 		16.749
v 9.3179 		-18.201 		16.749
v 15.3436 		-25.1662 		18.875
v 9.6436 		-19.9043 		21.5
v 15.3436 		-25.1662 		16.749
v 15.3445 		-25.1662 		16.75
v 9.6436 		-19.9043 		16.5
v 15.3445 		-25.1662 		18.875
v 9.3179 		-18.201 		18.875
v 15.3445 		-25.321 		18.875
v 9.3179 		-18.0472 		16.5
v 9.3179 		-25.4757 		23
v 9.3179 		-19.7505 		18.875
v 9.3179 		-19.9043 		16.5
v 9.6436 		-12.7852 		23
v 9.6436 		-12.7852 		15
v 9.6436 		-14.0233 		16.5
v 9.6436 		-14.0233 		21.5
v 9.3179 		-12.4757 		23
v 9.6436 		-15.8805 		21.5
v 9.6436 		-15.8805 		16.5
v 9.6436 		-18.0472 		16.5
v 9.6436 		-18.0472 		21.5
v 9.6436 		-14.1781 		19.125
v 9.6436 		-14.1781 		21.25
v 9.6436 		-14.1772 		21.2515
v 9.6436 		-14.1772 		19.125
v 9.6436 		-15.7263 		19.125
v 9.6436 		-15.7263 		21.2515
v 9.6436 		-15.7257 		21.25
v 9.6436 		-15.7257 		19.125
v 9.3179 		-12.4757 		24
v 9.3179 		-25.4757 		24
v 9.6436 		-14.1772 		16.749
v 9.3179 		-12.4757 		15
v 9.3179 		-12.4757 		14
v 9.3179 		-25.4757 		14
v 9.3179 		-25.4757 		15
v 9.6436 		-14.1781 		16.75
v 9.6436 		-14.1781 		18.875
v 9.6436 		-14.1772 		18.875
v 9.4808 		-14.1781 		19.125
v 9.4808 		-14.1781 		21.25
v 9.6436 		-15.7257 		18.875
v 9.6436 		-15.7257 		16.75
v 9.6436 		-15.7263 		16.749
v 9.6436 		-15.7263 		18.875
v 9.4808 		-15.7257 		21.25
v 9.4808 		-15.7257 		19.125
v 9.6436 		-19.7505 		19.125
v 9.6436 		-19.7505 		21.2515
v 9.6436 		-19.7495 		21.25
v 9.6436 		-19.7495 		19.125
v 9.6436 		-18.2019 		19.125
v 9.6436 		-18.2019 		21.25
v 9.6436 		-18.201 		21.2515
v 9.6436 		-18.201 		19.125
v 22.6742 		-19.9043 		16.5
v 22.6742 		-14.0233 		21.5
v 22.6742 		-14.0233 		16.5
v 9.6436 		-19.7495 		18.875
v 9.6436 		-19.7495 		16.75
v 9.6436 		-19.7505 		16.749
v 9.6436 		-19.7505 		18.875
v 9.6436 		-18.201 		16.749
v 9.6436 		-18.2019 		16.75
v 22.6742 		-15.8805 		21.5
v 9.6436 		-18.2019 		18.875
v 9.6436 		-18.201 		18.875
v 22.6742 		-12.7852 		15
v 22.6742 		-15.8805 		16.5
v 22.6742 		-14.1781 		19.125
v 22.6742 		-14.1781 		21.25
v 22.8371 		-14.1781 		21.25
v 22.8371 		-14.1781 		19.125
v 22.8371 		-15.7257 		19.125
v 9.4808 		-14.1781 		16.75
v 22.8371 		-15.7257 		21.25
v 9.4808 		-14.1781 		18.875
v 22.6742 		-15.7257 		21.25
v 22.6742 		-15.7257 		19.125
v 9.4808 		-15.7257 		18.875
v 9.4808 		-15.7257 		16.75
v 10.9467 		-25.4757 		21.5
v 22.6742 		-14.1772 		21.2515
v 22.6742 		-15.7263 		21.2515
v 21.3712 		-25.4757 		21.5
v 22.6742 		-15.7263 		19.125
v 22.6742 		-14.1772 		19.125
v 21.3712 		-25.4757 		16.5
v 17.1362 		-25.4757 		21.5
v 15.1816 		-25.4757 		21.5
v 22.8371 		-14.1781 		16.75
v 22.6742 		-14.1781 		16.75
v 22.8371 		-15.7257 		16.75
v 22.6742 		-15.7257 		16.75
v 15.3436 		-25.4757 		21.2515
v 22.6742 		-14.1772 		16.749
v 16.9743 		-25.4757 		21.2515
v 9.4808 		-19.7495 		21.25
v 9.4808 		-19.7495 		19.125
v 9.4808 		-18.2019 		19.125
v 22.6742 		-15.7263 		16.749
v 9.4808 		-18.2019 		21.25
v 16.9743 		-25.4757 		19.125
v 16.9734 		-25.321 		21.25
v 15.3445 		-25.321 		21.25
v 21.2093 		-25.1662 		21.2515
v 21.2083 		-25.1662 		21.25
v 21.2083 		-25.1662 		19.125
v 21.2093 		-25.1662 		19.125
v 19.5795 		-25.1662 		19.125
v 19.5795 		-25.1662 		21.25
v 22.6742 		-18.201 		21.2515
v 19.5788 		-25.1662 		21.2515
v 19.5788 		-25.1662 		19.125
v 22.6742 		-18.201 		19.125
v 22.6742 		-19.7505 		19.125
v 21.2083 		-25.1662 		18.875
v 21.2083 		-25.1662 		16.75
v 21.2093 		-25.1662 		16.749
v 21.2093 		-25.1662 		18.875
v 19.5788 		-25.1662 		18.875
v 19.5788 		-25.1662 		16.749
v 19.5795 		-25.1662 		16.75
v 19.5795 		-25.1662 		18.875
v 11.1096 		-25.1662 		19.125
v 11.1096 		-25.1662 		21.25
v 11.1086 		-25.1662 		21.2515
v 11.1086 		-25.1662 		19.125
v 12.7391 		-25.1662 		21.2515
v 12.7384 		-25.1662 		21.25
v 12.7384 		-25.1662 		19.125
v 12.7391 		-25.1662 		19.125
v 9.4808 		-19.7495 		18.875
v 9.4808 		-19.7495 		16.75
v 10.9467 		-12.4757 		21.5
v 10.9467 		-12.4757 		16.5
v 9.4808 		-18.2019 		16.75
v 9.4808 		-18.2019 		18.875
v 21.3712 		-12.4757 		21.5
v 19.4166 		-25.4757 		21.5
v 21.3712 		-12.4757 		16.5
v 22.8371 		-19.7495 		16.75
v 22.8371 		-19.7495 		18.875
v 22.6742 		-19.7495 		18.875
v 19.4166 		-25.4757 		16.5
v 22.8371 		-18.2019 		18.875
v 22.8371 		-18.2019 		16.75
v 17.1362 		-12.4757 		21.5
v 17.1362 		-12.4757 		16.5
v 15.1816 		-12.4757 		21.5
v 22.6742 		-19.7505 		16.749
v 19.5788 		-25.4757 		21.2515
v 21.2093 		-25.4757 		21.2515
v 15.1816 		-12.4757 		16.5
v 19.5788 		-25.4757 		19.125
v 21.2093 		-25.4757 		19.125
v 22.6742 		-19.7505 		18.875
v 21.2083 		-25.321 		21.25
v 21.2083 		-25.321 		19.125
v 19.5795 		-25.321 		19.125
v 19.5795 		-25.321 		21.25
v 16.9743 		-12.4757 		21.2515
v 15.3436 		-12.4757 		21.2515
v 15.3436 		-12.4757 		19.125
v 16.9743 		-12.4757 		19.125
v 16.9734 		-12.6305 		19.125
v 16.9734 		-12.6305 		21.25
v 15.3445 		-12.6305 		21.25
v 15.3445 		-12.6305 		19.125
v 22.8371 		-23.7733 		19.125
v 22.8371 		-23.7733 		21.25
v 22.8371 		-22.2257 		21.25
v 22.8371 		-22.2257 		19.125
v 21.2093 		-25.4757 		16.749
v 19.5788 		-25.4757 		16.749
v 19.5788 		-25.4757 		18.875
v 21.2093 		-25.4757 		18.875
v 21.2083 		-25.321 		18.875
v 21.2083 		-25.321 		16.75
v 22.8371 		-23.7733 		16.75
v 22.8371 		-23.7733 		18.875
v 19.5795 		-25.321 		16.75
v 19.5795 		-25.321 		18.875
v 22.8371 		-22.2257 		18.875
v 22.8371 		-22.2257 		16.75
v 15.3436 		-12.4757 		16.749
v 16.9743 		-12.4757 		16.749
v 15.3436 		-12.4757 		18.875
v 16.9743 		-12.4757 		18.875
v 16.9734 		-12.6305 		18.875
v 16.9734 		-12.6305 		16.75
v 15.3445 		-12.6305 		18.875
v 15.3445 		-12.6305 		16.75
v 19.4166 		-12.4757 		21.5
v 19.4166 		-12.4757 		16.5
v 12.9013 		-25.4757 		21.5
v 12.9013 		-25.4757 		16.5
v 21.2093 		-12.4757 		21.2515
v 19.5788 		-12.4757 		21.2515
v 19.5788 		-12.4757 		19.125
v 11.1086 		-25.4757 		21.2515
v 12.7391 		-25.4757 		21.2515
v 21.2093 		-12.4757 		19.125
v 21.2083 		-12.6305 		19.125
v 21.2083 		-12.6305 		21.25
v 19.5795 		-12.6305 		21.25
v 19.5795 		-12.6305 		19.125
v 11.1096 		-25.321 		19.125
v 11.1096 		-25.321 		21.25
v 12.7384 		-25.321 		21.25
v 12.7384 		-25.321 		19.125
v 19.5788 		-12.4757 		16.749
v 21.2093 		-12.4757 		16.749
v 19.5788 		-12.4757 		18.875
v 21.2093 		-12.4757 		18.875
v 21.2083 		-12.6305 		16.75
v 21.2083 		-12.6305 		18.875
v 19.5795 		-12.6305 		18.875
v 19.5795 		-12.6305 		16.75
v 12.9013 		-12.4757 		21.5
v 12.9013 		-12.4757 		16.5
v 12.7391 		-12.4757 		21.2515
v 11.1086 		-12.4757 		21.2515
v 12.7391 		-12.4757 		19.125
v 11.1086 		-12.4757 		19.125
v 11.1096 		-12.6305 		21.25
v 11.1096 		-12.6305 		19.125
v 12.7384 		-12.6305 		19.125
v 12.7384 		-12.6305 		21.25
v 11.1086 		-12.4757 		16.749
v 12.7391 		-12.4757 		16.749
v 12.7391 		-12.4757 		18.875
v 11.1086 		-12.4757 		18.875
v 11.1096 		-12.6305 		18.875
v 11.1096 		-12.6305 		16.75
v 12.7384 		-12.6305 		16.75
v 12.7384 		-12.6305 		18.875
# 504 vertices

g group_6_40919

usemtl color_40919
s 0

f 173 	174 	176
f 173 	176 	177
f 182 	183 	185
f 182 	185 	186
f 183 	176 	174
f 183 	174 	185
f 183 	182 	177
f 183 	177 	176
f 218 	219 	220
f 218 	220 	221
f 223 	224 	225
f 223 	225 	227
f 224 	218 	221
f 224 	221 	225
f 223 	219 	218
f 223 	218 	224
f 178 	179 	181
f 178 	181 	268
f 285 	286 	287
f 285 	287 	288
f 273 	275 	323
f 273 	323 	324
f 275 	181 	179
f 275 	179 	323
f 179 	178 	324
f 179 	324 	323
f 338 	339 	341
f 338 	341 	342
f 344 	347 	348
f 344 	348 	350
f 350 	341 	339
f 350 	339 	344
f 338 	347 	344
f 338 	344 	339
f 445 	446 	428
f 445 	428 	427
f 434 	433 	451
f 434 	451 	452
f 446 	451 	433
f 446 	433 	428
f 446 	445 	452
f 446 	452 	451
f 475 	476 	477
f 475 	477 	478
f 479 	481 	483
f 479 	483 	484
f 480 	482 	443
f 480 	443 	442
f 476 	483 	481
f 476 	481 	477
f 485 	486 	448
f 485 	448 	447
f 481 	479 	478
f 481 	478 	477
f 442 	448 	486
f 442 	486 	480
f 485 	482 	480
f 485 	480 	486
f 297 	413 	411
f 297 	411 	409
f 146 	496 	497
f 146 	497 	147
f 498 	150 	149
f 498 	149 	499
f 496 	498 	499
f 496 	499 	497
f 146 	150 	498
f 146 	498 	496
f 456 	455 	503
f 456 	503 	504
f 505 	507 	458
f 505 	458 	457
f 507 	503 	455
f 507 	455 	458
f 507 	505 	504
f 507 	504 	503
f 381 	380 	509
f 381 	509 	222
f 215 	510 	392
f 215 	392 	216
f 380 	392 	510
f 380 	510 	509
f 510 	215 	222
f 510 	222 	509
f 286 	297 	409
f 286 	409 	287
f 285 	413 	297
f 285 	297 	286
f 538 	539 	465
f 538 	465 	464
f 542 	543 	471
f 542 	471 	469
f 469 	465 	539
f 469 	539 	542
f 538 	543 	542
f 538 	542 	539
f 547 	548 	549
f 547 	549 	200
f 551 	552 	191
f 551 	191 	190
f 552 	547 	200
f 552 	200 	191
f 551 	548 	547
f 551 	547 	552
f 513 	512 	563
f 513 	563 	564
f 565 	566 	516
f 565 	516 	515
f 512 	516 	566
f 512 	566 	563
f 566 	565 	564
f 566 	564 	563
f 571 	572 	196
f 571 	196 	194
f 207 	206 	573
f 207 	573 	574
f 575 	576 	258
f 575 	258 	256
f 572 	573 	206
f 572 	206 	196
f 267 	266 	577
f 267 	577 	578
f 572 	571 	574
f 572 	574 	573
f 266 	258 	576
f 266 	576 	577
f 576 	575 	578
f 576 	578 	577
f 583 	584 	523
f 583 	523 	522
f 585 	586 	296
f 585 	296 	294
f 587 	588 	529
f 587 	529 	528
f 589 	590 	306
f 589 	306 	304
f 584 	587 	528
f 584 	528 	523
f 590 	585 	294
f 590 	294 	306
f 589 	586 	585
f 589 	585 	590
f 583 	588 	587
f 583 	587 	584
f 596 	595 	236
f 596 	236 	234
f 597 	598 	243
f 597 	243 	241
f 234 	243 	598
f 234 	598 	596
f 597 	595 	596
f 597 	596 	598
f 609 	610 	290
f 609 	290 	289
f 303 	302 	611
f 303 	611 	612
f 613 	614 	531
f 613 	531 	530
f 610 	611 	302
f 610 	302 	290
f 536 	535 	615
f 536 	615 	616
f 610 	609 	612
f 610 	612 	611
f 535 	531 	614
f 535 	614 	615
f 614 	613 	616
f 614 	616 	615
f 621 	622 	319
f 621 	319 	318
f 623 	624 	322
f 623 	322 	321
f 318 	322 	624
f 318 	624 	621
f 623 	622 	621
f 623 	621 	624
f 353 	346 	631
f 353 	631 	632
f 633 	634 	357
f 633 	357 	356
f 634 	631 	346
f 634 	346 	357
f 634 	633 	632
f 634 	632 	631
f 639 	640 	375
f 639 	375 	374
f 641 	642 	390
f 641 	390 	389
f 389 	375 	640
f 389 	640 	641
f 639 	642 	641
f 639 	641 	640
# 192 faces

g group_6_12568524

usemtl color_12568524
s 0

f 143 	139 	145
f 140 	145 	139
f 141 	139 	143
f 142 	144 	146
f 142 	146 	147
f 148 	145 	140
f 151 	153 	150
f 149 	150 	153
f 155 	158 	154
f 144 	151 	146
f 150 	146 	151
f 151 	155 	154
f 158 	144 	152
f 152 	154 	158
f 156 	157 	161
f 160 	161 	157
f 155 	151 	141
f 143 	155 	141
f 148 	141 	151
f 151 	144 	148
f 145 	148 	144
f 145 	144 	158
f 162 	163 	157
f 156 	166 	157
f 167 	157 	163
f 170 	165 	164
f 170 	164 	169
f 157 	166 	168
f 157 	168 	162
f 172 	162 	168
f 184 	187 	197
f 160 	189 	184
f 197 	160 	184
f 195 	197 	187
f 211 	213 	208
f 216 	217 	215
f 214 	215 	217
f 201 	202 	212
f 209 	212 	202
f 222 	215 	214
f 197 	195 	172
f 168 	197 	172
f 167 	172 	195
f 195 	189 	167
f 157 	167 	189
f 157 	189 	160
f 232 	240 	229
f 228 	229 	240
f 237 	232 	229
f 238 	228 	240
f 235 	242 	233
f 239 	233 	242
f 248 	257 	247
f 233 	239 	249
f 252 	233 	249
f 254 	253 	247
f 244 	208 	251
f 250 	251 	208
f 255 	257 	248
f 254 	247 	257
f 259 	233 	252
f 262 	263 	251
f 262 	251 	250
f 257 	255 	238
f 240 	257 	238
f 237 	238 	255
f 255 	253 	237
f 232 	237 	253
f 232 	253 	254
f 208 	244 	269
f 208 	269 	211
f 270 	271 	272
f 270 	272 	274
f 239 	276 	249
f 281 	283 	279
f 278 	279 	283
f 211 	269 	219
f 220 	219 	269
f 299 	212 	209
f 299 	209 	300
f 202 	201 	309
f 202 	309 	310
f 263 	262 	223
f 263 	223 	227
f 310 	309 	177
f 173 	177 	309
f 219 	223 	262
f 219 	262 	211
f 310 	177 	300
f 299 	300 	182
f 299 	182 	186
f 170 	169 	314
f 313 	314 	169
f 182 	300 	177
f 262 	317 	211
f 602 	317 	262
f 317 	320 	211
f 213 	211 	320
f 313 	332 	314
f 329 	314 	332
f 355 	363 	351
f 292 	351 	363
f 358 	355 	351
f 361 	292 	363
f 370 	386 	368
f 371 	372 	365
f 366 	365 	372
f 376 	373 	368
f 372 	371 	383
f 372 	383 	384
f 385 	386 	370
f 376 	368 	386
f 391 	393 	365
f 391 	365 	366
f 342 	393 	338
f 393 	391 	338
f 386 	385 	361
f 363 	386 	361
f 358 	361 	385
f 385 	373 	358
f 355 	358 	373
f 355 	373 	376
f 348 	347 	383
f 384 	383 	347
f 400 	399 	396
f 395 	396 	399
f 384 	347 	338
f 384 	338 	391
f 397 	395 	399
f 333 	398 	272
f 396 	402 	400
f 414 	404 	405
f 272 	271 	333
f 412 	414 	405
f 404 	417 	416
f 414 	417 	404
f 400 	416 	417
f 407 	400 	410
f 417 	410 	400
f 414 	412 	397
f 399 	414 	397
f 402 	397 	412
f 412 	416 	402
f 400 	402 	416
f 420 	386 	421
f 202 	169 	209
f 300 	209 	164
f 363 	421 	386
f 164 	209 	169
f 310 	169 	202
f 415 	422 	418
f 366 	372 	313
f 332 	313 	372
f 330 	415 	418
f 164 	332 	384
f 372 	384 	332
f 313 	391 	366
f 355 	376 	423
f 424 	423 	376
f 355 	421 	363
f 164 	384 	300
f 310 	300 	384
f 384 	391 	310
f 169 	310 	391
f 169 	391 	313
f 421 	355 	423
f 435 	422 	415
f 435 	415 	436
f 439 	440 	441
f 438 	439 	441
f 274 	435 	436
f 274 	436 	270
f 271 	415 	333
f 330 	333 	415
f 240 	203 	280
f 418 	422 	398
f 240 	280 	257
f 272 	398 	422
f 197 	168 	461
f 166 	461 	168
f 432 	351 	429
f 292 	429 	351
f 436 	415 	271
f 436 	271 	270
f 145 	463 	462
f 351 	432 	431
f 351 	431 	358
f 435 	274 	422
f 272 	422 	274
f 430 	429 	292
f 430 	292 	361
f 145 	158 	463
f 358 	445 	361
f 430 	361 	445
f 430 	445 	427
f 358 	431 	452
f 434 	452 	431
f 474 	155 	470
f 143 	470 	155
f 452 	445 	358
f 145 	470 	143
f 283 	473 	336
f 376 	386 	420
f 283 	336 	278
f 462 	470 	145
f 376 	420 	424
f 441 	419 	438
f 213 	487 	328
f 419 	441 	331
f 328 	327 	213
f 140 	139 	488
f 489 	488 	139
f 491 	489 	139
f 491 	139 	141
f 140 	488 	492
f 140 	492 	148
f 335 	334 	493
f 437 	370 	449
f 368 	449 	370
f 475 	478 	492
f 148 	492 	478
f 490 	493 	334
f 373 	450 	449
f 373 	449 	368
f 484 	491 	479
f 491 	141 	479
f 370 	437 	444
f 370 	444 	385
f 479 	141 	478
f 148 	478 	141
f 331 	441 	336
f 278 	336 	441
f 352 	494 	242
f 443 	482 	444
f 385 	444 	482
f 239 	242 	494
f 447 	450 	485
f 450 	373 	485
f 385 	482 	373
f 495 	362 	235
f 158 	155 	474
f 158 	474 	463
f 485 	373 	482
f 419 	473 	283
f 233 	495 	235
f 494 	352 	495
f 425 	414 	426
f 399 	426 	414
f 399 	400 	407
f 399 	407 	426
f 362 	495 	352
f 438 	419 	283
f 279 	440 	439
f 279 	439 	281
f 502 	494 	500
f 495 	500 	494
f 278 	441 	279
f 440 	279 	441
f 214 	500 	495
f 154 	152 	506
f 501 	506 	152
f 438 	283 	439
f 281 	439 	283
f 508 	494 	502
f 154 	506 	153
f 154 	153 	151
f 144 	142 	501
f 144 	501 	152
f 454 	396 	459
f 395 	459 	396
f 460 	459 	395
f 460 	395 	397
f 163 	340 	517
f 396 	454 	453
f 396 	453 	402
f 163 	162 	340
f 402 	453 	504
f 456 	504 	453
f 163 	517 	520
f 163 	520 	167
f 521 	340 	162
f 521 	162 	172
f 460 	397 	505
f 460 	505 	457
f 268 	521 	178
f 521 	172 	178
f 500 	394 	377
f 500 	377 	502
f 273 	324 	520
f 167 	520 	324
f 217 	394 	500
f 217 	500 	214
f 167 	324 	178
f 167 	178 	172
f 502 	377 	382
f 502 	382 	508
f 249 	401 	408
f 249 	408 	252
f 197 	161 	160
f 382 	222 	508
f 381 	222 	382
f 214 	508 	222
f 397 	402 	505
f 504 	505 	402
f 252 	408 	406
f 252 	406 	259
f 276 	403 	401
f 276 	401 	249
f 410 	417 	425
f 403 	276 	285
f 403 	285 	288
f 414 	425 	417
f 276 	259 	413
f 259 	406 	413
f 411 	413 	406
f 413 	285 	276
f 540 	541 	369
f 540 	369 	337
f 495 	233 	259
f 276 	508 	259
f 239 	494 	276
f 494 	508 	276
f 508 	214 	259
f 495 	259 	214
f 161 	197 	461
f 545 	349 	345
f 546 	544 	312
f 550 	545 	345
f 544 	282 	312
f 405 	466 	468
f 545 	490 	334
f 553 	188 	554
f 349 	545 	334
f 404 	466 	405
f 226 	554 	188
f 556 	187 	192
f 184 	192 	187
f 405 	468 	472
f 405 	472 	412
f 559 	175 	555
f 416 	467 	466
f 416 	466 	404
f 559 	180 	175
f 560 	557 	545
f 558 	490 	557
f 464 	467 	538
f 467 	416 	538
f 412 	538 	416
f 189 	193 	192
f 189 	192 	184
f 558 	561 	490
f 545 	557 	490
f 175 	188 	553
f 471 	543 	472
f 412 	472 	543
f 187 	556 	562
f 187 	562 	195
f 175 	553 	555
f 538 	412 	543
f 195 	562 	548
f 549 	548 	562
f 195 	551 	189
f 193 	189 	551
f 193 	551 	190
f 332 	164 	329
f 165 	329 	164
f 568 	553 	567
f 548 	551 	195
f 232 	277 	205
f 559 	555 	569
f 568 	569 	555
f 553 	568 	555
f 570 	567 	553
f 254 	277 	232
f 518 	558 	557
f 232 	203 	240
f 511 	558 	518
f 205 	203 	232
f 519 	518 	557
f 519 	557 	560
f 558 	511 	514
f 558 	514 	561
f 514 	564 	561
f 513 	564 	514
f 515 	519 	565
f 560 	565 	519
f 565 	560 	564
f 561 	564 	560
f 567 	198 	204
f 567 	204 	568
f 335 	493 	345
f 265 	229 	260
f 228 	260 	229
f 568 	204 	210
f 568 	210 	569
f 229 	265 	264
f 229 	264 	237
f 199 	198 	567
f 199 	567 	570
f 550 	345 	493
f 261 	260 	228
f 261 	228 	238
f 256 	261 	575
f 261 	238 	575
f 237 	575 	238
f 199 	570 	571
f 199 	571 	194
f 267 	578 	264
f 237 	264 	578
f 579 	580 	493
f 550 	493 	580
f 569 	210 	574
f 207 	574 	210
f 575 	237 	578
f 545 	550 	581
f 580 	581 	550
f 277 	254 	280
f 570 	569 	571
f 574 	571 	569
f 579 	493 	582
f 490 	582 	493
f 280 	254 	257
f 559 	226 	180
f 226 	559 	554
f 592 	554 	591
f 559 	593 	591
f 553 	554 	594
f 592 	594 	554
f 559 	591 	554
f 230 	595 	594
f 236 	595 	230
f 291 	248 	307
f 247 	307 	248
f 527 	580 	524
f 579 	524 	580
f 253 	308 	307
f 253 	307 	247
f 241 	246 	597
f 593 	597 	246
f 580 	527 	526
f 580 	526 	581
f 248 	291 	298
f 248 	298 	255
f 255 	298 	586
f 296 	586 	298
f 582 	525 	524
f 582 	524 	579
f 593 	594 	595
f 593 	595 	597
f 255 	586 	253
f 308 	253 	589
f 308 	589 	304
f 525 	582 	583
f 525 	583 	522
f 589 	253 	586
f 593 	569 	594
f 559 	569 	593
f 569 	570 	594
f 553 	594 	570
f 581 	526 	588
f 529 	588 	526
f 591 	231 	592
f 582 	581 	583
f 588 	583 	581
f 600 	311 	599
f 591 	245 	231
f 582 	561 	581
f 490 	561 	582
f 561 	560 	581
f 545 	581 	560
f 284 	599 	311
f 593 	246 	245
f 593 	245 	591
f 282 	599 	284
f 602 	364 	601
f 592 	231 	230
f 592 	230 	594
f 367 	364 	602
f 544 	599 	282
f 599 	544 	604
f 487 	601 	364
f 487 	364 	328
f 600 	599 	605
f 604 	605 	599
f 601 	487 	607
f 608 	603 	544
f 603 	604 	544
f 602 	601 	317
f 607 	317 	601
f 606 	607 	487
f 606 	487 	320
f 213 	320 	487
f 606 	534 	607
f 603 	293 	301
f 603 	301 	604
f 534 	606 	532
f 604 	301 	305
f 604 	305 	605
f 607 	534 	537
f 607 	537 	317
f 295 	293 	603
f 295 	603 	608
f 533 	532 	606
f 533 	606 	320
f 295 	608 	609
f 295 	609 	289
f 320 	317 	613
f 530 	533 	613
f 320 	613 	533
f 605 	305 	612
f 303 	612 	305
f 537 	616 	317
f 536 	616 	537
f 608 	605 	609
f 612 	609 	605
f 317 	616 	613
f 213 	367 	602
f 600 	546 	311
f 312 	311 	546
f 367 	213 	327
f 208 	213 	250
f 602 	250 	213
f 250 	602 	262
f 618 	546 	617
f 600 	617 	546
f 600 	619 	617
f 544 	546 	620
f 618 	620 	546
f 325 	618 	617
f 316 	618 	325
f 619 	326 	325
f 619 	325 	617
f 618 	316 	315
f 618 	315 	620
f 315 	622 	620
f 319 	622 	315
f 321 	326 	623
f 619 	623 	326
f 623 	619 	622
f 620 	622 	619
f 619 	605 	620
f 600 	605 	619
f 605 	608 	620
f 544 	620 	608
f 625 	171 	159
f 626 	625 	159
f 337 	171 	625
f 337 	625 	540
f 628 	540 	627
f 629 	627 	625
f 630 	540 	628
f 625 	627 	540
f 343 	628 	359
f 627 	359 	628
f 360 	359 	627
f 360 	627 	629
f 628 	343 	354
f 628 	354 	630
f 630 	354 	632
f 353 	632 	354
f 360 	629 	633
f 360 	633 	356
f 632 	633 	629
f 632 	629 	630
f 159 	369 	626
f 626 	369 	541
f 626 	541 	636
f 625 	626 	637
f 636 	637 	626
f 635 	541 	638
f 635 	636 	541
f 540 	638 	541
f 635 	388 	636
f 635 	378 	388
f 636 	388 	387
f 636 	387 	637
f 638 	379 	378
f 638 	378 	635
f 374 	379 	639
f 638 	639 	379
f 387 	642 	637
f 390 	642 	387
f 642 	639 	637
f 638 	637 	639
f 638 	630 	637
f 540 	630 	638
f 630 	629 	637
f 625 	637 	629
# 588 faces

g group_6_14860437

usemtl color_14860437
s 0

f 171 	418 	175
f 159 	171 	175
f 175 	180 	159
f 419 	159 	180
f 188 	175 	398
f 192 	193 	191
f 190 	191 	193
f 198 	199 	196
f 194 	196 	199
f 191 	200 	192
f 207 	210 	206
f 204 	206 	210
f 196 	206 	204
f 196 	204 	198
f 419 	180 	226
f 230 	231 	234
f 230 	234 	236
f 245 	246 	243
f 241 	243 	246
f 260 	261 	258
f 256 	258 	261
f 264 	265 	266
f 264 	266 	267
f 258 	266 	265
f 258 	265 	260
f 243 	234 	231
f 243 	231 	245
f 282 	284 	398
f 277 	280 	336
f 293 	295 	290
f 289 	290 	295
f 296 	298 	294
f 291 	294 	298
f 303 	305 	302
f 301 	302 	305
f 307 	308 	306
f 304 	306 	308
f 290 	302 	301
f 290 	301 	293
f 291 	307 	294
f 306 	294 	307
f 312 	473 	311
f 315 	316 	318
f 315 	318 	319
f 325 	326 	322
f 321 	322 	326
f 328 	330 	327
f 331 	327 	330
f 316 	325 	318
f 322 	318 	325
f 335 	336 	334
f 333 	334 	336
f 337 	418 	171
f 353 	354 	346
f 343 	346 	354
f 349 	333 	352
f 345 	349 	352
f 352 	242 	345
f 331 	336 	242
f 359 	360 	357
f 356 	357 	360
f 343 	359 	346
f 357 	346 	359
f 333 	330 	362
f 235 	362 	364
f 364 	367 	235
f 331 	235 	367
f 352 	333 	362
f 378 	379 	375
f 374 	375 	379
f 381 	382 	380
f 377 	380 	382
f 387 	388 	389
f 387 	389 	390
f 394 	217 	392
f 216 	392 	217
f 375 	389 	388
f 375 	388 	378
f 392 	380 	377
f 392 	377 	394
f 235 	331 	242
f 401 	403 	287
f 288 	287 	403
f 314 	331 	170
f 331 	330 	170
f 401 	409 	408
f 406 	408 	409
f 406 	409 	411
f 419 	331 	410
f 407 	410 	329
f 329 	165 	407
f 165 	330 	407
f 418 	419 	420
f 418 	420 	421
f 424 	425 	423
f 419 	425 	424
f 425 	426 	423
f 418 	423 	426
f 423 	418 	421
f 429 	430 	428
f 427 	428 	430
f 431 	432 	433
f 431 	433 	434
f 428 	433 	432
f 428 	432 	429
f 424 	420 	419
f 443 	444 	442
f 437 	442 	444
f 449 	450 	448
f 447 	448 	450
f 437 	449 	442
f 448 	442 	449
f 407 	418 	426
f 453 	454 	455
f 453 	455 	456
f 459 	460 	458
f 457 	458 	460
f 458 	455 	454
f 458 	454 	459
f 410 	425 	419
f 466 	467 	465
f 464 	465 	467
f 468 	466 	469
f 471 	472 	469
f 468 	469 	472
f 465 	469 	466
f 170 	330 	165
f 418 	407 	330
f 309 	201 	174
f 309 	174 	173
f 212 	299 	185
f 186 	185 	299
f 201 	212 	174
f 185 	174 	212
f 314 	329 	331
f 329 	410 	331
f 365 	393 	341
f 342 	341 	393
f 348 	383 	350
f 371 	350 	383
f 341 	350 	371
f 341 	371 	365
f 287 	409 	401
f 334 	333 	349
f 513 	514 	512
f 511 	512 	514
f 518 	519 	516
f 515 	516 	519
f 511 	518 	512
f 516 	512 	518
f 345 	242 	336
f 335 	345 	336
f 524 	525 	523
f 522 	523 	525
f 526 	527 	528
f 526 	528 	529
f 523 	528 	527
f 523 	527 	524
f 364 	362 	330
f 328 	364 	330
f 532 	533 	531
f 530 	531 	533
f 536 	537 	535
f 534 	535 	537
f 531 	535 	534
f 531 	534 	532
f 327 	331 	367
f 269 	244 	221
f 269 	221 	220
f 251 	263 	225
f 227 	225 	263
f 244 	251 	221
f 225 	221 	251
f 333 	336 	280
f 333 	280 	203
f 203 	205 	333
f 336 	461 	277
f 205 	277 	461
f 461 	166 	205
f 166 	333 	205
f 473 	398 	463
f 462 	463 	398
f 473 	474 	161
f 156 	161 	474
f 474 	470 	156
f 470 	398 	156
f 333 	156 	398
f 462 	398 	470
f 492 	488 	476
f 492 	476 	475
f 489 	491 	483
f 484 	483 	491
f 488 	489 	476
f 483 	476 	489
f 463 	474 	473
f 501 	142 	497
f 147 	497 	142
f 149 	153 	499
f 506 	499 	153
f 497 	499 	506
f 497 	506 	501
f 156 	333 	166
f 340 	521 	181
f 268 	181 	521
f 340 	275 	517
f 520 	517 	275
f 520 	275 	273
f 181 	275 	340
f 336 	473 	161
f 461 	336 	161
f 556 	192 	200
f 549 	562 	200
f 556 	200 	562
f 398 	175 	418
f 418 	337 	369
f 369 	159 	419
f 418 	369 	419
f 282 	398 	312
f 398 	473 	312
f 419 	226 	473
f 398 	284 	188
f 284 	311 	188
f 226 	188 	311
f 311 	473 	226
# 224 faces

 #end of obj_6

o obj_7
v 4.6821 		-15.2506 		21.2515
v 4.6821 		-13.7015 		21.2515
v 4.6821 		-15.2506 		19.125
v 4.3564 		-13.7015 		18.875
v 4.6821 		-15.4048 		21.5
v 4.6821 		-13.7015 		18.875
v 4.6821 		-13.5476 		21.5
v 4.5192 		-13.7024 		18.875
v 4.3564 		-13.7024 		18.875
v 4.6821 		-13.7015 		19.125
v 4.3564 		-15.25 		18.875
v 4.5192 		-15.25 		18.875
v 4.6821 		-15.2506 		18.875
v 4.6821 		-13.7015 		16.749
v 4.3564 		-15.2506 		18.875
v 4.6821 		-15.2506 		16.749
v 4.6821 		-15.4048 		16.5
v 4.3564 		-17.5714 		21.5
v 4.6821 		-17.5714 		21.5
v 4.6821 		-13.5476 		16.5
v -5.4166 		-12.3095 		16.5
v 4.6821 		-17.5714 		16.5
v 4.3564 		-17.5714 		16.5
v 4.6821 		-19.2747 		21.2515
v 4.6821 		-17.7253 		21.2515
v -9 		-21.5952 		21.5
v -8.6742 		-21.5952 		21.5
v 4.3564 		-19.4286 		21.5
v 4.6821 		-17.7253 		19.125
v 4.6821 		-19.4286 		21.5
v -9 		-23.4524 		21.5
v -8.6742 		-23.4524 		21.5
v -5.4166 		-12.3095 		21.5
v 4.6821 		-19.2747 		19.125
v -8.6742 		-23.2976 		19.125
v -8.6742 		-23.2976 		21.25
v -3.1362 		-12.3095 		21.5
v -8.8371 		-23.2976 		21.25
v -8.8371 		-23.2976 		19.125
v 4.5192 		-19.2738 		19.125
v 4.5192 		-19.2738 		21.25
v -3.1362 		-12.3095 		16.5
v 4.3564 		-19.2738 		21.25
v -8.8371 		-21.75 		19.125
v -8.8371 		-21.75 		21.25
v 4.6821 		-17.7253 		16.749
v -8.6742 		-21.75 		21.25
v -8.6742 		-21.75 		19.125
v 4.6821 		-19.2747 		16.749
v -1.1816 		-12.3095 		21.5
v 4.6821 		-17.7253 		18.875
v 4.3564 		-17.7262 		18.875
v 4.3564 		-17.7262 		16.75
v 4.3564 		-17.7253 		16.749
v 4.3564 		-17.7253 		18.875
v -1.3445 		-12.3095 		19.125
v 4.6821 		-19.2747 		18.875
v -1.3445 		-12.3095 		21.25
v 4.6821 		-19.4286 		16.5
v -1.3436 		-12.3095 		21.2515
v -1.3436 		-12.3095 		19.125
v 4.3564 		-19.2738 		16.75
v -8.6742 		-23.2985 		21.2515
v -9 		-23.2985 		21.2515
v 4.3564 		-23.4524 		21.5
v -2.9743 		-12.3095 		21.2515
v 4.3564 		-21.5952 		21.5
v -2.9734 		-12.3095 		21.25
v -2.9734 		-12.3095 		19.125
v -7.2093 		-25 		16.749
v -9 		-21.7494 		21.2515
v -2.9743 		-12.3095 		19.125
v -7.2093 		-25 		18.875
v -8.6742 		-21.7494 		21.2515
v -7.3712 		-25 		16.5
v -2.9743 		-25 		19.125
v -2.9734 		-24.8452 		19.125
v -2.9734 		-24.6905 		19.125
v -2.9743 		-24.6905 		19.125
v -7.2083 		-24.8452 		16.75
v -7.2083 		-24.8452 		18.875
v -7.2083 		-24.6905 		18.875
v -7.2083 		-24.6905 		16.75
v -1.3445 		-24.8452 		19.125
v -5.5795 		-24.8452 		18.875
v -5.5795 		-24.8452 		16.75
v -5.5795 		-24.6905 		16.75
v -1.1816 		-12.3095 		16.5
v -5.5795 		-24.6905 		18.875
v 4.6821 		-23.2985 		21.2515
v 4.6821 		-21.7494 		21.2515
v -1.3436 		-12.3095 		18.875
v -1.3436 		-12.3095 		16.749
v 4.6821 		-21.5952 		21.5
v -3.1362 		-25 		16.5
v -1.3445 		-12.3095 		16.75
v -3.1362 		-24.6905 		16.5
v -1.3445 		-12.3095 		18.875
v 4.6821 		-21.7494 		19.125
v 4.6821 		-23.2985 		19.125
v -1.1816 		-25 		16.5
v 4.6821 		-23.4524 		21.5
v -2.9734 		-12.3095 		18.875
v -1.1816 		-24.6905 		16.5
v -2.9734 		-12.3095 		16.75
v -7.2093 		-24.6905 		16.749
v -2.9743 		-12.3095 		16.749
v -2.9743 		-12.3095 		18.875
v 4.6821 		-21.7494 		16.749
v 4.6821 		-23.2985 		16.749
v -1.3436 		-25 		16.749
v -5.5788 		-25 		16.749
v -5.5788 		-24.6905 		16.749
v -2.9743 		-25 		16.749
v 4.6821 		-21.7494 		18.875
v 4.6821 		-21.5952 		16.5
v 4.6821 		-23.2985 		18.875
v 4.3564 		-23.2976 		19.125
v 4.6821 		-23.4524 		16.5
v 4.3564 		-23.2976 		21.25
v -2.9743 		-25 		18.875
v 4.3564 		-23.2985 		21.2515
v 4.3564 		-23.2985 		19.125
v -5.5788 		-25 		18.875
v -5.5788 		-24.6905 		18.875
v 4.3564 		-21.7494 		19.125
v 4.3564 		-21.7494 		21.2515
v 4.3564 		-21.75 		21.25
v 4.3564 		-21.75 		19.125
v 4.3564 		-19.2738 		19.125
v -7.2093 		-24.6905 		18.875
v 4.6821 		-25 		24
v 4.6821 		-25 		23
v 4.6821 		-12 		23
v 4.3564 		-17.7262 		19.125
v 4.6821 		-12 		24
v 4.3564 		-17.7262 		21.25
v -1.3436 		-25 		18.875
v 4.3564 		-21.5952 		16.5
v 4.6821 		-25 		15
v 4.6821 		-25 		14
v 4.3564 		-23.4524 		16.5
v 4.6821 		-12 		14
v 3.0533 		-12.3095 		21.5
v 4.6821 		-12 		15
v 1.0987 		-12.3095 		21.5
v -1.3445 		-24.8452 		18.875
v -1.3445 		-24.8452 		16.75
v -1.3445 		-24.6905 		16.75
v -1.3445 		-24.6905 		18.875
v 2.8904 		-12.3095 		19.125
v 2.8904 		-12.3095 		21.25
v 4.3564 		-23.2985 		16.749
v -9 		-13.7015 		21.2515
v 2.8914 		-12.3095 		21.2515
v 4.3564 		-23.2976 		16.75
v 2.8914 		-12.3095 		19.125
v 4.3564 		-23.2976 		18.875
v -2.9734 		-24.8452 		16.75
v 4.3564 		-23.2985 		18.875
v -8.6742 		-21.7494 		19.125
v -9 		-21.7494 		19.125
v 1.2609 		-12.3095 		21.2515
v 1.2616 		-12.3095 		21.25
v 1.2616 		-12.3095 		19.125
v 4.3564 		-21.75 		18.875
v 1.2609 		-12.3095 		19.125
v 4.3564 		-21.75 		16.75
v 4.3564 		-21.7494 		16.749
v 4.3564 		-21.7494 		18.875
v -8.6742 		-23.2985 		19.125
v -9 		-23.2985 		19.125
v 1.0987 		-12.3095 		16.5
v 3.0533 		-12.3095 		16.5
v -9 		-23.4524 		16.5
v -8.6742 		-23.4524 		16.5
v 2.8914 		-12.3095 		18.875
v 2.8914 		-12.3095 		16.749
v -5.5788 		-25 		19.125
v 2.8904 		-12.3095 		16.75
v 2.8904 		-12.3095 		18.875
v -7.2093 		-25 		19.125
v 1.2616 		-12.3095 		18.875
v 1.2616 		-12.3095 		16.75
v 4.5192 		-17.7262 		21.25
v 4.5192 		-17.7262 		19.125
v 1.2609 		-12.3095 		16.749
v 1.2609 		-12.3095 		18.875
v -7.3712 		-24.6905 		16.5
v -7.3712 		-24.6905 		21.5
v -8.6742 		-21.5952 		16.5
v -8.6742 		-24.6905 		23
v -8.6742 		-24.6905 		15
v -9 		-21.5952 		16.5
v 4.3564 		-24.6905 		23
v 3.0533 		-24.6905 		21.5
v 3.0533 		-24.6905 		16.5
v 4.3564 		-24.6905 		15
v -7.3712 		-12.3095 		21.5
v -8.8371 		-23.2976 		18.875
v -8.8371 		-23.2976 		16.75
v 4.3564 		-19.2747 		21.2515
v -8.6742 		-23.2976 		16.75
v -8.6742 		-23.2976 		18.875
v -7.2093 		-12.3095 		21.2515
v -8.8371 		-21.75 		16.75
v 1.0987 		-24.6905 		16.5
v -7.2083 		-12.3095 		21.25
v -8.8371 		-21.75 		18.875
v -8.6742 		-21.75 		18.875
v 1.0987 		-24.6905 		21.5
v -8.6742 		-21.75 		16.75
v -9 		-15.2506 		21.2515
v -1.1816 		-24.6905 		21.5
v -7.2083 		-12.3095 		19.125
v -7.2093 		-12.3095 		19.125
v -9 		-15.4048 		21.5
v -5.5795 		-12.3095 		19.125
v -5.5795 		-12.3095 		21.25
v -9 		-15.2506 		19.125
v -5.5788 		-12.3095 		21.2515
v -5.5788 		-12.3095 		19.125
v -9 		-13.7015 		19.125
v -3.1362 		-24.6905 		21.5
v -9 		-13.5476 		21.5
v -5.4166 		-24.6905 		21.5
v -8.6742 		-23.2985 		16.749
v -9 		-23.2985 		16.749
v -5.4166 		-24.6905 		16.5
v -9 		-15.2506 		16.749
v -7.3712 		-12.3095 		16.5
v -9 		-13.7015 		16.749
v -8.6742 		-21.7494 		16.749
v -9 		-21.7494 		16.749
v -9 		-15.2506 		18.875
v -7.2083 		-12.3095 		18.875
v -7.2083 		-12.3095 		16.75
v -9 		-15.4048 		16.5
v -1.3436 		-24.6905 		21.2515
v -7.2093 		-12.3095 		16.749
v -7.2093 		-12.3095 		18.875
v -1.3445 		-24.6905 		21.25
v -1.3445 		-24.6905 		19.125
v -1.3436 		-24.6905 		19.125
v -8.6742 		-21.7494 		18.875
v -9 		-21.7494 		18.875
v -9 		-13.7015 		18.875
v -9 		-13.5476 		16.5
v -5.5788 		-12.3095 		18.875
v -5.5788 		-12.3095 		16.749
v -5.5795 		-12.3095 		16.75
v -5.5795 		-12.3095 		18.875
v -9 		-23.2985 		18.875
v -2.9734 		-24.6905 		21.25
v -8.6742 		-23.2985 		18.875
v -2.9743 		-24.6905 		21.2515
v -9 		-17.7253 		21.2515
v -9 		-19.2747 		21.2515
v -9 		-17.7253 		19.125
v 4.3564 		-12.3095 		23
v -9 		-17.5714 		21.5
v -9 		-19.4286 		21.5
v -1.3436 		-24.6905 		16.749
v -9 		-19.2747 		19.125
v -1.3436 		-24.6905 		18.875
v -9 		-19.2747 		16.749
v -9 		-17.7253 		16.749
v -2.9743 		-24.6905 		18.875
v -8.6742 		-19.4286 		21.5
v -2.9743 		-24.6905 		16.749
v -2.9734 		-24.6905 		16.75
v -8.6742 		-19.4286 		16.5
v -2.9734 		-24.6905 		18.875
v -9 		-17.7253 		18.875
v -2.9734 		-24.8452 		18.875
v -9 		-17.5714 		16.5
v -9 		-25 		23
v -9 		-19.2747 		18.875
v -9 		-19.4286 		16.5
v -8.6742 		-12.3095 		23
v -8.6742 		-12.3095 		15
v -8.6742 		-13.5476 		16.5
v -8.6742 		-13.5476 		21.5
v -9 		-12 		23
v -8.6742 		-15.4048 		21.5
v -8.6742 		-15.4048 		16.5
v -8.6742 		-17.5714 		16.5
v -8.6742 		-17.5714 		21.5
v -8.6742 		-13.7024 		19.125
v -8.6742 		-13.7024 		21.25
v -8.6742 		-13.7015 		21.2515
v -8.6742 		-13.7015 		19.125
v -8.6742 		-15.2506 		19.125
v -8.6742 		-15.2506 		21.2515
v -8.6742 		-15.25 		21.25
v -8.6742 		-15.25 		19.125
v -9 		-12 		24
v -9 		-25 		24
v -8.6742 		-13.7015 		16.749
v -9 		-12 		15
v -9 		-12 		14
v -9 		-25 		14
v -9 		-25 		15
v -8.6742 		-13.7024 		16.75
v -8.6742 		-13.7024 		18.875
v -8.6742 		-13.7015 		18.875
v -8.8371 		-13.7024 		19.125
v -8.8371 		-13.7024 		21.25
v -8.6742 		-15.25 		18.875
v -8.6742 		-15.25 		16.75
v -8.6742 		-15.2506 		16.749
v -8.6742 		-15.2506 		18.875
v -8.8371 		-15.25 		21.25
v -8.8371 		-15.25 		19.125
v -8.6742 		-19.2747 		19.125
v -8.6742 		-19.2747 		21.2515
v -8.6742 		-19.2738 		21.25
v -8.6742 		-19.2738 		19.125
v -8.6742 		-17.7262 		19.125
v -8.6742 		-17.7262 		21.25
v -8.6742 		-17.7253 		21.2515
v -8.6742 		-17.7253 		19.125
v 4.3564 		-19.4286 		16.5
v 4.3564 		-13.5476 		21.5
v 4.3564 		-13.5476 		16.5
v -8.6742 		-19.2738 		18.875
v -8.6742 		-19.2738 		16.75
v -8.6742 		-19.2747 		16.749
v -8.6742 		-19.2747 		18.875
v -8.6742 		-17.7253 		16.749
v -8.6742 		-17.7262 		16.75
v 4.3564 		-15.4048 		21.5
v -8.6742 		-17.7262 		18.875
v -8.6742 		-17.7253 		18.875
v 4.3564 		-12.3095 		15
v 4.3564 		-15.4048 		16.5
v 4.3564 		-13.7024 		19.125
v 4.3564 		-13.7024 		21.25
v 4.5192 		-13.7024 		21.25
v 4.5192 		-13.7024 		19.125
v 4.5192 		-15.25 		19.125
v -8.8371 		-13.7024 		16.75
v 4.5192 		-15.25 		21.25
v -8.8371 		-13.7024 		18.875
v 4.3564 		-15.25 		21.25
v 4.3564 		-15.25 		19.125
v -8.8371 		-15.25 		18.875
v -8.8371 		-15.25 		16.75
v -7.3712 		-25 		21.5
v 4.3564 		-13.7015 		21.2515
v 4.3564 		-15.2506 		21.2515
v 3.0533 		-25 		21.5
v 4.3564 		-15.2506 		19.125
v 4.3564 		-13.7015 		19.125
v 3.0533 		-25 		16.5
v -1.1816 		-25 		21.5
v -3.1362 		-25 		21.5
v 4.5192 		-13.7024 		16.75
v 4.3564 		-13.7024 		16.75
v 4.5192 		-15.25 		16.75
v 4.3564 		-15.25 		16.75
v -2.9743 		-25 		21.2515
v 4.3564 		-13.7015 		16.749
v -1.3436 		-25 		21.2515
v -8.8371 		-19.2738 		21.25
v -8.8371 		-19.2738 		19.125
v -8.8371 		-17.7262 		19.125
v 4.3564 		-15.2506 		16.749
v -8.8371 		-17.7262 		21.25
v -1.3436 		-25 		19.125
v -1.3445 		-24.8452 		21.25
v -2.9734 		-24.8452 		21.25
v 2.8914 		-24.6905 		21.2515
v 2.8904 		-24.6905 		21.25
v 2.8904 		-24.6905 		19.125
v 2.8914 		-24.6905 		19.125
v 1.2616 		-24.6905 		19.125
v 1.2616 		-24.6905 		21.25
v 4.3564 		-17.7253 		21.2515
v 1.2609 		-24.6905 		21.2515
v 1.2609 		-24.6905 		19.125
v 4.3564 		-17.7253 		19.125
v 4.3564 		-19.2747 		19.125
v 2.8904 		-24.6905 		18.875
v 2.8904 		-24.6905 		16.75
v 2.8914 		-24.6905 		16.749
v 2.8914 		-24.6905 		18.875
v 1.2609 		-24.6905 		18.875
v 1.2609 		-24.6905 		16.749
v 1.2616 		-24.6905 		16.75
v 1.2616 		-24.6905 		18.875
v -7.2083 		-24.6905 		19.125
v -7.2083 		-24.6905 		21.25
v -7.2093 		-24.6905 		21.2515
v -7.2093 		-24.6905 		19.125
v -5.5788 		-24.6905 		21.2515
v -5.5795 		-24.6905 		21.25
v -5.5795 		-24.6905 		19.125
v -5.5788 		-24.6905 		19.125
v -8.8371 		-19.2738 		18.875
v -8.8371 		-19.2738 		16.75
v -7.3712 		-12 		21.5
v -7.3712 		-12 		16.5
v -8.8371 		-17.7262 		16.75
v -8.8371 		-17.7262 		18.875
v 3.0533 		-12 		21.5
v 1.0987 		-25 		21.5
v 3.0533 		-12 		16.5
v 4.5192 		-19.2738 		16.75
v 4.5192 		-19.2738 		18.875
v 4.3564 		-19.2738 		18.875
v 1.0987 		-25 		16.5
v 4.5192 		-17.7262 		18.875
v 4.5192 		-17.7262 		16.75
v -1.1816 		-12 		21.5
v -1.1816 		-12 		16.5
v -3.1362 		-12 		21.5
v 4.3564 		-19.2747 		16.749
v 1.2609 		-25 		21.2515
v 2.8914 		-25 		21.2515
v -3.1362 		-12 		16.5
v 1.2609 		-25 		19.125
v 2.8914 		-25 		19.125
v 4.3564 		-19.2747 		18.875
v 2.8904 		-24.8452 		21.25
v 2.8904 		-24.8452 		19.125
v 1.2616 		-24.8452 		19.125
v 1.2616 		-24.8452 		21.25
v -1.3436 		-12 		21.2515
v -2.9743 		-12 		21.2515
v -2.9743 		-12 		19.125
v -1.3436 		-12 		19.125
v -1.3445 		-12.1548 		19.125
v -1.3445 		-12.1548 		21.25
v -2.9734 		-12.1548 		21.25
v -2.9734 		-12.1548 		19.125
v 4.5192 		-23.2976 		19.125
v 4.5192 		-23.2976 		21.25
v 4.5192 		-21.75 		21.25
v 4.5192 		-21.75 		19.125
v 2.8914 		-25 		16.749
v 1.2609 		-25 		16.749
v 1.2609 		-25 		18.875
v 2.8914 		-25 		18.875
v 2.8904 		-24.8452 		18.875
v 2.8904 		-24.8452 		16.75
v 4.5192 		-23.2976 		16.75
v 4.5192 		-23.2976 		18.875
v 1.2616 		-24.8452 		16.75
v 1.2616 		-24.8452 		18.875
v 4.5192 		-21.75 		18.875
v 4.5192 		-21.75 		16.75
v -2.9743 		-12 		16.749
v -1.3436 		-12 		16.749
v -2.9743 		-12 		18.875
v -1.3436 		-12 		18.875
v -1.3445 		-12.1548 		18.875
v -1.3445 		-12.1548 		16.75
v -2.9734 		-12.1548 		18.875
v -2.9734 		-12.1548 		16.75
v 1.0987 		-12 		21.5
v 1.0987 		-12 		16.5
v -5.4166 		-25 		21.5
v -5.4166 		-25 		16.5
v 2.8914 		-12 		21.2515
v 1.2609 		-12 		21.2515
v 1.2609 		-12 		19.125
v -7.2093 		-25 		21.2515
v -5.5788 		-25 		21.2515
v 2.8914 		-12 		19.125
v 2.8904 		-12.1548 		19.125
v 2.8904 		-12.1548 		21.25
v 1.2616 		-12.1548 		21.25
v 1.2616 		-12.1548 		19.125
v -7.2083 		-24.8452 		19.125
v -7.2083 		-24.8452 		21.25
v -5.5795 		-24.8452 		21.25
v -5.5795 		-24.8452 		19.125
v 1.2609 		-12 		16.749
v 2.8914 		-12 		16.749
v 1.2609 		-12 		18.875
v 2.8914 		-12 		18.875
v 2.8904 		-12.1548 		16.75
v 2.8904 		-12.1548 		18.875
v 1.2616 		-12.1548 		18.875
v 1.2616 		-12.1548 		16.75
v -5.4166 		-12 		21.5
v -5.4166 		-12 		16.5
v -5.5788 		-12 		21.2515
v -7.2093 		-12 		21.2515
v -5.5788 		-12 		19.125
v -7.2093 		-12 		19.125
v -7.2083 		-12.1548 		21.25
v -7.2083 		-12.1548 		19.125
v -5.5795 		-12.1548 		19.125
v -5.5795 		-12.1548 		21.25
v -7.2093 		-12 		16.749
v -5.5788 		-12 		16.749
v -5.5788 		-12 		18.875
v -7.2093 		-12 		18.875
v -7.2083 		-12.1548 		18.875
v -7.2083 		-12.1548 		16.75
v -5.5795 		-12.1548 		16.75
v -5.5795 		-12.1548 		18.875
# 504 vertices

g group_7_40919

usemtl color_40919
s 0

f 677 	678 	680
f 677 	680 	681
f 686 	687 	689
f 686 	689 	690
f 687 	680 	678
f 687 	678 	689
f 687 	686 	681
f 687 	681 	680
f 722 	723 	724
f 722 	724 	725
f 727 	728 	729
f 727 	729 	731
f 728 	722 	725
f 728 	725 	729
f 727 	723 	722
f 727 	722 	728
f 682 	683 	685
f 682 	685 	772
f 789 	790 	791
f 789 	791 	792
f 777 	779 	827
f 777 	827 	828
f 779 	685 	683
f 779 	683 	827
f 683 	682 	828
f 683 	828 	827
f 842 	843 	845
f 842 	845 	846
f 848 	851 	852
f 848 	852 	854
f 854 	845 	843
f 854 	843 	848
f 842 	851 	848
f 842 	848 	843
f 949 	950 	932
f 949 	932 	931
f 938 	937 	955
f 938 	955 	956
f 950 	955 	937
f 950 	937 	932
f 950 	949 	956
f 950 	956 	955
f 979 	980 	981
f 979 	981 	982
f 983 	985 	987
f 983 	987 	988
f 984 	986 	947
f 984 	947 	946
f 980 	987 	985
f 980 	985 	981
f 989 	990 	952
f 989 	952 	951
f 985 	983 	982
f 985 	982 	981
f 946 	952 	990
f 946 	990 	984
f 989 	986 	984
f 989 	984 	990
f 801 	917 	915
f 801 	915 	913
f 650 	1000 	1001
f 650 	1001 	651
f 1002 	654 	653
f 1002 	653 	1003
f 1000 	1002 	1003
f 1000 	1003 	1001
f 650 	654 	1002
f 650 	1002 	1000
f 960 	959 	1007
f 960 	1007 	1008
f 1009 	1011 	962
f 1009 	962 	961
f 1011 	1007 	959
f 1011 	959 	962
f 1011 	1009 	1008
f 1011 	1008 	1007
f 885 	884 	1013
f 885 	1013 	726
f 719 	1014 	896
f 719 	896 	720
f 884 	896 	1014
f 884 	1014 	1013
f 1014 	719 	726
f 1014 	726 	1013
f 790 	801 	913
f 790 	913 	791
f 789 	917 	801
f 789 	801 	790
f 1042 	1043 	969
f 1042 	969 	968
f 1046 	1047 	975
f 1046 	975 	973
f 973 	969 	1043
f 973 	1043 	1046
f 1042 	1047 	1046
f 1042 	1046 	1043
f 1051 	1052 	1053
f 1051 	1053 	704
f 1055 	1056 	695
f 1055 	695 	694
f 1056 	1051 	704
f 1056 	704 	695
f 1055 	1052 	1051
f 1055 	1051 	1056
f 1017 	1016 	1067
f 1017 	1067 	1068
f 1069 	1070 	1020
f 1069 	1020 	1019
f 1016 	1020 	1070
f 1016 	1070 	1067
f 1070 	1069 	1068
f 1070 	1068 	1067
f 1075 	1076 	700
f 1075 	700 	698
f 711 	710 	1077
f 711 	1077 	1078
f 1079 	1080 	762
f 1079 	762 	760
f 1076 	1077 	710
f 1076 	710 	700
f 771 	770 	1081
f 771 	1081 	1082
f 1076 	1075 	1078
f 1076 	1078 	1077
f 770 	762 	1080
f 770 	1080 	1081
f 1080 	1079 	1082
f 1080 	1082 	1081
f 1087 	1088 	1027
f 1087 	1027 	1026
f 1089 	1090 	800
f 1089 	800 	798
f 1091 	1092 	1033
f 1091 	1033 	1032
f 1093 	1094 	810
f 1093 	810 	808
f 1088 	1091 	1032
f 1088 	1032 	1027
f 1094 	1089 	798
f 1094 	798 	810
f 1093 	1090 	1089
f 1093 	1089 	1094
f 1087 	1092 	1091
f 1087 	1091 	1088
f 1100 	1099 	740
f 1100 	740 	738
f 1101 	1102 	747
f 1101 	747 	745
f 738 	747 	1102
f 738 	1102 	1100
f 1101 	1099 	1100
f 1101 	1100 	1102
f 1113 	1114 	794
f 1113 	794 	793
f 807 	806 	1115
f 807 	1115 	1116
f 1117 	1118 	1035
f 1117 	1035 	1034
f 1114 	1115 	806
f 1114 	806 	794
f 1040 	1039 	1119
f 1040 	1119 	1120
f 1114 	1113 	1116
f 1114 	1116 	1115
f 1039 	1035 	1118
f 1039 	1118 	1119
f 1118 	1117 	1120
f 1118 	1120 	1119
f 1125 	1126 	823
f 1125 	823 	822
f 1127 	1128 	826
f 1127 	826 	825
f 822 	826 	1128
f 822 	1128 	1125
f 1127 	1126 	1125
f 1127 	1125 	1128
f 857 	850 	1135
f 857 	1135 	1136
f 1137 	1138 	861
f 1137 	861 	860
f 1138 	1135 	850
f 1138 	850 	861
f 1138 	1137 	1136
f 1138 	1136 	1135
f 1143 	1144 	879
f 1143 	879 	878
f 1145 	1146 	894
f 1145 	894 	893
f 893 	879 	1144
f 893 	1144 	1145
f 1143 	1146 	1145
f 1143 	1145 	1144
# 192 faces

g group_7_12568524

usemtl color_12568524
s 0

f 647 	643 	649
f 644 	649 	643
f 645 	643 	647
f 646 	648 	650
f 646 	650 	651
f 652 	649 	644
f 655 	657 	654
f 653 	654 	657
f 659 	662 	658
f 648 	655 	650
f 654 	650 	655
f 655 	659 	658
f 662 	648 	656
f 656 	658 	662
f 660 	661 	665
f 664 	665 	661
f 659 	655 	645
f 647 	659 	645
f 652 	645 	655
f 655 	648 	652
f 649 	652 	648
f 649 	648 	662
f 666 	667 	661
f 660 	670 	661
f 671 	661 	667
f 674 	669 	668
f 674 	668 	673
f 661 	670 	672
f 661 	672 	666
f 676 	666 	672
f 688 	691 	701
f 664 	693 	688
f 701 	664 	688
f 699 	701 	691
f 715 	717 	712
f 720 	721 	719
f 718 	719 	721
f 705 	706 	716
f 713 	716 	706
f 726 	719 	718
f 701 	699 	676
f 672 	701 	676
f 671 	676 	699
f 699 	693 	671
f 661 	671 	693
f 661 	693 	664
f 736 	744 	733
f 732 	733 	744
f 741 	736 	733
f 742 	732 	744
f 739 	746 	737
f 743 	737 	746
f 752 	761 	751
f 737 	743 	753
f 756 	737 	753
f 758 	757 	751
f 748 	712 	755
f 754 	755 	712
f 759 	761 	752
f 758 	751 	761
f 763 	737 	756
f 766 	767 	755
f 766 	755 	754
f 761 	759 	742
f 744 	761 	742
f 741 	742 	759
f 759 	757 	741
f 736 	741 	757
f 736 	757 	758
f 712 	748 	773
f 712 	773 	715
f 774 	775 	776
f 774 	776 	778
f 743 	780 	753
f 785 	787 	783
f 782 	783 	787
f 715 	773 	723
f 724 	723 	773
f 803 	716 	713
f 803 	713 	804
f 706 	705 	813
f 706 	813 	814
f 767 	766 	727
f 767 	727 	731
f 814 	813 	681
f 677 	681 	813
f 723 	727 	766
f 723 	766 	715
f 814 	681 	804
f 803 	804 	686
f 803 	686 	690
f 674 	673 	818
f 817 	818 	673
f 686 	804 	681
f 766 	821 	715
f 1106 	821 	766
f 821 	824 	715
f 717 	715 	824
f 817 	836 	818
f 833 	818 	836
f 859 	867 	855
f 796 	855 	867
f 862 	859 	855
f 865 	796 	867
f 874 	890 	872
f 875 	876 	869
f 870 	869 	876
f 880 	877 	872
f 876 	875 	887
f 876 	887 	888
f 889 	890 	874
f 880 	872 	890
f 895 	897 	869
f 895 	869 	870
f 846 	897 	842
f 897 	895 	842
f 890 	889 	865
f 867 	890 	865
f 862 	865 	889
f 889 	877 	862
f 859 	862 	877
f 859 	877 	880
f 852 	851 	887
f 888 	887 	851
f 904 	903 	900
f 899 	900 	903
f 888 	851 	842
f 888 	842 	895
f 901 	899 	903
f 837 	902 	776
f 900 	906 	904
f 918 	908 	909
f 776 	775 	837
f 916 	918 	909
f 908 	921 	920
f 918 	921 	908
f 904 	920 	921
f 911 	904 	914
f 921 	914 	904
f 918 	916 	901
f 903 	918 	901
f 906 	901 	916
f 916 	920 	906
f 904 	906 	920
f 924 	890 	925
f 706 	673 	713
f 804 	713 	668
f 867 	925 	890
f 668 	713 	673
f 814 	673 	706
f 919 	926 	922
f 870 	876 	817
f 836 	817 	876
f 834 	919 	922
f 668 	836 	888
f 876 	888 	836
f 817 	895 	870
f 859 	880 	927
f 928 	927 	880
f 859 	925 	867
f 668 	888 	804
f 814 	804 	888
f 888 	895 	814
f 673 	814 	895
f 673 	895 	817
f 925 	859 	927
f 939 	926 	919
f 939 	919 	940
f 943 	944 	945
f 942 	943 	945
f 778 	939 	940
f 778 	940 	774
f 775 	919 	837
f 834 	837 	919
f 744 	707 	784
f 922 	926 	902
f 744 	784 	761
f 776 	902 	926
f 701 	672 	965
f 670 	965 	672
f 936 	855 	933
f 796 	933 	855
f 940 	919 	775
f 940 	775 	774
f 649 	967 	966
f 855 	936 	935
f 855 	935 	862
f 939 	778 	926
f 776 	926 	778
f 934 	933 	796
f 934 	796 	865
f 649 	662 	967
f 862 	949 	865
f 934 	865 	949
f 934 	949 	931
f 862 	935 	956
f 938 	956 	935
f 978 	659 	974
f 647 	974 	659
f 956 	949 	862
f 649 	974 	647
f 787 	977 	840
f 880 	890 	924
f 787 	840 	782
f 966 	974 	649
f 880 	924 	928
f 945 	923 	942
f 717 	991 	832
f 923 	945 	835
f 832 	831 	717
f 644 	643 	992
f 993 	992 	643
f 995 	993 	643
f 995 	643 	645
f 644 	992 	996
f 644 	996 	652
f 839 	838 	997
f 941 	874 	953
f 872 	953 	874
f 979 	982 	996
f 652 	996 	982
f 994 	997 	838
f 877 	954 	953
f 877 	953 	872
f 988 	995 	983
f 995 	645 	983
f 874 	941 	948
f 874 	948 	889
f 983 	645 	982
f 652 	982 	645
f 835 	945 	840
f 782 	840 	945
f 856 	998 	746
f 947 	986 	948
f 889 	948 	986
f 743 	746 	998
f 951 	954 	989
f 954 	877 	989
f 889 	986 	877
f 999 	866 	739
f 662 	659 	978
f 662 	978 	967
f 989 	877 	986
f 923 	977 	787
f 737 	999 	739
f 998 	856 	999
f 929 	918 	930
f 903 	930 	918
f 903 	904 	911
f 903 	911 	930
f 866 	999 	856
f 942 	923 	787
f 783 	944 	943
f 783 	943 	785
f 1006 	998 	1004
f 999 	1004 	998
f 782 	945 	783
f 944 	783 	945
f 718 	1004 	999
f 658 	656 	1010
f 1005 	1010 	656
f 942 	787 	943
f 785 	943 	787
f 1012 	998 	1006
f 658 	1010 	657
f 658 	657 	655
f 648 	646 	1005
f 648 	1005 	656
f 958 	900 	963
f 899 	963 	900
f 964 	963 	899
f 964 	899 	901
f 667 	844 	1021
f 900 	958 	957
f 900 	957 	906
f 667 	666 	844
f 906 	957 	1008
f 960 	1008 	957
f 667 	1021 	1024
f 667 	1024 	671
f 1025 	844 	666
f 1025 	666 	676
f 964 	901 	1009
f 964 	1009 	961
f 772 	1025 	682
f 1025 	676 	682
f 1004 	898 	881
f 1004 	881 	1006
f 777 	828 	1024
f 671 	1024 	828
f 721 	898 	1004
f 721 	1004 	718
f 671 	828 	682
f 671 	682 	676
f 1006 	881 	886
f 1006 	886 	1012
f 753 	905 	912
f 753 	912 	756
f 701 	665 	664
f 886 	726 	1012
f 885 	726 	886
f 718 	1012 	726
f 901 	906 	1009
f 1008 	1009 	906
f 756 	912 	910
f 756 	910 	763
f 780 	907 	905
f 780 	905 	753
f 914 	921 	929
f 907 	780 	789
f 907 	789 	792
f 918 	929 	921
f 780 	763 	917
f 763 	910 	917
f 915 	917 	910
f 917 	789 	780
f 1044 	1045 	873
f 1044 	873 	841
f 999 	737 	763
f 780 	1012 	763
f 743 	998 	780
f 998 	1012 	780
f 1012 	718 	763
f 999 	763 	718
f 665 	701 	965
f 1049 	853 	849
f 1050 	1048 	816
f 1054 	1049 	849
f 1048 	786 	816
f 909 	970 	972
f 1049 	994 	838
f 1057 	692 	1058
f 853 	1049 	838
f 908 	970 	909
f 730 	1058 	692
f 1060 	691 	696
f 688 	696 	691
f 909 	972 	976
f 909 	976 	916
f 1063 	679 	1059
f 920 	971 	970
f 920 	970 	908
f 1063 	684 	679
f 1064 	1061 	1049
f 1062 	994 	1061
f 968 	971 	1042
f 971 	920 	1042
f 916 	1042 	920
f 693 	697 	696
f 693 	696 	688
f 1062 	1065 	994
f 1049 	1061 	994
f 679 	692 	1057
f 975 	1047 	976
f 916 	976 	1047
f 691 	1060 	1066
f 691 	1066 	699
f 679 	1057 	1059
f 1042 	916 	1047
f 699 	1066 	1052
f 1053 	1052 	1066
f 699 	1055 	693
f 697 	693 	1055
f 697 	1055 	694
f 836 	668 	833
f 669 	833 	668
f 1072 	1057 	1071
f 1052 	1055 	699
f 736 	781 	709
f 1063 	1059 	1073
f 1072 	1073 	1059
f 1057 	1072 	1059
f 1074 	1071 	1057
f 758 	781 	736
f 1022 	1062 	1061
f 736 	707 	744
f 1015 	1062 	1022
f 709 	707 	736
f 1023 	1022 	1061
f 1023 	1061 	1064
f 1062 	1015 	1018
f 1062 	1018 	1065
f 1018 	1068 	1065
f 1017 	1068 	1018
f 1019 	1023 	1069
f 1064 	1069 	1023
f 1069 	1064 	1068
f 1065 	1068 	1064
f 1071 	702 	708
f 1071 	708 	1072
f 839 	997 	849
f 769 	733 	764
f 732 	764 	733
f 1072 	708 	714
f 1072 	714 	1073
f 733 	769 	768
f 733 	768 	741
f 703 	702 	1071
f 703 	1071 	1074
f 1054 	849 	997
f 765 	764 	732
f 765 	732 	742
f 760 	765 	1079
f 765 	742 	1079
f 741 	1079 	742
f 703 	1074 	1075
f 703 	1075 	698
f 771 	1082 	768
f 741 	768 	1082
f 1083 	1084 	997
f 1054 	997 	1084
f 1073 	714 	1078
f 711 	1078 	714
f 1079 	741 	1082
f 1049 	1054 	1085
f 1084 	1085 	1054
f 781 	758 	784
f 1074 	1073 	1075
f 1078 	1075 	1073
f 1083 	997 	1086
f 994 	1086 	997
f 784 	758 	761
f 1063 	730 	684
f 730 	1063 	1058
f 1096 	1058 	1095
f 1063 	1097 	1095
f 1057 	1058 	1098
f 1096 	1098 	1058
f 1063 	1095 	1058
f 734 	1099 	1098
f 740 	1099 	734
f 795 	752 	811
f 751 	811 	752
f 1031 	1084 	1028
f 1083 	1028 	1084
f 757 	812 	811
f 757 	811 	751
f 745 	750 	1101
f 1097 	1101 	750
f 1084 	1031 	1030
f 1084 	1030 	1085
f 752 	795 	802
f 752 	802 	759
f 759 	802 	1090
f 800 	1090 	802
f 1086 	1029 	1028
f 1086 	1028 	1083
f 1097 	1098 	1099
f 1097 	1099 	1101
f 759 	1090 	757
f 812 	757 	1093
f 812 	1093 	808
f 1029 	1086 	1087
f 1029 	1087 	1026
f 1093 	757 	1090
f 1097 	1073 	1098
f 1063 	1073 	1097
f 1073 	1074 	1098
f 1057 	1098 	1074
f 1085 	1030 	1092
f 1033 	1092 	1030
f 1095 	735 	1096
f 1086 	1085 	1087
f 1092 	1087 	1085
f 1104 	815 	1103
f 1095 	749 	735
f 1086 	1065 	1085
f 994 	1065 	1086
f 1065 	1064 	1085
f 1049 	1085 	1064
f 788 	1103 	815
f 1097 	750 	749
f 1097 	749 	1095
f 786 	1103 	788
f 1106 	868 	1105
f 1096 	735 	734
f 1096 	734 	1098
f 871 	868 	1106
f 1048 	1103 	786
f 1103 	1048 	1108
f 991 	1105 	868
f 991 	868 	832
f 1104 	1103 	1109
f 1108 	1109 	1103
f 1105 	991 	1111
f 1112 	1107 	1048
f 1107 	1108 	1048
f 1106 	1105 	821
f 1111 	821 	1105
f 1110 	1111 	991
f 1110 	991 	824
f 717 	824 	991
f 1110 	1038 	1111
f 1107 	797 	805
f 1107 	805 	1108
f 1038 	1110 	1036
f 1108 	805 	809
f 1108 	809 	1109
f 1111 	1038 	1041
f 1111 	1041 	821
f 799 	797 	1107
f 799 	1107 	1112
f 1037 	1036 	1110
f 1037 	1110 	824
f 799 	1112 	1113
f 799 	1113 	793
f 824 	821 	1117
f 1034 	1037 	1117
f 824 	1117 	1037
f 1109 	809 	1116
f 807 	1116 	809
f 1041 	1120 	821
f 1040 	1120 	1041
f 1112 	1109 	1113
f 1116 	1113 	1109
f 821 	1120 	1117
f 717 	871 	1106
f 1104 	1050 	815
f 816 	815 	1050
f 871 	717 	831
f 712 	717 	754
f 1106 	754 	717
f 754 	1106 	766
f 1122 	1050 	1121
f 1104 	1121 	1050
f 1104 	1123 	1121
f 1048 	1050 	1124
f 1122 	1124 	1050
f 829 	1122 	1121
f 820 	1122 	829
f 1123 	830 	829
f 1123 	829 	1121
f 1122 	820 	819
f 1122 	819 	1124
f 819 	1126 	1124
f 823 	1126 	819
f 825 	830 	1127
f 1123 	1127 	830
f 1127 	1123 	1126
f 1124 	1126 	1123
f 1123 	1109 	1124
f 1104 	1109 	1123
f 1109 	1112 	1124
f 1048 	1124 	1112
f 1129 	675 	663
f 1130 	1129 	663
f 841 	675 	1129
f 841 	1129 	1044
f 1132 	1044 	1131
f 1133 	1131 	1129
f 1134 	1044 	1132
f 1129 	1131 	1044
f 847 	1132 	863
f 1131 	863 	1132
f 864 	863 	1131
f 864 	1131 	1133
f 1132 	847 	858
f 1132 	858 	1134
f 1134 	858 	1136
f 857 	1136 	858
f 864 	1133 	1137
f 864 	1137 	860
f 1136 	1137 	1133
f 1136 	1133 	1134
f 663 	873 	1130
f 1130 	873 	1045
f 1130 	1045 	1140
f 1129 	1130 	1141
f 1140 	1141 	1130
f 1139 	1045 	1142
f 1139 	1140 	1045
f 1044 	1142 	1045
f 1139 	892 	1140
f 1139 	882 	892
f 1140 	892 	891
f 1140 	891 	1141
f 1142 	883 	882
f 1142 	882 	1139
f 878 	883 	1143
f 1142 	1143 	883
f 891 	1146 	1141
f 894 	1146 	891
f 1146 	1143 	1141
f 1142 	1141 	1143
f 1142 	1134 	1141
f 1044 	1134 	1142
f 1134 	1133 	1141
f 1129 	1141 	1133
# 588 faces

g group_7_14860437

usemtl color_14860437
s 0

f 675 	922 	679
f 663 	675 	679
f 679 	684 	663
f 923 	663 	684
f 692 	679 	902
f 696 	697 	695
f 694 	695 	697
f 702 	703 	700
f 698 	700 	703
f 695 	704 	696
f 711 	714 	710
f 708 	710 	714
f 700 	710 	708
f 700 	708 	702
f 923 	684 	730
f 734 	735 	738
f 734 	738 	740
f 749 	750 	747
f 745 	747 	750
f 764 	765 	762
f 760 	762 	765
f 768 	769 	770
f 768 	770 	771
f 762 	770 	769
f 762 	769 	764
f 747 	738 	735
f 747 	735 	749
f 786 	788 	902
f 781 	784 	840
f 797 	799 	794
f 793 	794 	799
f 800 	802 	798
f 795 	798 	802
f 807 	809 	806
f 805 	806 	809
f 811 	812 	810
f 808 	810 	812
f 794 	806 	805
f 794 	805 	797
f 795 	811 	798
f 810 	798 	811
f 816 	977 	815
f 819 	820 	822
f 819 	822 	823
f 829 	830 	826
f 825 	826 	830
f 832 	834 	831
f 835 	831 	834
f 820 	829 	822
f 826 	822 	829
f 839 	840 	838
f 837 	838 	840
f 841 	922 	675
f 857 	858 	850
f 847 	850 	858
f 853 	837 	856
f 849 	853 	856
f 856 	746 	849
f 835 	840 	746
f 863 	864 	861
f 860 	861 	864
f 847 	863 	850
f 861 	850 	863
f 837 	834 	866
f 739 	866 	868
f 868 	871 	739
f 835 	739 	871
f 856 	837 	866
f 882 	883 	879
f 878 	879 	883
f 885 	886 	884
f 881 	884 	886
f 891 	892 	893
f 891 	893 	894
f 898 	721 	896
f 720 	896 	721
f 879 	893 	892
f 879 	892 	882
f 896 	884 	881
f 896 	881 	898
f 739 	835 	746
f 905 	907 	791
f 792 	791 	907
f 818 	835 	674
f 835 	834 	674
f 905 	913 	912
f 910 	912 	913
f 910 	913 	915
f 923 	835 	914
f 911 	914 	833
f 833 	669 	911
f 669 	834 	911
f 922 	923 	924
f 922 	924 	925
f 928 	929 	927
f 923 	929 	928
f 929 	930 	927
f 922 	927 	930
f 927 	922 	925
f 933 	934 	932
f 931 	932 	934
f 935 	936 	937
f 935 	937 	938
f 932 	937 	936
f 932 	936 	933
f 928 	924 	923
f 947 	948 	946
f 941 	946 	948
f 953 	954 	952
f 951 	952 	954
f 941 	953 	946
f 952 	946 	953
f 911 	922 	930
f 957 	958 	959
f 957 	959 	960
f 963 	964 	962
f 961 	962 	964
f 962 	959 	958
f 962 	958 	963
f 914 	929 	923
f 970 	971 	969
f 968 	969 	971
f 972 	970 	973
f 975 	976 	973
f 972 	973 	976
f 969 	973 	970
f 674 	834 	669
f 922 	911 	834
f 813 	705 	678
f 813 	678 	677
f 716 	803 	689
f 690 	689 	803
f 705 	716 	678
f 689 	678 	716
f 818 	833 	835
f 833 	914 	835
f 869 	897 	845
f 846 	845 	897
f 852 	887 	854
f 875 	854 	887
f 845 	854 	875
f 845 	875 	869
f 791 	913 	905
f 838 	837 	853
f 1017 	1018 	1016
f 1015 	1016 	1018
f 1022 	1023 	1020
f 1019 	1020 	1023
f 1015 	1022 	1016
f 1020 	1016 	1022
f 849 	746 	840
f 839 	849 	840
f 1028 	1029 	1027
f 1026 	1027 	1029
f 1030 	1031 	1032
f 1030 	1032 	1033
f 1027 	1032 	1031
f 1027 	1031 	1028
f 868 	866 	834
f 832 	868 	834
f 1036 	1037 	1035
f 1034 	1035 	1037
f 1040 	1041 	1039
f 1038 	1039 	1041
f 1035 	1039 	1038
f 1035 	1038 	1036
f 831 	835 	871
f 773 	748 	725
f 773 	725 	724
f 755 	767 	729
f 731 	729 	767
f 748 	755 	725
f 729 	725 	755
f 837 	840 	784
f 837 	784 	707
f 707 	709 	837
f 840 	965 	781
f 709 	781 	965
f 965 	670 	709
f 670 	837 	709
f 977 	902 	967
f 966 	967 	902
f 977 	978 	665
f 660 	665 	978
f 978 	974 	660
f 974 	902 	660
f 837 	660 	902
f 966 	902 	974
f 996 	992 	980
f 996 	980 	979
f 993 	995 	987
f 988 	987 	995
f 992 	993 	980
f 987 	980 	993
f 967 	978 	977
f 1005 	646 	1001
f 651 	1001 	646
f 653 	657 	1003
f 1010 	1003 	657
f 1001 	1003 	1010
f 1001 	1010 	1005
f 660 	837 	670
f 844 	1025 	685
f 772 	685 	1025
f 844 	779 	1021
f 1024 	1021 	779
f 1024 	779 	777
f 685 	779 	844
f 840 	977 	665
f 965 	840 	665
f 1060 	696 	704
f 1053 	1066 	704
f 1060 	704 	1066
f 902 	679 	922
f 922 	841 	873
f 873 	663 	923
f 922 	873 	923
f 786 	902 	816
f 902 	977 	816
f 923 	730 	977
f 902 	788 	692
f 788 	815 	692
f 730 	692 	815
f 815 	977 	730
# 224 faces

 #end of obj_7

o obj_8
v -13.3179 		-15.2506 		21.2515
v -13.3179 		-13.7015 		21.2515
v -13.3179 		-15.2506 		19.125
v -13.6436 		-13.7015 		18.875
v -13.3179 		-15.4048 		21.5
v -13.3179 		-13.7015 		18.875
v -13.3179 		-13.5476 		21.5
v -13.4808 		-13.7024 		18.875
v -13.6436 		-13.7024 		18.875
v -13.3179 		-13.7015 		19.125
v -13.6436 		-15.25 		18.875
v -13.4808 		-15.25 		18.875
v -13.3179 		-15.2506 		18.875
v -13.3179 		-13.7015 		16.749
v -13.6436 		-15.2506 		18.875
v -13.3179 		-15.2506 		16.749
v -13.3179 		-15.4048 		16.5
v -13.6436 		-17.5714 		21.5
v -13.3179 		-17.5714 		21.5
v -13.3179 		-13.5476 		16.5
v -23.4166 		-12.3095 		16.5
v -13.3179 		-17.5714 		16.5
v -13.6436 		-17.5714 		16.5
v -13.3179 		-19.2747 		21.2515
v -13.3179 		-17.7253 		21.2515
v -27 		-21.5952 		21.5
v -26.6742 		-21.5952 		21.5
v -13.6436 		-19.4286 		21.5
v -13.3179 		-17.7253 		19.125
v -13.3179 		-19.4286 		21.5
v -27 		-23.4524 		21.5
v -26.6742 		-23.4524 		21.5
v -23.4166 		-12.3095 		21.5
v -13.3179 		-19.2747 		19.125
v -26.6742 		-23.2976 		19.125
v -26.6742 		-23.2976 		21.25
v -21.1362 		-12.3095 		21.5
v -26.8371 		-23.2976 		21.25
v -26.8371 		-23.2976 		19.125
v -13.4808 		-19.2738 		19.125
v -13.4808 		-19.2738 		21.25
v -21.1362 		-12.3095 		16.5
v -13.6436 		-19.2738 		21.25
v -26.8371 		-21.75 		19.125
v -26.8371 		-21.75 		21.25
v -13.3179 		-17.7253 		16.749
v -26.6742 		-21.75 		21.25
v -26.6742 		-21.75 		19.125
v -13.3179 		-19.2747 		16.749
v -19.1816 		-12.3095 		21.5
v -13.3179 		-17.7253 		18.875
v -13.6436 		-17.7262 		18.875
v -13.6436 		-17.7262 		16.75
v -13.6436 		-17.7253 		16.749
v -13.6436 		-17.7253 		18.875
v -19.3445 		-12.3095 		19.125
v -13.3179 		-19.2747 		18.875
v -19.3445 		-12.3095 		21.25
v -13.3179 		-19.4286 		16.5
v -19.3436 		-12.3095 		21.2515
v -19.3436 		-12.3095 		19.125
v -13.6436 		-19.2738 		16.75
v -26.6742 		-23.2985 		21.2515
v -27 		-23.2985 		21.2515
v -13.6436 		-23.4524 		21.5
v -20.9743 		-12.3095 		21.2515
v -13.6436 		-21.5952 		21.5
v -20.9734 		-12.3095 		21.25
v -20.9734 		-12.3095 		19.125
v -25.2093 		-25 		16.749
v -27 		-21.7494 		21.2515
v -20.9743 		-12.3095 		19.125
v -25.2093 		-25 		18.875
v -26.6742 		-21.7494 		21.2515
v -25.3712 		-25 		16.5
v -20.9743 		-25 		19.125
v -20.9734 		-24.8452 		19.125
v -20.9734 		-24.6905 		19.125
v -20.9743 		-24.6905 		19.125
v -25.2083 		-24.8452 		16.75
v -25.2083 		-24.8452 		18.875
v -25.2083 		-24.6905 		18.875
v -25.2083 		-24.6905 		16.75
v -19.3445 		-24.8452 		19.125
v -23.5795 		-24.8452 		18.875
v -23.5795 		-24.8452 		16.75
v -23.5795 		-24.6905 		16.75
v -19.1816 		-12.3095 		16.5
v -23.5795 		-24.6905 		18.875
v -13.3179 		-23.2985 		21.2515
v -13.3179 		-21.7494 		21.2515
v -19.3436 		-12.3095 		18.875
v -19.3436 		-12.3095 		16.749
v -13.3179 		-21.5952 		21.5
v -21.1362 		-25 		16.5
v -19.3445 		-12.3095 		16.75
v -21.1362 		-24.6905 		16.5
v -19.3445 		-12.3095 		18.875
v -13.3179 		-21.7494 		19.125
v -13.3179 		-23.2985 		19.125
v -19.1816 		-25 		16.5
v -13.3179 		-23.4524 		21.5
v -20.9734 		-12.3095 		18.875
v -19.1816 		-24.6905 		16.5
v -20.9734 		-12.3095 		16.75
v -25.2093 		-24.6905 		16.749
v -20.9743 		-12.3095 		16.749
v -20.9743 		-12.3095 		18.875
v -13.3179 		-21.7494 		16.749
v -13.3179 		-23.2985 		16.749
v -19.3436 		-25 		16.749
v -23.5788 		-25 		16.749
v -23.5788 		-24.6905 		16.749
v -20.9743 		-25 		16.749
v -13.3179 		-21.7494 		18.875
v -13.3179 		-21.5952 		16.5
v -13.3179 		-23.2985 		18.875
v -13.6436 		-23.2976 		19.125
v -13.3179 		-23.4524 		16.5
v -13.6436 		-23.2976 		21.25
v -20.9743 		-25 		18.875
v -13.6436 		-23.2985 		21.2515
v -13.6436 		-23.2985 		19.125
v -23.5788 		-25 		18.875
v -23.5788 		-24.6905 		18.875
v -13.6436 		-21.7494 		19.125
v -13.6436 		-21.7494 		21.2515
v -13.6436 		-21.75 		21.25
v -13.6436 		-21.75 		19.125
v -13.6436 		-19.2738 		19.125
v -25.2093 		-24.6905 		18.875
v -13.3179 		-25 		24
v -13.3179 		-25 		23
v -13.3179 		-12 		23
v -13.6436 		-17.7262 		19.125
v -13.3179 		-12 		24
v -13.6436 		-17.7262 		21.25
v -19.3436 		-25 		18.875
v -13.6436 		-21.5952 		16.5
v -13.3179 		-25 		15
v -13.3179 		-25 		14
v -13.6436 		-23.4524 		16.5
v -13.3179 		-12 		14
v -14.9467 		-12.3095 		21.5
v -13.3179 		-12 		15
v -16.9013 		-12.3095 		21.5
v -19.3445 		-24.8452 		18.875
v -19.3445 		-24.8452 		16.75
v -19.3445 		-24.6905 		16.75
v -19.3445 		-24.6905 		18.875
v -15.1096 		-12.3095 		19.125
v -15.1096 		-12.3095 		21.25
v -13.6436 		-23.2985 		16.749
v -27 		-13.7015 		21.2515
v -15.1086 		-12.3095 		21.2515
v -13.6436 		-23.2976 		16.75
v -15.1086 		-12.3095 		19.125
v -13.6436 		-23.2976 		18.875
v -20.9734 		-24.8452 		16.75
v -13.6436 		-23.2985 		18.875
v -26.6742 		-21.7494 		19.125
v -27 		-21.7494 		19.125
v -16.7391 		-12.3095 		21.2515
v -16.7384 		-12.3095 		21.25
v -16.7384 		-12.3095 		19.125
v -13.6436 		-21.75 		18.875
v -16.7391 		-12.3095 		19.125
v -13.6436 		-21.75 		16.75
v -13.6436 		-21.7494 		16.749
v -13.6436 		-21.7494 		18.875
v -26.6742 		-23.2985 		19.125
v -27 		-23.2985 		19.125
v -16.9013 		-12.3095 		16.5
v -14.9467 		-12.3095 		16.5
v -27 		-23.4524 		16.5
v -26.6742 		-23.4524 		16.5
v -15.1086 		-12.3095 		18.875
v -15.1086 		-12.3095 		16.749
v -23.5788 		-25 		19.125
v -15.1096 		-12.3095 		16.75
v -15.1096 		-12.3095 		18.875
v -25.2093 		-25 		19.125
v -16.7384 		-12.3095 		18.875
v -16.7384 		-12.3095 		16.75
v -13.4808 		-17.7262 		21.25
v -13.4808 		-17.7262 		19.125
v -16.7391 		-12.3095 		16.749
v -16.7391 		-12.3095 		18.875
v -25.3712 		-24.6905 		16.5
v -25.3712 		-24.6905 		21.5
v -26.6742 		-21.5952 		16.5
v -26.6742 		-24.6905 		23
v -26.6742 		-24.6905 		15
v -27 		-21.5952 		16.5
v -13.6436 		-24.6905 		23
v -14.9467 		-24.6905 		21.5
v -14.9467 		-24.6905 		16.5
v -13.6436 		-24.6905 		15
v -25.3712 		-12.3095 		21.5
v -26.8371 		-23.2976 		18.875
v -26.8371 		-23.2976 		16.75
v -13.6436 		-19.2747 		21.2515
v -26.6742 		-23.2976 		16.75
v -26.6742 		-23.2976 		18.875
v -25.2093 		-12.3095 		21.2515
v -26.8371 		-21.75 		16.75
v -16.9013 		-24.6905 		16.5
v -25.2083 		-12.3095 		21.25
v -26.8371 		-21.75 		18.875
v -26.6742 		-21.75 		18.875
v -16.9013 		-24.6905 		21.5
v -26.6742 		-21.75 		16.75
v -27 		-15.2506 		21.2515
v -19.1816 		-24.6905 		21.5
v -25.2083 		-12.3095 		19.125
v -25.2093 		-12.3095 		19.125
v -27 		-15.4048 		21.5
v -23.5795 		-12.3095 		19.125
v -23.5795 		-12.3095 		21.25
v -27 		-15.2506 		19.125
v -23.5788 		-12.3095 		21.2515
v -23.5788 		-12.3095 		19.125
v -27 		-13.7015 		19.125
v -21.1362 		-24.6905 		21.5
v -27 		-13.5476 		21.5
v -23.4166 		-24.6905 		21.5
v -26.6742 		-23.2985 		16.749
v -27 		-23.2985 		16.749
v -23.4166 		-24.6905 		16.5
v -27 		-15.2506 		16.749
v -25.3712 		-12.3095 		16.5
v -27 		-13.7015 		16.749
v -26.6742 		-21.7494 		16.749
v -27 		-21.7494 		16.749
v -27 		-15.2506 		18.875
v -25.2083 		-12.3095 		18.875
v -25.2083 		-12.3095 		16.75
v -27 		-15.4048 		16.5
v -19.3436 		-24.6905 		21.2515
v -25.2093 		-12.3095 		16.749
v -25.2093 		-12.3095 		18.875
v -19.3445 		-24.6905 		21.25
v -19.3445 		-24.6905 		19.125
v -19.3436 		-24.6905 		19.125
v -26.6742 		-21.7494 		18.875
v -27 		-21.7494 		18.875
v -27 		-13.7015 		18.875
v -27 		-13.5476 		16.5
v -23.5788 		-12.3095 		18.875
v -23.5788 		-12.3095 		16.749
v -23.5795 		-12.3095 		16.75
v -23.5795 		-12.3095 		18.875
v -27 		-23.2985 		18.875
v -20.9734 		-24.6905 		21.25
v -26.6742 		-23.2985 		18.875
v -20.9743 		-24.6905 		21.2515
v -27 		-17.7253 		21.2515
v -27 		-19.2747 		21.2515
v -27 		-17.7253 		19.125
v -13.6436 		-12.3095 		23
v -27 		-17.5714 		21.5
v -27 		-19.4286 		21.5
v -19.3436 		-24.6905 		16.749
v -27 		-19.2747 		19.125
v -19.3436 		-24.6905 		18.875
v -27 		-19.2747 		16.749
v -27 		-17.7253 		16.749
v -20.9743 		-24.6905 		18.875
v -26.6742 		-19.4286 		21.5
v -20.9743 		-24.6905 		16.749
v -20.9734 		-24.6905 		16.75
v -26.6742 		-19.4286 		16.5
v -20.9734 		-24.6905 		18.875
v -27 		-17.7253 		18.875
v -20.9734 		-24.8452 		18.875
v -27 		-17.5714 		16.5
v -27 		-25 		23
v -27 		-19.2747 		18.875
v -27 		-19.4286 		16.5
v -26.6742 		-12.3095 		23
v -26.6742 		-12.3095 		15
v -26.6742 		-13.5476 		16.5
v -26.6742 		-13.5476 		21.5
v -27 		-12 		23
v -26.6742 		-15.4048 		21.5
v -26.6742 		-15.4048 		16.5
v -26.6742 		-17.5714 		16.5
v -26.6742 		-17.5714 		21.5
v -26.6742 		-13.7024 		19.125
v -26.6742 		-13.7024 		21.25
v -26.6742 		-13.7015 		21.2515
v -26.6742 		-13.7015 		19.125
v -26.6742 		-15.2506 		19.125
v -26.6742 		-15.2506 		21.2515
v -26.6742 		-15.25 		21.25
v -26.6742 		-15.25 		19.125
v -27 		-12 		24
v -27 		-25 		24
v -26.6742 		-13.7015 		16.749
v -27 		-12 		15
v -27 		-12 		14
v -27 		-25 		14
v -27 		-25 		15
v -26.6742 		-13.7024 		16.75
v -26.6742 		-13.7024 		18.875
v -26.6742 		-13.7015 		18.875
v -26.8371 		-13.7024 		19.125
v -26.8371 		-13.7024 		21.25
v -26.6742 		-15.25 		18.875
v -26.6742 		-15.25 		16.75
v -26.6742 		-15.2506 		16.749
v -26.6742 		-15.2506 		18.875
v -26.8371 		-15.25 		21.25
v -26.8371 		-15.25 		19.125
v -26.6742 		-19.2747 		19.125
v -26.6742 		-19.2747 		21.2515
v -26.6742 		-19.2738 		21.25
v -26.6742 		-19.2738 		19.125
v -26.6742 		-17.7262 		19.125
v -26.6742 		-17.7262 		21.25
v -26.6742 		-17.7253 		21.2515
v -26.6742 		-17.7253 		19.125
v -13.6436 		-19.4286 		16.5
v -13.6436 		-13.5476 		21.5
v -13.6436 		-13.5476 		16.5
v -26.6742 		-19.2738 		18.875
v -26.6742 		-19.2738 		16.75
v -26.6742 		-19.2747 		16.749
v -26.6742 		-19.2747 		18.875
v -26.6742 		-17.7253 		16.749
v -26.6742 		-17.7262 		16.75
v -13.6436 		-15.4048 		21.5
v -26.6742 		-17.7262 		18.875
v -26.6742 		-17.7253 		18.875
v -13.6436 		-12.3095 		15
v -13.6436 		-15.4048 		16.5
v -13.6436 		-13.7024 		19.125
v -13.6436 		-13.7024 		21.25
v -13.4808 		-13.7024 		21.25
v -13.4808 		-13.7024 		19.125
v -13.4808 		-15.25 		19.125
v -26.8371 		-13.7024 		16.75
v -13.4808 		-15.25 		21.25
v -26.8371 		-13.7024 		18.875
v -13.6436 		-15.25 		21.25
v -13.6436 		-15.25 		19.125
v -26.8371 		-15.25 		18.875
v -26.8371 		-15.25 		16.75
v -25.3712 		-25 		21.5
v -13.6436 		-13.7015 		21.2515
v -13.6436 		-15.2506 		21.2515
v -14.9467 		-25 		21.5
v -13.6436 		-15.2506 		19.125
v -13.6436 		-13.7015 		19.125
v -14.9467 		-25 		16.5
v -19.1816 		-25 		21.5
v -21.1362 		-25 		21.5
v -13.4808 		-13.7024 		16.75
v -13.6436 		-13.7024 		16.75
v -13.4808 		-15.25 		16.75
v -13.6436 		-15.25 		16.75
v -20.9743 		-25 		21.2515
v -13.6436 		-13.7015 		16.749
v -19.3436 		-25 		21.2515
v -26.8371 		-19.2738 		21.25
v -26.8371 		-19.2738 		19.125
v -26.8371 		-17.7262 		19.125
v -13.6436 		-15.2506 		16.749
v -26.8371 		-17.7262 		21.25
v -19.3436 		-25 		19.125
v -19.3445 		-24.8452 		21.25
v -20.9734 		-24.8452 		21.25
v -15.1086 		-24.6905 		21.2515
v -15.1096 		-24.6905 		21.25
v -15.1096 		-24.6905 		19.125
v -15.1086 		-24.6905 		19.125
v -16.7384 		-24.6905 		19.125
v -16.7384 		-24.6905 		21.25
v -13.6436 		-17.7253 		21.2515
v -16.7391 		-24.6905 		21.2515
v -16.7391 		-24.6905 		19.125
v -13.6436 		-17.7253 		19.125
v -13.6436 		-19.2747 		19.125
v -15.1096 		-24.6905 		18.875
v -15.1096 		-24.6905 		16.75
v -15.1086 		-24.6905 		16.749
v -15.1086 		-24.6905 		18.875
v -16.7391 		-24.6905 		18.875
v -16.7391 		-24.6905 		16.749
v -16.7384 		-24.6905 		16.75
v -16.7384 		-24.6905 		18.875
v -25.2083 		-24.6905 		19.125
v -25.2083 		-24.6905 		21.25
v -25.2093 		-24.6905 		21.2515
v -25.2093 		-24.6905 		19.125
v -23.5788 		-24.6905 		21.2515
v -23.5795 		-24.6905 		21.25
v -23.5795 		-24.6905 		19.125
v -23.5788 		-24.6905 		19.125
v -26.8371 		-19.2738 		18.875
v -26.8371 		-19.2738 		16.75
v -25.3712 		-12 		21.5
v -25.3712 		-12 		16.5
v -26.8371 		-17.7262 		16.75
v -26.8371 		-17.7262 		18.875
v -14.9467 		-12 		21.5
v -16.9013 		-25 		21.5
v -14.9467 		-12 		16.5
v -13.4808 		-19.2738 		16.75
v -13.4808 		-19.2738 		18.875
v -13.6436 		-19.2738 		18.875
v -16.9013 		-25 		16.5
v -13.4808 		-17.7262 		18.875
v -13.4808 		-17.7262 		16.75
v -19.1816 		-12 		21.5
v -19.1816 		-12 		16.5
v -21.1362 		-12 		21.5
v -13.6436 		-19.2747 		16.749
v -16.7391 		-25 		21.2515
v -15.1086 		-25 		21.2515
v -21.1362 		-12 		16.5
v -16.7391 		-25 		19.125
v -15.1086 		-25 		19.125
v -13.6436 		-19.2747 		18.875
v -15.1096 		-24.8452 		21.25
v -15.1096 		-24.8452 		19.125
v -16.7384 		-24.8452 		19.125
v -16.7384 		-24.8452 		21.25
v -19.3436 		-12 		21.2515
v -20.9743 		-12 		21.2515
v -20.9743 		-12 		19.125
v -19.3436 		-12 		19.125
v -19.3445 		-12.1548 		19.125
v -19.3445 		-12.1548 		21.25
v -20.9734 		-12.1548 		21.25
v -20.9734 		-12.1548 		19.125
v -13.4808 		-23.2976 		19.125
v -13.4808 		-23.2976 		21.25
v -13.4808 		-21.75 		21.25
v -13.4808 		-21.75 		19.125
v -15.1086 		-25 		16.749
v -16.7391 		-25 		16.749
v -16.7391 		-25 		18.875
v -15.1086 		-25 		18.875
v -15.1096 		-24.8452 		18.875
v -15.1096 		-24.8452 		16.75
v -13.4808 		-23.2976 		16.75
v -13.4808 		-23.2976 		18.875
v -16.7384 		-24.8452 		16.75
v -16.7384 		-24.8452 		18.875
v -13.4808 		-21.75 		18.875
v -13.4808 		-21.75 		16.75
v -20.9743 		-12 		16.749
v -19.3436 		-12 		16.749
v -20.9743 		-12 		18.875
v -19.3436 		-12 		18.875
v -19.3445 		-12.1548 		18.875
v -19.3445 		-12.1548 		16.75
v -20.9734 		-12.1548 		18.875
v -20.9734 		-12.1548 		16.75
v -16.9013 		-12 		21.5
v -16.9013 		-12 		16.5
v -23.4166 		-25 		21.5
v -23.4166 		-25 		16.5
v -15.1086 		-12 		21.2515
v -16.7391 		-12 		21.2515
v -16.7391 		-12 		19.125
v -25.2093 		-25 		21.2515
v -23.5788 		-25 		21.2515
v -15.1086 		-12 		19.125
v -15.1096 		-12.1548 		19.125
v -15.1096 		-12.1548 		21.25
v -16.7384 		-12.1548 		21.25
v -16.7384 		-12.1548 		19.125
v -25.2083 		-24.8452 		19.125
v -25.2083 		-24.8452 		21.25
v -23.5795 		-24.8452 		21.25
v -23.5795 		-24.8452 		19.125
v -16.7391 		-12 		16.749
v -15.1086 		-12 		16.749
v -16.7391 		-12 		18.875
v -15.1086 		-12 		18.875
v -15.1096 		-12.1548 		16.75
v -15.1096 		-12.1548 		18.875
v -16.7384 		-12.1548 		18.875
v -16.7384 		-12.1548 		16.75
v -23.4166 		-12 		21.5
v -23.4166 		-12 		16.5
v -23.5788 		-12 		21.2515
v -25.2093 		-12 		21.2515
v -23.5788 		-12 		19.125
v -25.2093 		-12 		19.125
v -25.2083 		-12.1548 		21.25
v -25.2083 		-12.1548 		19.125
v -23.5795 		-12.1548 		19.125
v -23.5795 		-12.1548 		21.25
v -25.2093 		-12 		16.749
v -23.5788 		-12 		16.749
v -23.5788 		-12 		18.875
v -25.2093 		-12 		18.875
v -25.2083 		-12.1548 		18.875
v -25.2083 		-12.1548 		16.75
v -23.5795 		-12.1548 		16.75
v -23.5795 		-12.1548 		18.875
# 504 vertices

g group_8_40919

usemtl color_40919
s 0

f 1181 	1182 	1184
f 1181 	1184 	1185
f 1190 	1191 	1193
f 1190 	1193 	1194
f 1191 	1184 	1182
f 1191 	1182 	1193
f 1191 	1190 	1185
f 1191 	1185 	1184
f 1226 	1227 	1228
f 1226 	1228 	1229
f 1231 	1232 	1233
f 1231 	1233 	1235
f 1232 	1226 	1229
f 1232 	1229 	1233
f 1231 	1227 	1226
f 1231 	1226 	1232
f 1186 	1187 	1189
f 1186 	1189 	1276
f 1293 	1294 	1295
f 1293 	1295 	1296
f 1281 	1283 	1331
f 1281 	1331 	1332
f 1283 	1189 	1187
f 1283 	1187 	1331
f 1187 	1186 	1332
f 1187 	1332 	1331
f 1346 	1347 	1349
f 1346 	1349 	1350
f 1352 	1355 	1356
f 1352 	1356 	1358
f 1358 	1349 	1347
f 1358 	1347 	1352
f 1346 	1355 	1352
f 1346 	1352 	1347
f 1453 	1454 	1436
f 1453 	1436 	1435
f 1442 	1441 	1459
f 1442 	1459 	1460
f 1454 	1459 	1441
f 1454 	1441 	1436
f 1454 	1453 	1460
f 1454 	1460 	1459
f 1483 	1484 	1485
f 1483 	1485 	1486
f 1487 	1489 	1491
f 1487 	1491 	1492
f 1488 	1490 	1451
f 1488 	1451 	1450
f 1484 	1491 	1489
f 1484 	1489 	1485
f 1493 	1494 	1456
f 1493 	1456 	1455
f 1489 	1487 	1486
f 1489 	1486 	1485
f 1450 	1456 	1494
f 1450 	1494 	1488
f 1493 	1490 	1488
f 1493 	1488 	1494
f 1305 	1421 	1419
f 1305 	1419 	1417
f 1154 	1504 	1505
f 1154 	1505 	1155
f 1506 	1158 	1157
f 1506 	1157 	1507
f 1504 	1506 	1507
f 1504 	1507 	1505
f 1154 	1158 	1506
f 1154 	1506 	1504
f 1464 	1463 	1511
f 1464 	1511 	1512
f 1513 	1515 	1466
f 1513 	1466 	1465
f 1515 	1511 	1463
f 1515 	1463 	1466
f 1515 	1513 	1512
f 1515 	1512 	1511
f 1389 	1388 	1517
f 1389 	1517 	1230
f 1223 	1518 	1400
f 1223 	1400 	1224
f 1388 	1400 	1518
f 1388 	1518 	1517
f 1518 	1223 	1230
f 1518 	1230 	1517
f 1294 	1305 	1417
f 1294 	1417 	1295
f 1293 	1421 	1305
f 1293 	1305 	1294
f 1546 	1547 	1473
f 1546 	1473 	1472
f 1550 	1551 	1479
f 1550 	1479 	1477
f 1477 	1473 	1547
f 1477 	1547 	1550
f 1546 	1551 	1550
f 1546 	1550 	1547
f 1555 	1556 	1557
f 1555 	1557 	1208
f 1559 	1560 	1199
f 1559 	1199 	1198
f 1560 	1555 	1208
f 1560 	1208 	1199
f 1559 	1556 	1555
f 1559 	1555 	1560
f 1521 	1520 	1571
f 1521 	1571 	1572
f 1573 	1574 	1524
f 1573 	1524 	1523
f 1520 	1524 	1574
f 1520 	1574 	1571
f 1574 	1573 	1572
f 1574 	1572 	1571
f 1579 	1580 	1204
f 1579 	1204 	1202
f 1215 	1214 	1581
f 1215 	1581 	1582
f 1583 	1584 	1266
f 1583 	1266 	1264
f 1580 	1581 	1214
f 1580 	1214 	1204
f 1275 	1274 	1585
f 1275 	1585 	1586
f 1580 	1579 	1582
f 1580 	1582 	1581
f 1274 	1266 	1584
f 1274 	1584 	1585
f 1584 	1583 	1586
f 1584 	1586 	1585
f 1591 	1592 	1531
f 1591 	1531 	1530
f 1593 	1594 	1304
f 1593 	1304 	1302
f 1595 	1596 	1537
f 1595 	1537 	1536
f 1597 	1598 	1314
f 1597 	1314 	1312
f 1592 	1595 	1536
f 1592 	1536 	1531
f 1598 	1593 	1302
f 1598 	1302 	1314
f 1597 	1594 	1593
f 1597 	1593 	1598
f 1591 	1596 	1595
f 1591 	1595 	1592
f 1604 	1603 	1244
f 1604 	1244 	1242
f 1605 	1606 	1251
f 1605 	1251 	1249
f 1242 	1251 	1606
f 1242 	1606 	1604
f 1605 	1603 	1604
f 1605 	1604 	1606
f 1617 	1618 	1298
f 1617 	1298 	1297
f 1311 	1310 	1619
f 1311 	1619 	1620
f 1621 	1622 	1539
f 1621 	1539 	1538
f 1618 	1619 	1310
f 1618 	1310 	1298
f 1544 	1543 	1623
f 1544 	1623 	1624
f 1618 	1617 	1620
f 1618 	1620 	1619
f 1543 	1539 	1622
f 1543 	1622 	1623
f 1622 	1621 	1624
f 1622 	1624 	1623
f 1629 	1630 	1327
f 1629 	1327 	1326
f 1631 	1632 	1330
f 1631 	1330 	1329
f 1326 	1330 	1632
f 1326 	1632 	1629
f 1631 	1630 	1629
f 1631 	1629 	1632
f 1361 	1354 	1639
f 1361 	1639 	1640
f 1641 	1642 	1365
f 1641 	1365 	1364
f 1642 	1639 	1354
f 1642 	1354 	1365
f 1642 	1641 	1640
f 1642 	1640 	1639
f 1647 	1648 	1383
f 1647 	1383 	1382
f 1649 	1650 	1398
f 1649 	1398 	1397
f 1397 	1383 	1648
f 1397 	1648 	1649
f 1647 	1650 	1649
f 1647 	1649 	1648
# 192 faces

g group_8_12568524

usemtl color_12568524
s 0

f 1151 	1147 	1153
f 1148 	1153 	1147
f 1149 	1147 	1151
f 1150 	1152 	1154
f 1150 	1154 	1155
f 1156 	1153 	1148
f 1159 	1161 	1158
f 1157 	1158 	1161
f 1163 	1166 	1162
f 1152 	1159 	1154
f 1158 	1154 	1159
f 1159 	1163 	1162
f 1166 	1152 	1160
f 1160 	1162 	1166
f 1164 	1165 	1169
f 1168 	1169 	1165
f 1163 	1159 	1149
f 1151 	1163 	1149
f 1156 	1149 	1159
f 1159 	1152 	1156
f 1153 	1156 	1152
f 1153 	1152 	1166
f 1170 	1171 	1165
f 1164 	1174 	1165
f 1175 	1165 	1171
f 1178 	1173 	1172
f 1178 	1172 	1177
f 1165 	1174 	1176
f 1165 	1176 	1170
f 1180 	1170 	1176
f 1192 	1195 	1205
f 1168 	1197 	1192
f 1205 	1168 	1192
f 1203 	1205 	1195
f 1219 	1221 	1216
f 1224 	1225 	1223
f 1222 	1223 	1225
f 1209 	1210 	1220
f 1217 	1220 	1210
f 1230 	1223 	1222
f 1205 	1203 	1180
f 1176 	1205 	1180
f 1175 	1180 	1203
f 1203 	1197 	1175
f 1165 	1175 	1197
f 1165 	1197 	1168
f 1240 	1248 	1237
f 1236 	1237 	1248
f 1245 	1240 	1237
f 1246 	1236 	1248
f 1243 	1250 	1241
f 1247 	1241 	1250
f 1256 	1265 	1255
f 1241 	1247 	1257
f 1260 	1241 	1257
f 1262 	1261 	1255
f 1252 	1216 	1259
f 1258 	1259 	1216
f 1263 	1265 	1256
f 1262 	1255 	1265
f 1267 	1241 	1260
f 1270 	1271 	1259
f 1270 	1259 	1258
f 1265 	1263 	1246
f 1248 	1265 	1246
f 1245 	1246 	1263
f 1263 	1261 	1245
f 1240 	1245 	1261
f 1240 	1261 	1262
f 1216 	1252 	1277
f 1216 	1277 	1219
f 1278 	1279 	1280
f 1278 	1280 	1282
f 1247 	1284 	1257
f 1289 	1291 	1287
f 1286 	1287 	1291
f 1219 	1277 	1227
f 1228 	1227 	1277
f 1307 	1220 	1217
f 1307 	1217 	1308
f 1210 	1209 	1317
f 1210 	1317 	1318
f 1271 	1270 	1231
f 1271 	1231 	1235
f 1318 	1317 	1185
f 1181 	1185 	1317
f 1227 	1231 	1270
f 1227 	1270 	1219
f 1318 	1185 	1308
f 1307 	1308 	1190
f 1307 	1190 	1194
f 1178 	1177 	1322
f 1321 	1322 	1177
f 1190 	1308 	1185
f 1270 	1325 	1219
f 1610 	1325 	1270
f 1325 	1328 	1219
f 1221 	1219 	1328
f 1321 	1340 	1322
f 1337 	1322 	1340
f 1363 	1371 	1359
f 1300 	1359 	1371
f 1366 	1363 	1359
f 1369 	1300 	1371
f 1378 	1394 	1376
f 1379 	1380 	1373
f 1374 	1373 	1380
f 1384 	1381 	1376
f 1380 	1379 	1391
f 1380 	1391 	1392
f 1393 	1394 	1378
f 1384 	1376 	1394
f 1399 	1401 	1373
f 1399 	1373 	1374
f 1350 	1401 	1346
f 1401 	1399 	1346
f 1394 	1393 	1369
f 1371 	1394 	1369
f 1366 	1369 	1393
f 1393 	1381 	1366
f 1363 	1366 	1381
f 1363 	1381 	1384
f 1356 	1355 	1391
f 1392 	1391 	1355
f 1408 	1407 	1404
f 1403 	1404 	1407
f 1392 	1355 	1346
f 1392 	1346 	1399
f 1405 	1403 	1407
f 1341 	1406 	1280
f 1404 	1410 	1408
f 1422 	1412 	1413
f 1280 	1279 	1341
f 1420 	1422 	1413
f 1412 	1425 	1424
f 1422 	1425 	1412
f 1408 	1424 	1425
f 1415 	1408 	1418
f 1425 	1418 	1408
f 1422 	1420 	1405
f 1407 	1422 	1405
f 1410 	1405 	1420
f 1420 	1424 	1410
f 1408 	1410 	1424
f 1428 	1394 	1429
f 1210 	1177 	1217
f 1308 	1217 	1172
f 1371 	1429 	1394
f 1172 	1217 	1177
f 1318 	1177 	1210
f 1423 	1430 	1426
f 1374 	1380 	1321
f 1340 	1321 	1380
f 1338 	1423 	1426
f 1172 	1340 	1392
f 1380 	1392 	1340
f 1321 	1399 	1374
f 1363 	1384 	1431
f 1432 	1431 	1384
f 1363 	1429 	1371
f 1172 	1392 	1308
f 1318 	1308 	1392
f 1392 	1399 	1318
f 1177 	1318 	1399
f 1177 	1399 	1321
f 1429 	1363 	1431
f 1443 	1430 	1423
f 1443 	1423 	1444
f 1447 	1448 	1449
f 1446 	1447 	1449
f 1282 	1443 	1444
f 1282 	1444 	1278
f 1279 	1423 	1341
f 1338 	1341 	1423
f 1248 	1211 	1288
f 1426 	1430 	1406
f 1248 	1288 	1265
f 1280 	1406 	1430
f 1205 	1176 	1469
f 1174 	1469 	1176
f 1440 	1359 	1437
f 1300 	1437 	1359
f 1444 	1423 	1279
f 1444 	1279 	1278
f 1153 	1471 	1470
f 1359 	1440 	1439
f 1359 	1439 	1366
f 1443 	1282 	1430
f 1280 	1430 	1282
f 1438 	1437 	1300
f 1438 	1300 	1369
f 1153 	1166 	1471
f 1366 	1453 	1369
f 1438 	1369 	1453
f 1438 	1453 	1435
f 1366 	1439 	1460
f 1442 	1460 	1439
f 1482 	1163 	1478
f 1151 	1478 	1163
f 1460 	1453 	1366
f 1153 	1478 	1151
f 1291 	1481 	1344
f 1384 	1394 	1428
f 1291 	1344 	1286
f 1470 	1478 	1153
f 1384 	1428 	1432
f 1449 	1427 	1446
f 1221 	1495 	1336
f 1427 	1449 	1339
f 1336 	1335 	1221
f 1148 	1147 	1496
f 1497 	1496 	1147
f 1499 	1497 	1147
f 1499 	1147 	1149
f 1148 	1496 	1500
f 1148 	1500 	1156
f 1343 	1342 	1501
f 1445 	1378 	1457
f 1376 	1457 	1378
f 1483 	1486 	1500
f 1156 	1500 	1486
f 1498 	1501 	1342
f 1381 	1458 	1457
f 1381 	1457 	1376
f 1492 	1499 	1487
f 1499 	1149 	1487
f 1378 	1445 	1452
f 1378 	1452 	1393
f 1487 	1149 	1486
f 1156 	1486 	1149
f 1339 	1449 	1344
f 1286 	1344 	1449
f 1360 	1502 	1250
f 1451 	1490 	1452
f 1393 	1452 	1490
f 1247 	1250 	1502
f 1455 	1458 	1493
f 1458 	1381 	1493
f 1393 	1490 	1381
f 1503 	1370 	1243
f 1166 	1163 	1482
f 1166 	1482 	1471
f 1493 	1381 	1490
f 1427 	1481 	1291
f 1241 	1503 	1243
f 1502 	1360 	1503
f 1433 	1422 	1434
f 1407 	1434 	1422
f 1407 	1408 	1415
f 1407 	1415 	1434
f 1370 	1503 	1360
f 1446 	1427 	1291
f 1287 	1448 	1447
f 1287 	1447 	1289
f 1510 	1502 	1508
f 1503 	1508 	1502
f 1286 	1449 	1287
f 1448 	1287 	1449
f 1222 	1508 	1503
f 1162 	1160 	1514
f 1509 	1514 	1160
f 1446 	1291 	1447
f 1289 	1447 	1291
f 1516 	1502 	1510
f 1162 	1514 	1161
f 1162 	1161 	1159
f 1152 	1150 	1509
f 1152 	1509 	1160
f 1462 	1404 	1467
f 1403 	1467 	1404
f 1468 	1467 	1403
f 1468 	1403 	1405
f 1171 	1348 	1525
f 1404 	1462 	1461
f 1404 	1461 	1410
f 1171 	1170 	1348
f 1410 	1461 	1512
f 1464 	1512 	1461
f 1171 	1525 	1528
f 1171 	1528 	1175
f 1529 	1348 	1170
f 1529 	1170 	1180
f 1468 	1405 	1513
f 1468 	1513 	1465
f 1276 	1529 	1186
f 1529 	1180 	1186
f 1508 	1402 	1385
f 1508 	1385 	1510
f 1281 	1332 	1528
f 1175 	1528 	1332
f 1225 	1402 	1508
f 1225 	1508 	1222
f 1175 	1332 	1186
f 1175 	1186 	1180
f 1510 	1385 	1390
f 1510 	1390 	1516
f 1257 	1409 	1416
f 1257 	1416 	1260
f 1205 	1169 	1168
f 1390 	1230 	1516
f 1389 	1230 	1390
f 1222 	1516 	1230
f 1405 	1410 	1513
f 1512 	1513 	1410
f 1260 	1416 	1414
f 1260 	1414 	1267
f 1284 	1411 	1409
f 1284 	1409 	1257
f 1418 	1425 	1433
f 1411 	1284 	1293
f 1411 	1293 	1296
f 1422 	1433 	1425
f 1284 	1267 	1421
f 1267 	1414 	1421
f 1419 	1421 	1414
f 1421 	1293 	1284
f 1548 	1549 	1377
f 1548 	1377 	1345
f 1503 	1241 	1267
f 1284 	1516 	1267
f 1247 	1502 	1284
f 1502 	1516 	1284
f 1516 	1222 	1267
f 1503 	1267 	1222
f 1169 	1205 	1469
f 1553 	1357 	1353
f 1554 	1552 	1320
f 1558 	1553 	1353
f 1552 	1290 	1320
f 1413 	1474 	1476
f 1553 	1498 	1342
f 1561 	1196 	1562
f 1357 	1553 	1342
f 1412 	1474 	1413
f 1234 	1562 	1196
f 1564 	1195 	1200
f 1192 	1200 	1195
f 1413 	1476 	1480
f 1413 	1480 	1420
f 1567 	1183 	1563
f 1424 	1475 	1474
f 1424 	1474 	1412
f 1567 	1188 	1183
f 1568 	1565 	1553
f 1566 	1498 	1565
f 1472 	1475 	1546
f 1475 	1424 	1546
f 1420 	1546 	1424
f 1197 	1201 	1200
f 1197 	1200 	1192
f 1566 	1569 	1498
f 1553 	1565 	1498
f 1183 	1196 	1561
f 1479 	1551 	1480
f 1420 	1480 	1551
f 1195 	1564 	1570
f 1195 	1570 	1203
f 1183 	1561 	1563
f 1546 	1420 	1551
f 1203 	1570 	1556
f 1557 	1556 	1570
f 1203 	1559 	1197
f 1201 	1197 	1559
f 1201 	1559 	1198
f 1340 	1172 	1337
f 1173 	1337 	1172
f 1576 	1561 	1575
f 1556 	1559 	1203
f 1240 	1285 	1213
f 1567 	1563 	1577
f 1576 	1577 	1563
f 1561 	1576 	1563
f 1578 	1575 	1561
f 1262 	1285 	1240
f 1526 	1566 	1565
f 1240 	1211 	1248
f 1519 	1566 	1526
f 1213 	1211 	1240
f 1527 	1526 	1565
f 1527 	1565 	1568
f 1566 	1519 	1522
f 1566 	1522 	1569
f 1522 	1572 	1569
f 1521 	1572 	1522
f 1523 	1527 	1573
f 1568 	1573 	1527
f 1573 	1568 	1572
f 1569 	1572 	1568
f 1575 	1206 	1212
f 1575 	1212 	1576
f 1343 	1501 	1353
f 1273 	1237 	1268
f 1236 	1268 	1237
f 1576 	1212 	1218
f 1576 	1218 	1577
f 1237 	1273 	1272
f 1237 	1272 	1245
f 1207 	1206 	1575
f 1207 	1575 	1578
f 1558 	1353 	1501
f 1269 	1268 	1236
f 1269 	1236 	1246
f 1264 	1269 	1583
f 1269 	1246 	1583
f 1245 	1583 	1246
f 1207 	1578 	1579
f 1207 	1579 	1202
f 1275 	1586 	1272
f 1245 	1272 	1586
f 1587 	1588 	1501
f 1558 	1501 	1588
f 1577 	1218 	1582
f 1215 	1582 	1218
f 1583 	1245 	1586
f 1553 	1558 	1589
f 1588 	1589 	1558
f 1285 	1262 	1288
f 1578 	1577 	1579
f 1582 	1579 	1577
f 1587 	1501 	1590
f 1498 	1590 	1501
f 1288 	1262 	1265
f 1567 	1234 	1188
f 1234 	1567 	1562
f 1600 	1562 	1599
f 1567 	1601 	1599
f 1561 	1562 	1602
f 1600 	1602 	1562
f 1567 	1599 	1562
f 1238 	1603 	1602
f 1244 	1603 	1238
f 1299 	1256 	1315
f 1255 	1315 	1256
f 1535 	1588 	1532
f 1587 	1532 	1588
f 1261 	1316 	1315
f 1261 	1315 	1255
f 1249 	1254 	1605
f 1601 	1605 	1254
f 1588 	1535 	1534
f 1588 	1534 	1589
f 1256 	1299 	1306
f 1256 	1306 	1263
f 1263 	1306 	1594
f 1304 	1594 	1306
f 1590 	1533 	1532
f 1590 	1532 	1587
f 1601 	1602 	1603
f 1601 	1603 	1605
f 1263 	1594 	1261
f 1316 	1261 	1597
f 1316 	1597 	1312
f 1533 	1590 	1591
f 1533 	1591 	1530
f 1597 	1261 	1594
f 1601 	1577 	1602
f 1567 	1577 	1601
f 1577 	1578 	1602
f 1561 	1602 	1578
f 1589 	1534 	1596
f 1537 	1596 	1534
f 1599 	1239 	1600
f 1590 	1589 	1591
f 1596 	1591 	1589
f 1608 	1319 	1607
f 1599 	1253 	1239
f 1590 	1569 	1589
f 1498 	1569 	1590
f 1569 	1568 	1589
f 1553 	1589 	1568
f 1292 	1607 	1319
f 1601 	1254 	1253
f 1601 	1253 	1599
f 1290 	1607 	1292
f 1610 	1372 	1609
f 1600 	1239 	1238
f 1600 	1238 	1602
f 1375 	1372 	1610
f 1552 	1607 	1290
f 1607 	1552 	1612
f 1495 	1609 	1372
f 1495 	1372 	1336
f 1608 	1607 	1613
f 1612 	1613 	1607
f 1609 	1495 	1615
f 1616 	1611 	1552
f 1611 	1612 	1552
f 1610 	1609 	1325
f 1615 	1325 	1609
f 1614 	1615 	1495
f 1614 	1495 	1328
f 1221 	1328 	1495
f 1614 	1542 	1615
f 1611 	1301 	1309
f 1611 	1309 	1612
f 1542 	1614 	1540
f 1612 	1309 	1313
f 1612 	1313 	1613
f 1615 	1542 	1545
f 1615 	1545 	1325
f 1303 	1301 	1611
f 1303 	1611 	1616
f 1541 	1540 	1614
f 1541 	1614 	1328
f 1303 	1616 	1617
f 1303 	1617 	1297
f 1328 	1325 	1621
f 1538 	1541 	1621
f 1328 	1621 	1541
f 1613 	1313 	1620
f 1311 	1620 	1313
f 1545 	1624 	1325
f 1544 	1624 	1545
f 1616 	1613 	1617
f 1620 	1617 	1613
f 1325 	1624 	1621
f 1221 	1375 	1610
f 1608 	1554 	1319
f 1320 	1319 	1554
f 1375 	1221 	1335
f 1216 	1221 	1258
f 1610 	1258 	1221
f 1258 	1610 	1270
f 1626 	1554 	1625
f 1608 	1625 	1554
f 1608 	1627 	1625
f 1552 	1554 	1628
f 1626 	1628 	1554
f 1333 	1626 	1625
f 1324 	1626 	1333
f 1627 	1334 	1333
f 1627 	1333 	1625
f 1626 	1324 	1323
f 1626 	1323 	1628
f 1323 	1630 	1628
f 1327 	1630 	1323
f 1329 	1334 	1631
f 1627 	1631 	1334
f 1631 	1627 	1630
f 1628 	1630 	1627
f 1627 	1613 	1628
f 1608 	1613 	1627
f 1613 	1616 	1628
f 1552 	1628 	1616
f 1633 	1179 	1167
f 1634 	1633 	1167
f 1345 	1179 	1633
f 1345 	1633 	1548
f 1636 	1548 	1635
f 1637 	1635 	1633
f 1638 	1548 	1636
f 1633 	1635 	1548
f 1351 	1636 	1367
f 1635 	1367 	1636
f 1368 	1367 	1635
f 1368 	1635 	1637
f 1636 	1351 	1362
f 1636 	1362 	1638
f 1638 	1362 	1640
f 1361 	1640 	1362
f 1368 	1637 	1641
f 1368 	1641 	1364
f 1640 	1641 	1637
f 1640 	1637 	1638
f 1167 	1377 	1634
f 1634 	1377 	1549
f 1634 	1549 	1644
f 1633 	1634 	1645
f 1644 	1645 	1634
f 1643 	1549 	1646
f 1643 	1644 	1549
f 1548 	1646 	1549
f 1643 	1396 	1644
f 1643 	1386 	1396
f 1644 	1396 	1395
f 1644 	1395 	1645
f 1646 	1387 	1386
f 1646 	1386 	1643
f 1382 	1387 	1647
f 1646 	1647 	1387
f 1395 	1650 	1645
f 1398 	1650 	1395
f 1650 	1647 	1645
f 1646 	1645 	1647
f 1646 	1638 	1645
f 1548 	1638 	1646
f 1638 	1637 	1645
f 1633 	1645 	1637
# 588 faces

g group_8_14860437

usemtl color_14860437
s 0

f 1179 	1426 	1183
f 1167 	1179 	1183
f 1183 	1188 	1167
f 1427 	1167 	1188
f 1196 	1183 	1406
f 1200 	1201 	1199
f 1198 	1199 	1201
f 1206 	1207 	1204
f 1202 	1204 	1207
f 1199 	1208 	1200
f 1215 	1218 	1214
f 1212 	1214 	1218
f 1204 	1214 	1212
f 1204 	1212 	1206
f 1427 	1188 	1234
f 1238 	1239 	1242
f 1238 	1242 	1244
f 1253 	1254 	1251
f 1249 	1251 	1254
f 1268 	1269 	1266
f 1264 	1266 	1269
f 1272 	1273 	1274
f 1272 	1274 	1275
f 1266 	1274 	1273
f 1266 	1273 	1268
f 1251 	1242 	1239
f 1251 	1239 	1253
f 1290 	1292 	1406
f 1285 	1288 	1344
f 1301 	1303 	1298
f 1297 	1298 	1303
f 1304 	1306 	1302
f 1299 	1302 	1306
f 1311 	1313 	1310
f 1309 	1310 	1313
f 1315 	1316 	1314
f 1312 	1314 	1316
f 1298 	1310 	1309
f 1298 	1309 	1301
f 1299 	1315 	1302
f 1314 	1302 	1315
f 1320 	1481 	1319
f 1323 	1324 	1326
f 1323 	1326 	1327
f 1333 	1334 	1330
f 1329 	1330 	1334
f 1336 	1338 	1335
f 1339 	1335 	1338
f 1324 	1333 	1326
f 1330 	1326 	1333
f 1343 	1344 	1342
f 1341 	1342 	1344
f 1345 	1426 	1179
f 1361 	1362 	1354
f 1351 	1354 	1362
f 1357 	1341 	1360
f 1353 	1357 	1360
f 1360 	1250 	1353
f 1339 	1344 	1250
f 1367 	1368 	1365
f 1364 	1365 	1368
f 1351 	1367 	1354
f 1365 	1354 	1367
f 1341 	1338 	1370
f 1243 	1370 	1372
f 1372 	1375 	1243
f 1339 	1243 	1375
f 1360 	1341 	1370
f 1386 	1387 	1383
f 1382 	1383 	1387
f 1389 	1390 	1388
f 1385 	1388 	1390
f 1395 	1396 	1397
f 1395 	1397 	1398
f 1402 	1225 	1400
f 1224 	1400 	1225
f 1383 	1397 	1396
f 1383 	1396 	1386
f 1400 	1388 	1385
f 1400 	1385 	1402
f 1243 	1339 	1250
f 1409 	1411 	1295
f 1296 	1295 	1411
f 1322 	1339 	1178
f 1339 	1338 	1178
f 1409 	1417 	1416
f 1414 	1416 	1417
f 1414 	1417 	1419
f 1427 	1339 	1418
f 1415 	1418 	1337
f 1337 	1173 	1415
f 1173 	1338 	1415
f 1426 	1427 	1428
f 1426 	1428 	1429
f 1432 	1433 	1431
f 1427 	1433 	1432
f 1433 	1434 	1431
f 1426 	1431 	1434
f 1431 	1426 	1429
f 1437 	1438 	1436
f 1435 	1436 	1438
f 1439 	1440 	1441
f 1439 	1441 	1442
f 1436 	1441 	1440
f 1436 	1440 	1437
f 1432 	1428 	1427
f 1451 	1452 	1450
f 1445 	1450 	1452
f 1457 	1458 	1456
f 1455 	1456 	1458
f 1445 	1457 	1450
f 1456 	1450 	1457
f 1415 	1426 	1434
f 1461 	1462 	1463
f 1461 	1463 	1464
f 1467 	1468 	1466
f 1465 	1466 	1468
f 1466 	1463 	1462
f 1466 	1462 	1467
f 1418 	1433 	1427
f 1474 	1475 	1473
f 1472 	1473 	1475
f 1476 	1474 	1477
f 1479 	1480 	1477
f 1476 	1477 	1480
f 1473 	1477 	1474
f 1178 	1338 	1173
f 1426 	1415 	1338
f 1317 	1209 	1182
f 1317 	1182 	1181
f 1220 	1307 	1193
f 1194 	1193 	1307
f 1209 	1220 	1182
f 1193 	1182 	1220
f 1322 	1337 	1339
f 1337 	1418 	1339
f 1373 	1401 	1349
f 1350 	1349 	1401
f 1356 	1391 	1358
f 1379 	1358 	1391
f 1349 	1358 	1379
f 1349 	1379 	1373
f 1295 	1417 	1409
f 1342 	1341 	1357
f 1521 	1522 	1520
f 1519 	1520 	1522
f 1526 	1527 	1524
f 1523 	1524 	1527
f 1519 	1526 	1520
f 1524 	1520 	1526
f 1353 	1250 	1344
f 1343 	1353 	1344
f 1532 	1533 	1531
f 1530 	1531 	1533
f 1534 	1535 	1536
f 1534 	1536 	1537
f 1531 	1536 	1535
f 1531 	1535 	1532
f 1372 	1370 	1338
f 1336 	1372 	1338
f 1540 	1541 	1539
f 1538 	1539 	1541
f 1544 	1545 	1543
f 1542 	1543 	1545
f 1539 	1543 	1542
f 1539 	1542 	1540
f 1335 	1339 	1375
f 1277 	1252 	1229
f 1277 	1229 	1228
f 1259 	1271 	1233
f 1235 	1233 	1271
f 1252 	1259 	1229
f 1233 	1229 	1259
f 1341 	1344 	1288
f 1341 	1288 	1211
f 1211 	1213 	1341
f 1344 	1469 	1285
f 1213 	1285 	1469
f 1469 	1174 	1213
f 1174 	1341 	1213
f 1481 	1406 	1471
f 1470 	1471 	1406
f 1481 	1482 	1169
f 1164 	1169 	1482
f 1482 	1478 	1164
f 1478 	1406 	1164
f 1341 	1164 	1406
f 1470 	1406 	1478
f 1500 	1496 	1484
f 1500 	1484 	1483
f 1497 	1499 	1491
f 1492 	1491 	1499
f 1496 	1497 	1484
f 1491 	1484 	1497
f 1471 	1482 	1481
f 1509 	1150 	1505
f 1155 	1505 	1150
f 1157 	1161 	1507
f 1514 	1507 	1161
f 1505 	1507 	1514
f 1505 	1514 	1509
f 1164 	1341 	1174
f 1348 	1529 	1189
f 1276 	1189 	1529
f 1348 	1283 	1525
f 1528 	1525 	1283
f 1528 	1283 	1281
f 1189 	1283 	1348
f 1344 	1481 	1169
f 1469 	1344 	1169
f 1564 	1200 	1208
f 1557 	1570 	1208
f 1564 	1208 	1570
f 1406 	1183 	1426
f 1426 	1345 	1377
f 1377 	1167 	1427
f 1426 	1377 	1427
f 1290 	1406 	1320
f 1406 	1481 	1320
f 1427 	1234 	1481
f 1406 	1292 	1196
f 1292 	1319 	1196
f 1234 	1196 	1319
f 1319 	1481 	1234
# 224 faces

 #end of obj_8

o obj_9
v 24 		22.2737 		21.2515
v 24 		23.8228 		21.2515
v 24 		22.2737 		19.125
v 23.6742 		23.8228 		18.875
v 24 		22.1195 		21.5
v 24 		23.8228 		18.875
v 24 		23.9767 		21.5
v 23.8371 		23.8219 		18.875
v 23.6742 		23.8219 		18.875
v 24 		23.8228 		19.125
v 23.6742 		22.2743 		18.875
v 23.8371 		22.2743 		18.875
v 24 		22.2737 		18.875
v 24 		23.8228 		16.749
v 23.6742 		22.2737 		18.875
v 24 		22.2737 		16.749
v 24 		22.1195 		16.5
v 23.6742 		19.9528 		21.5
v 24 		19.9528 		21.5
v 24 		23.9767 		16.5
v 13.9013 		25.2148 		16.5
v 24 		19.9528 		16.5
v 23.6742 		19.9528 		16.5
v 24 		18.2495 		21.2515
v 24 		19.799 		21.2515
v 10.3179 		15.929 		21.5
v 10.6436 		15.929 		21.5
v 23.6742 		18.0957 		21.5
v 24 		19.799 		19.125
v 24 		18.0957 		21.5
v 10.3179 		14.0719 		21.5
v 10.6436 		14.0719 		21.5
v 13.9013 		25.2148 		21.5
v 24 		18.2495 		19.125
v 10.6436 		14.2267 		19.125
v 10.6436 		14.2267 		21.25
v 16.1816 		25.2148 		21.5
v 10.4808 		14.2267 		21.25
v 10.4808 		14.2267 		19.125
v 23.8371 		18.2505 		19.125
v 23.8371 		18.2505 		21.25
v 16.1816 		25.2148 		16.5
v 23.6742 		18.2505 		21.25
v 10.4808 		15.7743 		19.125
v 10.4808 		15.7743 		21.25
v 24 		19.799 		16.749
v 10.6436 		15.7743 		21.25
v 10.6436 		15.7743 		19.125
v 24 		18.2495 		16.749
v 18.1362 		25.2148 		21.5
v 24 		19.799 		18.875
v 23.6742 		19.7981 		18.875
v 23.6742 		19.7981 		16.75
v 23.6742 		19.799 		16.749
v 23.6742 		19.799 		18.875
v 17.9734 		25.2148 		19.125
v 24 		18.2495 		18.875
v 17.9734 		25.2148 		21.25
v 24 		18.0957 		16.5
v 17.9743 		25.2148 		21.2515
v 17.9743 		25.2148 		19.125
v 23.6742 		18.2505 		16.75
v 10.6436 		14.2257 		21.2515
v 10.3179 		14.2257 		21.2515
v 23.6742 		14.0719 		21.5
v 16.3436 		25.2148 		21.2515
v 23.6742 		15.929 		21.5
v 16.3445 		25.2148 		21.25
v 16.3445 		25.2148 		19.125
v 12.1086 		12.5243 		16.749
v 10.3179 		15.7749 		21.2515
v 16.3436 		25.2148 		19.125
v 12.1086 		12.5243 		18.875
v 10.6436 		15.7749 		21.2515
v 11.9467 		12.5243 		16.5
v 16.3436 		12.5243 		19.125
v 16.3445 		12.679 		19.125
v 16.3445 		12.8338 		19.125
v 16.3436 		12.8338 		19.125
v 12.1096 		12.679 		16.75
v 12.1096 		12.679 		18.875
v 12.1096 		12.8338 		18.875
v 12.1096 		12.8338 		16.75
v 17.9734 		12.679 		19.125
v 13.7384 		12.679 		18.875
v 13.7384 		12.679 		16.75
v 13.7384 		12.8338 		16.75
v 18.1362 		25.2148 		16.5
v 13.7384 		12.8338 		18.875
v 24 		14.2257 		21.2515
v 24 		15.7749 		21.2515
v 17.9743 		25.2148 		18.875
v 17.9743 		25.2148 		16.749
v 24 		15.929 		21.5
v 16.1816 		12.5243 		16.5
v 17.9734 		25.2148 		16.75
v 16.1816 		12.8338 		16.5
v 17.9734 		25.2148 		18.875
v 24 		15.7749 		19.125
v 24 		14.2257 		19.125
v 18.1362 		12.5243 		16.5
v 24 		14.0719 		21.5
v 16.3445 		25.2148 		18.875
v 18.1362 		12.8338 		16.5
v 16.3445 		25.2148 		16.75
v 12.1086 		12.8338 		16.749
v 16.3436 		25.2148 		16.749
v 16.3436 		25.2148 		18.875
v 24 		15.7749 		16.749
v 24 		14.2257 		16.749
v 17.9743 		12.5243 		16.749
v 13.7391 		12.5243 		16.749
v 13.7391 		12.8338 		16.749
v 16.3436 		12.5243 		16.749
v 24 		15.7749 		18.875
v 24 		15.929 		16.5
v 24 		14.2257 		18.875
v 23.6742 		14.2267 		19.125
v 24 		14.0719 		16.5
v 23.6742 		14.2267 		21.25
v 16.3436 		12.5243 		18.875
v 23.6742 		14.2257 		21.2515
v 23.6742 		14.2257 		19.125
v 13.7391 		12.5243 		18.875
v 13.7391 		12.8338 		18.875
v 23.6742 		15.7749 		19.125
v 23.6742 		15.7749 		21.2515
v 23.6742 		15.7743 		21.25
v 23.6742 		15.7743 		19.125
v 23.6742 		18.2505 		19.125
v 12.1086 		12.8338 		18.875
v 24 		12.5243 		24
v 24 		12.5243 		23
v 24 		25.5243 		23
v 23.6742 		19.7981 		19.125
v 24 		25.5243 		24
v 23.6742 		19.7981 		21.25
v 17.9743 		12.5243 		18.875
v 23.6742 		15.929 		16.5
v 24 		12.5243 		15
v 24 		12.5243 		14
v 23.6742 		14.0719 		16.5
v 24 		25.5243 		14
v 22.3712 		25.2148 		21.5
v 24 		25.5243 		15
v 20.4166 		25.2148 		21.5
v 17.9734 		12.679 		18.875
v 17.9734 		12.679 		16.75
v 17.9734 		12.8338 		16.75
v 17.9734 		12.8338 		18.875
v 22.2083 		25.2148 		19.125
v 22.2083 		25.2148 		21.25
v 23.6742 		14.2257 		16.749
v 10.3179 		23.8228 		21.2515
v 22.2093 		25.2148 		21.2515
v 23.6742 		14.2267 		16.75
v 22.2093 		25.2148 		19.125
v 23.6742 		14.2267 		18.875
v 16.3445 		12.679 		16.75
v 23.6742 		14.2257 		18.875
v 10.6436 		15.7749 		19.125
v 10.3179 		15.7749 		19.125
v 20.5788 		25.2148 		21.2515
v 20.5795 		25.2148 		21.25
v 20.5795 		25.2148 		19.125
v 23.6742 		15.7743 		18.875
v 20.5788 		25.2148 		19.125
v 23.6742 		15.7743 		16.75
v 23.6742 		15.7749 		16.749
v 23.6742 		15.7749 		18.875
v 10.6436 		14.2257 		19.125
v 10.3179 		14.2257 		19.125
v 20.4166 		25.2148 		16.5
v 22.3712 		25.2148 		16.5
v 10.3179 		14.0719 		16.5
v 10.6436 		14.0719 		16.5
v 22.2093 		25.2148 		18.875
v 22.2093 		25.2148 		16.749
v 13.7391 		12.5243 		19.125
v 22.2083 		25.2148 		16.75
v 22.2083 		25.2148 		18.875
v 12.1086 		12.5243 		19.125
v 20.5795 		25.2148 		18.875
v 20.5795 		25.2148 		16.75
v 23.8371 		19.7981 		21.25
v 23.8371 		19.7981 		19.125
v 20.5788 		25.2148 		16.749
v 20.5788 		25.2148 		18.875
v 11.9467 		12.8338 		16.5
v 11.9467 		12.8338 		21.5
v 10.6436 		15.929 		16.5
v 10.6436 		12.8338 		23
v 10.6436 		12.8338 		15
v 10.3179 		15.929 		16.5
v 23.6742 		12.8338 		23
v 22.3712 		12.8338 		21.5
v 22.3712 		12.8338 		16.5
v 23.6742 		12.8338 		15
v 11.9467 		25.2148 		21.5
v 10.4808 		14.2267 		18.875
v 10.4808 		14.2267 		16.75
v 23.6742 		18.2495 		21.2515
v 10.6436 		14.2267 		16.75
v 10.6436 		14.2267 		18.875
v 12.1086 		25.2148 		21.2515
v 10.4808 		15.7743 		16.75
v 20.4166 		12.8338 		16.5
v 12.1096 		25.2148 		21.25
v 10.4808 		15.7743 		18.875
v 10.6436 		15.7743 		18.875
v 20.4166 		12.8338 		21.5
v 10.6436 		15.7743 		16.75
v 10.3179 		22.2737 		21.2515
v 18.1362 		12.8338 		21.5
v 12.1096 		25.2148 		19.125
v 12.1086 		25.2148 		19.125
v 10.3179 		22.1195 		21.5
v 13.7384 		25.2148 		19.125
v 13.7384 		25.2148 		21.25
v 10.3179 		22.2737 		19.125
v 13.7391 		25.2148 		21.2515
v 13.7391 		25.2148 		19.125
v 10.3179 		23.8228 		19.125
v 16.1816 		12.8338 		21.5
v 10.3179 		23.9767 		21.5
v 13.9013 		12.8338 		21.5
v 10.6436 		14.2257 		16.749
v 10.3179 		14.2257 		16.749
v 13.9013 		12.8338 		16.5
v 10.3179 		22.2737 		16.749
v 11.9467 		25.2148 		16.5
v 10.3179 		23.8228 		16.749
v 10.6436 		15.7749 		16.749
v 10.3179 		15.7749 		16.749
v 10.3179 		22.2737 		18.875
v 12.1096 		25.2148 		18.875
v 12.1096 		25.2148 		16.75
v 10.3179 		22.1195 		16.5
v 17.9743 		12.8338 		21.2515
v 12.1086 		25.2148 		16.749
v 12.1086 		25.2148 		18.875
v 17.9734 		12.8338 		21.25
v 17.9734 		12.8338 		19.125
v 17.9743 		12.8338 		19.125
v 10.6436 		15.7749 		18.875
v 10.3179 		15.7749 		18.875
v 10.3179 		23.8228 		18.875
v 10.3179 		23.9767 		16.5
v 13.7391 		25.2148 		18.875
v 13.7391 		25.2148 		16.749
v 13.7384 		25.2148 		16.75
v 13.7384 		25.2148 		18.875
v 10.3179 		14.2257 		18.875
v 16.3445 		12.8338 		21.25
v 10.6436 		14.2257 		18.875
v 16.3436 		12.8338 		21.2515
v 10.3179 		19.799 		21.2515
v 10.3179 		18.2495 		21.2515
v 10.3179 		19.799 		19.125
v 23.6742 		25.2148 		23
v 10.3179 		19.9528 		21.5
v 10.3179 		18.0957 		21.5
v 17.9743 		12.8338 		16.749
v 10.3179 		18.2495 		19.125
v 17.9743 		12.8338 		18.875
v 10.3179 		18.2495 		16.749
v 10.3179 		19.799 		16.749
v 16.3436 		12.8338 		18.875
v 10.6436 		18.0957 		21.5
v 16.3436 		12.8338 		16.749
v 16.3445 		12.8338 		16.75
v 10.6436 		18.0957 		16.5
v 16.3445 		12.8338 		18.875
v 10.3179 		19.799 		18.875
v 16.3445 		12.679 		18.875
v 10.3179 		19.9528 		16.5
v 10.3179 		12.5243 		23
v 10.3179 		18.2495 		18.875
v 10.3179 		18.0957 		16.5
v 10.6436 		25.2148 		23
v 10.6436 		25.2148 		15
v 10.6436 		23.9767 		16.5
v 10.6436 		23.9767 		21.5
v 10.3179 		25.5243 		23
v 10.6436 		22.1195 		21.5
v 10.6436 		22.1195 		16.5
v 10.6436 		19.9528 		16.5
v 10.6436 		19.9528 		21.5
v 10.6436 		23.8219 		19.125
v 10.6436 		23.8219 		21.25
v 10.6436 		23.8228 		21.2515
v 10.6436 		23.8228 		19.125
v 10.6436 		22.2737 		19.125
v 10.6436 		22.2737 		21.2515
v 10.6436 		22.2743 		21.25
v 10.6436 		22.2743 		19.125
v 10.3179 		25.5243 		24
v 10.3179 		12.5243 		24
v 10.6436 		23.8228 		16.749
v 10.3179 		25.5243 		15
v 10.3179 		25.5243 		14
v 10.3179 		12.5243 		14
v 10.3179 		12.5243 		15
v 10.6436 		23.8219 		16.75
v 10.6436 		23.8219 		18.875
v 10.6436 		23.8228 		18.875
v 10.4808 		23.8219 		19.125
v 10.4808 		23.8219 		21.25
v 10.6436 		22.2743 		18.875
v 10.6436 		22.2743 		16.75
v 10.6436 		22.2737 		16.749
v 10.6436 		22.2737 		18.875
v 10.4808 		22.2743 		21.25
v 10.4808 		22.2743 		19.125
v 10.6436 		18.2495 		19.125
v 10.6436 		18.2495 		21.2515
v 10.6436 		18.2505 		21.25
v 10.6436 		18.2505 		19.125
v 10.6436 		19.7981 		19.125
v 10.6436 		19.7981 		21.25
v 10.6436 		19.799 		21.2515
v 10.6436 		19.799 		19.125
v 23.6742 		18.0957 		16.5
v 23.6742 		23.9767 		21.5
v 23.6742 		23.9767 		16.5
v 10.6436 		18.2505 		18.875
v 10.6436 		18.2505 		16.75
v 10.6436 		18.2495 		16.749
v 10.6436 		18.2495 		18.875
v 10.6436 		19.799 		16.749
v 10.6436 		19.7981 		16.75
v 23.6742 		22.1195 		21.5
v 10.6436 		19.7981 		18.875
v 10.6436 		19.799 		18.875
v 23.6742 		25.2148 		15
v 23.6742 		22.1195 		16.5
v 23.6742 		23.8219 		19.125
v 23.6742 		23.8219 		21.25
v 23.8371 		23.8219 		21.25
v 23.8371 		23.8219 		19.125
v 23.8371 		22.2743 		19.125
v 10.4808 		23.8219 		16.75
v 23.8371 		22.2743 		21.25
v 10.4808 		23.8219 		18.875
v 23.6742 		22.2743 		21.25
v 23.6742 		22.2743 		19.125
v 10.4808 		22.2743 		18.875
v 10.4808 		22.2743 		16.75
v 11.9467 		12.5243 		21.5
v 23.6742 		23.8228 		21.2515
v 23.6742 		22.2737 		21.2515
v 22.3712 		12.5243 		21.5
v 23.6742 		22.2737 		19.125
v 23.6742 		23.8228 		19.125
v 22.3712 		12.5243 		16.5
v 18.1362 		12.5243 		21.5
v 16.1816 		12.5243 		21.5
v 23.8371 		23.8219 		16.75
v 23.6742 		23.8219 		16.75
v 23.8371 		22.2743 		16.75
v 23.6742 		22.2743 		16.75
v 16.3436 		12.5243 		21.2515
v 23.6742 		23.8228 		16.749
v 17.9743 		12.5243 		21.2515
v 10.4808 		18.2505 		21.25
v 10.4808 		18.2505 		19.125
v 10.4808 		19.7981 		19.125
v 23.6742 		22.2737 		16.749
v 10.4808 		19.7981 		21.25
v 17.9743 		12.5243 		19.125
v 17.9734 		12.679 		21.25
v 16.3445 		12.679 		21.25
v 22.2093 		12.8338 		21.2515
v 22.2083 		12.8338 		21.25
v 22.2083 		12.8338 		19.125
v 22.2093 		12.8338 		19.125
v 20.5795 		12.8338 		19.125
v 20.5795 		12.8338 		21.25
v 23.6742 		19.799 		21.2515
v 20.5788 		12.8338 		21.2515
v 20.5788 		12.8338 		19.125
v 23.6742 		19.799 		19.125
v 23.6742 		18.2495 		19.125
v 22.2083 		12.8338 		18.875
v 22.2083 		12.8338 		16.75
v 22.2093 		12.8338 		16.749
v 22.2093 		12.8338 		18.875
v 20.5788 		12.8338 		18.875
v 20.5788 		12.8338 		16.749
v 20.5795 		12.8338 		16.75
v 20.5795 		12.8338 		18.875
v 12.1096 		12.8338 		19.125
v 12.1096 		12.8338 		21.25
v 12.1086 		12.8338 		21.2515
v 12.1086 		12.8338 		19.125
v 13.7391 		12.8338 		21.2515
v 13.7384 		12.8338 		21.25
v 13.7384 		12.8338 		19.125
v 13.7391 		12.8338 		19.125
v 10.4808 		18.2505 		18.875
v 10.4808 		18.2505 		16.75
v 11.9467 		25.5243 		21.5
v 11.9467 		25.5243 		16.5
v 10.4808 		19.7981 		16.75
v 10.4808 		19.7981 		18.875
v 22.3712 		25.5243 		21.5
v 20.4166 		12.5243 		21.5
v 22.3712 		25.5243 		16.5
v 23.8371 		18.2505 		16.75
v 23.8371 		18.2505 		18.875
v 23.6742 		18.2505 		18.875
v 20.4166 		12.5243 		16.5
v 23.8371 		19.7981 		18.875
v 23.8371 		19.7981 		16.75
v 18.1362 		25.5243 		21.5
v 18.1362 		25.5243 		16.5
v 16.1816 		25.5243 		21.5
v 23.6742 		18.2495 		16.749
v 20.5788 		12.5243 		21.2515
v 22.2093 		12.5243 		21.2515
v 16.1816 		25.5243 		16.5
v 20.5788 		12.5243 		19.125
v 22.2093 		12.5243 		19.125
v 23.6742 		18.2495 		18.875
v 22.2083 		12.679 		21.25
v 22.2083 		12.679 		19.125
v 20.5795 		12.679 		19.125
v 20.5795 		12.679 		21.25
v 17.9743 		25.5243 		21.2515
v 16.3436 		25.5243 		21.2515
v 16.3436 		25.5243 		19.125
v 17.9743 		25.5243 		19.125
v 17.9734 		25.3695 		19.125
v 17.9734 		25.3695 		21.25
v 16.3445 		25.3695 		21.25
v 16.3445 		25.3695 		19.125
v 23.8371 		14.2267 		19.125
v 23.8371 		14.2267 		21.25
v 23.8371 		15.7743 		21.25
v 23.8371 		15.7743 		19.125
v 22.2093 		12.5243 		16.749
v 20.5788 		12.5243 		16.749
v 20.5788 		12.5243 		18.875
v 22.2093 		12.5243 		18.875
v 22.2083 		12.679 		18.875
v 22.2083 		12.679 		16.75
v 23.8371 		14.2267 		16.75
v 23.8371 		14.2267 		18.875
v 20.5795 		12.679 		16.75
v 20.5795 		12.679 		18.875
v 23.8371 		15.7743 		18.875
v 23.8371 		15.7743 		16.75
v 16.3436 		25.5243 		16.749
v 17.9743 		25.5243 		16.749
v 16.3436 		25.5243 		18.875
v 17.9743 		25.5243 		18.875
v 17.9734 		25.3695 		18.875
v 17.9734 		25.3695 		16.75
v 16.3445 		25.3695 		18.875
v 16.3445 		25.3695 		16.75
v 20.4166 		25.5243 		21.5
v 20.4166 		25.5243 		16.5
v 13.9013 		12.5243 		21.5
v 13.9013 		12.5243 		16.5
v 22.2093 		25.5243 		21.2515
v 20.5788 		25.5243 		21.2515
v 20.5788 		25.5243 		19.125
v 12.1086 		12.5243 		21.2515
v 13.7391 		12.5243 		21.2515
v 22.2093 		25.5243 		19.125
v 22.2083 		25.3695 		19.125
v 22.2083 		25.3695 		21.25
v 20.5795 		25.3695 		21.25
v 20.5795 		25.3695 		19.125
v 12.1096 		12.679 		19.125
v 12.1096 		12.679 		21.25
v 13.7384 		12.679 		21.25
v 13.7384 		12.679 		19.125
v 20.5788 		25.5243 		16.749
v 22.2093 		25.5243 		16.749
v 20.5788 		25.5243 		18.875
v 22.2093 		25.5243 		18.875
v 22.2083 		25.3695 		16.75
v 22.2083 		25.3695 		18.875
v 20.5795 		25.3695 		18.875
v 20.5795 		25.3695 		16.75
v 13.9013 		25.5243 		21.5
v 13.9013 		25.5243 		16.5
v 13.7391 		25.5243 		21.2515
v 12.1086 		25.5243 		21.2515
v 13.7391 		25.5243 		19.125
v 12.1086 		25.5243 		19.125
v 12.1096 		25.3695 		21.25
v 12.1096 		25.3695 		19.125
v 13.7384 		25.3695 		19.125
v 13.7384 		25.3695 		21.25
v 12.1086 		25.5243 		16.749
v 13.7391 		25.5243 		16.749
v 13.7391 		25.5243 		18.875
v 12.1086 		25.5243 		18.875
v 12.1096 		25.3695 		18.875
v 12.1096 		25.3695 		16.75
v 13.7384 		25.3695 		16.75
v 13.7384 		25.3695 		18.875
# 504 vertices

g group_9_40919

usemtl color_40919
s 0

f 1685 	1686 	1688
f 1685 	1688 	1689
f 1694 	1695 	1697
f 1694 	1697 	1698
f 1695 	1688 	1686
f 1695 	1686 	1697
f 1695 	1694 	1689
f 1695 	1689 	1688
f 1730 	1731 	1732
f 1730 	1732 	1733
f 1735 	1736 	1737
f 1735 	1737 	1739
f 1736 	1730 	1733
f 1736 	1733 	1737
f 1735 	1731 	1730
f 1735 	1730 	1736
f 1690 	1691 	1693
f 1690 	1693 	1780
f 1797 	1798 	1799
f 1797 	1799 	1800
f 1785 	1787 	1835
f 1785 	1835 	1836
f 1787 	1693 	1691
f 1787 	1691 	1835
f 1691 	1690 	1836
f 1691 	1836 	1835
f 1850 	1851 	1853
f 1850 	1853 	1854
f 1856 	1859 	1860
f 1856 	1860 	1862
f 1862 	1853 	1851
f 1862 	1851 	1856
f 1850 	1859 	1856
f 1850 	1856 	1851
f 1957 	1958 	1940
f 1957 	1940 	1939
f 1946 	1945 	1963
f 1946 	1963 	1964
f 1958 	1963 	1945
f 1958 	1945 	1940
f 1958 	1957 	1964
f 1958 	1964 	1963
f 1987 	1988 	1989
f 1987 	1989 	1990
f 1991 	1993 	1995
f 1991 	1995 	1996
f 1992 	1994 	1955
f 1992 	1955 	1954
f 1988 	1995 	1993
f 1988 	1993 	1989
f 1997 	1998 	1960
f 1997 	1960 	1959
f 1993 	1991 	1990
f 1993 	1990 	1989
f 1954 	1960 	1998
f 1954 	1998 	1992
f 1997 	1994 	1992
f 1997 	1992 	1998
f 1809 	1925 	1923
f 1809 	1923 	1921
f 1658 	2008 	2009
f 1658 	2009 	1659
f 2010 	1662 	1661
f 2010 	1661 	2011
f 2008 	2010 	2011
f 2008 	2011 	2009
f 1658 	1662 	2010
f 1658 	2010 	2008
f 1968 	1967 	2015
f 1968 	2015 	2016
f 2017 	2019 	1970
f 2017 	1970 	1969
f 2019 	2015 	1967
f 2019 	1967 	1970
f 2019 	2017 	2016
f 2019 	2016 	2015
f 1893 	1892 	2021
f 1893 	2021 	1734
f 1727 	2022 	1904
f 1727 	1904 	1728
f 1892 	1904 	2022
f 1892 	2022 	2021
f 2022 	1727 	1734
f 2022 	1734 	2021
f 1798 	1809 	1921
f 1798 	1921 	1799
f 1797 	1925 	1809
f 1797 	1809 	1798
f 2050 	2051 	1977
f 2050 	1977 	1976
f 2054 	2055 	1983
f 2054 	1983 	1981
f 1981 	1977 	2051
f 1981 	2051 	2054
f 2050 	2055 	2054
f 2050 	2054 	2051
f 2059 	2060 	2061
f 2059 	2061 	1712
f 2063 	2064 	1703
f 2063 	1703 	1702
f 2064 	2059 	1712
f 2064 	1712 	1703
f 2063 	2060 	2059
f 2063 	2059 	2064
f 2025 	2024 	2075
f 2025 	2075 	2076
f 2077 	2078 	2028
f 2077 	2028 	2027
f 2024 	2028 	2078
f 2024 	2078 	2075
f 2078 	2077 	2076
f 2078 	2076 	2075
f 2083 	2084 	1708
f 2083 	1708 	1706
f 1719 	1718 	2085
f 1719 	2085 	2086
f 2087 	2088 	1770
f 2087 	1770 	1768
f 2084 	2085 	1718
f 2084 	1718 	1708
f 1779 	1778 	2089
f 1779 	2089 	2090
f 2084 	2083 	2086
f 2084 	2086 	2085
f 1778 	1770 	2088
f 1778 	2088 	2089
f 2088 	2087 	2090
f 2088 	2090 	2089
f 2095 	2096 	2035
f 2095 	2035 	2034
f 2097 	2098 	1808
f 2097 	1808 	1806
f 2099 	2100 	2041
f 2099 	2041 	2040
f 2101 	2102 	1818
f 2101 	1818 	1816
f 2096 	2099 	2040
f 2096 	2040 	2035
f 2102 	2097 	1806
f 2102 	1806 	1818
f 2101 	2098 	2097
f 2101 	2097 	2102
f 2095 	2100 	2099
f 2095 	2099 	2096
f 2108 	2107 	1748
f 2108 	1748 	1746
f 2109 	2110 	1755
f 2109 	1755 	1753
f 1746 	1755 	2110
f 1746 	2110 	2108
f 2109 	2107 	2108
f 2109 	2108 	2110
f 2121 	2122 	1802
f 2121 	1802 	1801
f 1815 	1814 	2123
f 1815 	2123 	2124
f 2125 	2126 	2043
f 2125 	2043 	2042
f 2122 	2123 	1814
f 2122 	1814 	1802
f 2048 	2047 	2127
f 2048 	2127 	2128
f 2122 	2121 	2124
f 2122 	2124 	2123
f 2047 	2043 	2126
f 2047 	2126 	2127
f 2126 	2125 	2128
f 2126 	2128 	2127
f 2133 	2134 	1831
f 2133 	1831 	1830
f 2135 	2136 	1834
f 2135 	1834 	1833
f 1830 	1834 	2136
f 1830 	2136 	2133
f 2135 	2134 	2133
f 2135 	2133 	2136
f 1865 	1858 	2143
f 1865 	2143 	2144
f 2145 	2146 	1869
f 2145 	1869 	1868
f 2146 	2143 	1858
f 2146 	1858 	1869
f 2146 	2145 	2144
f 2146 	2144 	2143
f 2151 	2152 	1887
f 2151 	1887 	1886
f 2153 	2154 	1902
f 2153 	1902 	1901
f 1901 	1887 	2152
f 1901 	2152 	2153
f 2151 	2154 	2153
f 2151 	2153 	2152
# 192 faces

g group_9_12568524

usemtl color_12568524
s 0

f 1655 	1651 	1657
f 1652 	1657 	1651
f 1653 	1651 	1655
f 1654 	1656 	1658
f 1654 	1658 	1659
f 1660 	1657 	1652
f 1663 	1665 	1662
f 1661 	1662 	1665
f 1667 	1670 	1666
f 1656 	1663 	1658
f 1662 	1658 	1663
f 1663 	1667 	1666
f 1670 	1656 	1664
f 1664 	1666 	1670
f 1668 	1669 	1673
f 1672 	1673 	1669
f 1667 	1663 	1653
f 1655 	1667 	1653
f 1660 	1653 	1663
f 1663 	1656 	1660
f 1657 	1660 	1656
f 1657 	1656 	1670
f 1674 	1675 	1669
f 1668 	1678 	1669
f 1679 	1669 	1675
f 1682 	1677 	1676
f 1682 	1676 	1681
f 1669 	1678 	1680
f 1669 	1680 	1674
f 1684 	1674 	1680
f 1696 	1699 	1709
f 1672 	1701 	1696
f 1709 	1672 	1696
f 1707 	1709 	1699
f 1723 	1725 	1720
f 1728 	1729 	1727
f 1726 	1727 	1729
f 1713 	1714 	1724
f 1721 	1724 	1714
f 1734 	1727 	1726
f 1709 	1707 	1684
f 1680 	1709 	1684
f 1679 	1684 	1707
f 1707 	1701 	1679
f 1669 	1679 	1701
f 1669 	1701 	1672
f 1744 	1752 	1741
f 1740 	1741 	1752
f 1749 	1744 	1741
f 1750 	1740 	1752
f 1747 	1754 	1745
f 1751 	1745 	1754
f 1760 	1769 	1759
f 1745 	1751 	1761
f 1764 	1745 	1761
f 1766 	1765 	1759
f 1756 	1720 	1763
f 1762 	1763 	1720
f 1767 	1769 	1760
f 1766 	1759 	1769
f 1771 	1745 	1764
f 1774 	1775 	1763
f 1774 	1763 	1762
f 1769 	1767 	1750
f 1752 	1769 	1750
f 1749 	1750 	1767
f 1767 	1765 	1749
f 1744 	1749 	1765
f 1744 	1765 	1766
f 1720 	1756 	1781
f 1720 	1781 	1723
f 1782 	1783 	1784
f 1782 	1784 	1786
f 1751 	1788 	1761
f 1793 	1795 	1791
f 1790 	1791 	1795
f 1723 	1781 	1731
f 1732 	1731 	1781
f 1811 	1724 	1721
f 1811 	1721 	1812
f 1714 	1713 	1821
f 1714 	1821 	1822
f 1775 	1774 	1735
f 1775 	1735 	1739
f 1822 	1821 	1689
f 1685 	1689 	1821
f 1731 	1735 	1774
f 1731 	1774 	1723
f 1822 	1689 	1812
f 1811 	1812 	1694
f 1811 	1694 	1698
f 1682 	1681 	1826
f 1825 	1826 	1681
f 1694 	1812 	1689
f 1774 	1829 	1723
f 2114 	1829 	1774
f 1829 	1832 	1723
f 1725 	1723 	1832
f 1825 	1844 	1826
f 1841 	1826 	1844
f 1867 	1875 	1863
f 1804 	1863 	1875
f 1870 	1867 	1863
f 1873 	1804 	1875
f 1882 	1898 	1880
f 1883 	1884 	1877
f 1878 	1877 	1884
f 1888 	1885 	1880
f 1884 	1883 	1895
f 1884 	1895 	1896
f 1897 	1898 	1882
f 1888 	1880 	1898
f 1903 	1905 	1877
f 1903 	1877 	1878
f 1854 	1905 	1850
f 1905 	1903 	1850
f 1898 	1897 	1873
f 1875 	1898 	1873
f 1870 	1873 	1897
f 1897 	1885 	1870
f 1867 	1870 	1885
f 1867 	1885 	1888
f 1860 	1859 	1895
f 1896 	1895 	1859
f 1912 	1911 	1908
f 1907 	1908 	1911
f 1896 	1859 	1850
f 1896 	1850 	1903
f 1909 	1907 	1911
f 1845 	1910 	1784
f 1908 	1914 	1912
f 1926 	1916 	1917
f 1784 	1783 	1845
f 1924 	1926 	1917
f 1916 	1929 	1928
f 1926 	1929 	1916
f 1912 	1928 	1929
f 1919 	1912 	1922
f 1929 	1922 	1912
f 1926 	1924 	1909
f 1911 	1926 	1909
f 1914 	1909 	1924
f 1924 	1928 	1914
f 1912 	1914 	1928
f 1932 	1898 	1933
f 1714 	1681 	1721
f 1812 	1721 	1676
f 1875 	1933 	1898
f 1676 	1721 	1681
f 1822 	1681 	1714
f 1927 	1934 	1930
f 1878 	1884 	1825
f 1844 	1825 	1884
f 1842 	1927 	1930
f 1676 	1844 	1896
f 1884 	1896 	1844
f 1825 	1903 	1878
f 1867 	1888 	1935
f 1936 	1935 	1888
f 1867 	1933 	1875
f 1676 	1896 	1812
f 1822 	1812 	1896
f 1896 	1903 	1822
f 1681 	1822 	1903
f 1681 	1903 	1825
f 1933 	1867 	1935
f 1947 	1934 	1927
f 1947 	1927 	1948
f 1951 	1952 	1953
f 1950 	1951 	1953
f 1786 	1947 	1948
f 1786 	1948 	1782
f 1783 	1927 	1845
f 1842 	1845 	1927
f 1752 	1715 	1792
f 1930 	1934 	1910
f 1752 	1792 	1769
f 1784 	1910 	1934
f 1709 	1680 	1973
f 1678 	1973 	1680
f 1944 	1863 	1941
f 1804 	1941 	1863
f 1948 	1927 	1783
f 1948 	1783 	1782
f 1657 	1975 	1974
f 1863 	1944 	1943
f 1863 	1943 	1870
f 1947 	1786 	1934
f 1784 	1934 	1786
f 1942 	1941 	1804
f 1942 	1804 	1873
f 1657 	1670 	1975
f 1870 	1957 	1873
f 1942 	1873 	1957
f 1942 	1957 	1939
f 1870 	1943 	1964
f 1946 	1964 	1943
f 1986 	1667 	1982
f 1655 	1982 	1667
f 1964 	1957 	1870
f 1657 	1982 	1655
f 1795 	1985 	1848
f 1888 	1898 	1932
f 1795 	1848 	1790
f 1974 	1982 	1657
f 1888 	1932 	1936
f 1953 	1931 	1950
f 1725 	1999 	1840
f 1931 	1953 	1843
f 1840 	1839 	1725
f 1652 	1651 	2000
f 2001 	2000 	1651
f 2003 	2001 	1651
f 2003 	1651 	1653
f 1652 	2000 	2004
f 1652 	2004 	1660
f 1847 	1846 	2005
f 1949 	1882 	1961
f 1880 	1961 	1882
f 1987 	1990 	2004
f 1660 	2004 	1990
f 2002 	2005 	1846
f 1885 	1962 	1961
f 1885 	1961 	1880
f 1996 	2003 	1991
f 2003 	1653 	1991
f 1882 	1949 	1956
f 1882 	1956 	1897
f 1991 	1653 	1990
f 1660 	1990 	1653
f 1843 	1953 	1848
f 1790 	1848 	1953
f 1864 	2006 	1754
f 1955 	1994 	1956
f 1897 	1956 	1994
f 1751 	1754 	2006
f 1959 	1962 	1997
f 1962 	1885 	1997
f 1897 	1994 	1885
f 2007 	1874 	1747
f 1670 	1667 	1986
f 1670 	1986 	1975
f 1997 	1885 	1994
f 1931 	1985 	1795
f 1745 	2007 	1747
f 2006 	1864 	2007
f 1937 	1926 	1938
f 1911 	1938 	1926
f 1911 	1912 	1919
f 1911 	1919 	1938
f 1874 	2007 	1864
f 1950 	1931 	1795
f 1791 	1952 	1951
f 1791 	1951 	1793
f 2014 	2006 	2012
f 2007 	2012 	2006
f 1790 	1953 	1791
f 1952 	1791 	1953
f 1726 	2012 	2007
f 1666 	1664 	2018
f 2013 	2018 	1664
f 1950 	1795 	1951
f 1793 	1951 	1795
f 2020 	2006 	2014
f 1666 	2018 	1665
f 1666 	1665 	1663
f 1656 	1654 	2013
f 1656 	2013 	1664
f 1966 	1908 	1971
f 1907 	1971 	1908
f 1972 	1971 	1907
f 1972 	1907 	1909
f 1675 	1852 	2029
f 1908 	1966 	1965
f 1908 	1965 	1914
f 1675 	1674 	1852
f 1914 	1965 	2016
f 1968 	2016 	1965
f 1675 	2029 	2032
f 1675 	2032 	1679
f 2033 	1852 	1674
f 2033 	1674 	1684
f 1972 	1909 	2017
f 1972 	2017 	1969
f 1780 	2033 	1690
f 2033 	1684 	1690
f 2012 	1906 	1889
f 2012 	1889 	2014
f 1785 	1836 	2032
f 1679 	2032 	1836
f 1729 	1906 	2012
f 1729 	2012 	1726
f 1679 	1836 	1690
f 1679 	1690 	1684
f 2014 	1889 	1894
f 2014 	1894 	2020
f 1761 	1913 	1920
f 1761 	1920 	1764
f 1709 	1673 	1672
f 1894 	1734 	2020
f 1893 	1734 	1894
f 1726 	2020 	1734
f 1909 	1914 	2017
f 2016 	2017 	1914
f 1764 	1920 	1918
f 1764 	1918 	1771
f 1788 	1915 	1913
f 1788 	1913 	1761
f 1922 	1929 	1937
f 1915 	1788 	1797
f 1915 	1797 	1800
f 1926 	1937 	1929
f 1788 	1771 	1925
f 1771 	1918 	1925
f 1923 	1925 	1918
f 1925 	1797 	1788
f 2052 	2053 	1881
f 2052 	1881 	1849
f 2007 	1745 	1771
f 1788 	2020 	1771
f 1751 	2006 	1788
f 2006 	2020 	1788
f 2020 	1726 	1771
f 2007 	1771 	1726
f 1673 	1709 	1973
f 2057 	1861 	1857
f 2058 	2056 	1824
f 2062 	2057 	1857
f 2056 	1794 	1824
f 1917 	1978 	1980
f 2057 	2002 	1846
f 2065 	1700 	2066
f 1861 	2057 	1846
f 1916 	1978 	1917
f 1738 	2066 	1700
f 2068 	1699 	1704
f 1696 	1704 	1699
f 1917 	1980 	1984
f 1917 	1984 	1924
f 2071 	1687 	2067
f 1928 	1979 	1978
f 1928 	1978 	1916
f 2071 	1692 	1687
f 2072 	2069 	2057
f 2070 	2002 	2069
f 1976 	1979 	2050
f 1979 	1928 	2050
f 1924 	2050 	1928
f 1701 	1705 	1704
f 1701 	1704 	1696
f 2070 	2073 	2002
f 2057 	2069 	2002
f 1687 	1700 	2065
f 1983 	2055 	1984
f 1924 	1984 	2055
f 1699 	2068 	2074
f 1699 	2074 	1707
f 1687 	2065 	2067
f 2050 	1924 	2055
f 1707 	2074 	2060
f 2061 	2060 	2074
f 1707 	2063 	1701
f 1705 	1701 	2063
f 1705 	2063 	1702
f 1844 	1676 	1841
f 1677 	1841 	1676
f 2080 	2065 	2079
f 2060 	2063 	1707
f 1744 	1789 	1717
f 2071 	2067 	2081
f 2080 	2081 	2067
f 2065 	2080 	2067
f 2082 	2079 	2065
f 1766 	1789 	1744
f 2030 	2070 	2069
f 1744 	1715 	1752
f 2023 	2070 	2030
f 1717 	1715 	1744
f 2031 	2030 	2069
f 2031 	2069 	2072
f 2070 	2023 	2026
f 2070 	2026 	2073
f 2026 	2076 	2073
f 2025 	2076 	2026
f 2027 	2031 	2077
f 2072 	2077 	2031
f 2077 	2072 	2076
f 2073 	2076 	2072
f 2079 	1710 	1716
f 2079 	1716 	2080
f 1847 	2005 	1857
f 1777 	1741 	1772
f 1740 	1772 	1741
f 2080 	1716 	1722
f 2080 	1722 	2081
f 1741 	1777 	1776
f 1741 	1776 	1749
f 1711 	1710 	2079
f 1711 	2079 	2082
f 2062 	1857 	2005
f 1773 	1772 	1740
f 1773 	1740 	1750
f 1768 	1773 	2087
f 1773 	1750 	2087
f 1749 	2087 	1750
f 1711 	2082 	2083
f 1711 	2083 	1706
f 1779 	2090 	1776
f 1749 	1776 	2090
f 2091 	2092 	2005
f 2062 	2005 	2092
f 2081 	1722 	2086
f 1719 	2086 	1722
f 2087 	1749 	2090
f 2057 	2062 	2093
f 2092 	2093 	2062
f 1789 	1766 	1792
f 2082 	2081 	2083
f 2086 	2083 	2081
f 2091 	2005 	2094
f 2002 	2094 	2005
f 1792 	1766 	1769
f 2071 	1738 	1692
f 1738 	2071 	2066
f 2104 	2066 	2103
f 2071 	2105 	2103
f 2065 	2066 	2106
f 2104 	2106 	2066
f 2071 	2103 	2066
f 1742 	2107 	2106
f 1748 	2107 	1742
f 1803 	1760 	1819
f 1759 	1819 	1760
f 2039 	2092 	2036
f 2091 	2036 	2092
f 1765 	1820 	1819
f 1765 	1819 	1759
f 1753 	1758 	2109
f 2105 	2109 	1758
f 2092 	2039 	2038
f 2092 	2038 	2093
f 1760 	1803 	1810
f 1760 	1810 	1767
f 1767 	1810 	2098
f 1808 	2098 	1810
f 2094 	2037 	2036
f 2094 	2036 	2091
f 2105 	2106 	2107
f 2105 	2107 	2109
f 1767 	2098 	1765
f 1820 	1765 	2101
f 1820 	2101 	1816
f 2037 	2094 	2095
f 2037 	2095 	2034
f 2101 	1765 	2098
f 2105 	2081 	2106
f 2071 	2081 	2105
f 2081 	2082 	2106
f 2065 	2106 	2082
f 2093 	2038 	2100
f 2041 	2100 	2038
f 2103 	1743 	2104
f 2094 	2093 	2095
f 2100 	2095 	2093
f 2112 	1823 	2111
f 2103 	1757 	1743
f 2094 	2073 	2093
f 2002 	2073 	2094
f 2073 	2072 	2093
f 2057 	2093 	2072
f 1796 	2111 	1823
f 2105 	1758 	1757
f 2105 	1757 	2103
f 1794 	2111 	1796
f 2114 	1876 	2113
f 2104 	1743 	1742
f 2104 	1742 	2106
f 1879 	1876 	2114
f 2056 	2111 	1794
f 2111 	2056 	2116
f 1999 	2113 	1876
f 1999 	1876 	1840
f 2112 	2111 	2117
f 2116 	2117 	2111
f 2113 	1999 	2119
f 2120 	2115 	2056
f 2115 	2116 	2056
f 2114 	2113 	1829
f 2119 	1829 	2113
f 2118 	2119 	1999
f 2118 	1999 	1832
f 1725 	1832 	1999
f 2118 	2046 	2119
f 2115 	1805 	1813
f 2115 	1813 	2116
f 2046 	2118 	2044
f 2116 	1813 	1817
f 2116 	1817 	2117
f 2119 	2046 	2049
f 2119 	2049 	1829
f 1807 	1805 	2115
f 1807 	2115 	2120
f 2045 	2044 	2118
f 2045 	2118 	1832
f 1807 	2120 	2121
f 1807 	2121 	1801
f 1832 	1829 	2125
f 2042 	2045 	2125
f 1832 	2125 	2045
f 2117 	1817 	2124
f 1815 	2124 	1817
f 2049 	2128 	1829
f 2048 	2128 	2049
f 2120 	2117 	2121
f 2124 	2121 	2117
f 1829 	2128 	2125
f 1725 	1879 	2114
f 2112 	2058 	1823
f 1824 	1823 	2058
f 1879 	1725 	1839
f 1720 	1725 	1762
f 2114 	1762 	1725
f 1762 	2114 	1774
f 2130 	2058 	2129
f 2112 	2129 	2058
f 2112 	2131 	2129
f 2056 	2058 	2132
f 2130 	2132 	2058
f 1837 	2130 	2129
f 1828 	2130 	1837
f 2131 	1838 	1837
f 2131 	1837 	2129
f 2130 	1828 	1827
f 2130 	1827 	2132
f 1827 	2134 	2132
f 1831 	2134 	1827
f 1833 	1838 	2135
f 2131 	2135 	1838
f 2135 	2131 	2134
f 2132 	2134 	2131
f 2131 	2117 	2132
f 2112 	2117 	2131
f 2117 	2120 	2132
f 2056 	2132 	2120
f 2137 	1683 	1671
f 2138 	2137 	1671
f 1849 	1683 	2137
f 1849 	2137 	2052
f 2140 	2052 	2139
f 2141 	2139 	2137
f 2142 	2052 	2140
f 2137 	2139 	2052
f 1855 	2140 	1871
f 2139 	1871 	2140
f 1872 	1871 	2139
f 1872 	2139 	2141
f 2140 	1855 	1866
f 2140 	1866 	2142
f 2142 	1866 	2144
f 1865 	2144 	1866
f 1872 	2141 	2145
f 1872 	2145 	1868
f 2144 	2145 	2141
f 2144 	2141 	2142
f 1671 	1881 	2138
f 2138 	1881 	2053
f 2138 	2053 	2148
f 2137 	2138 	2149
f 2148 	2149 	2138
f 2147 	2053 	2150
f 2147 	2148 	2053
f 2052 	2150 	2053
f 2147 	1900 	2148
f 2147 	1890 	1900
f 2148 	1900 	1899
f 2148 	1899 	2149
f 2150 	1891 	1890
f 2150 	1890 	2147
f 1886 	1891 	2151
f 2150 	2151 	1891
f 1899 	2154 	2149
f 1902 	2154 	1899
f 2154 	2151 	2149
f 2150 	2149 	2151
f 2150 	2142 	2149
f 2052 	2142 	2150
f 2142 	2141 	2149
f 2137 	2149 	2141
# 588 faces

g group_9_14860437

usemtl color_14860437
s 0

f 1683 	1930 	1687
f 1671 	1683 	1687
f 1687 	1692 	1671
f 1931 	1671 	1692
f 1700 	1687 	1910
f 1704 	1705 	1703
f 1702 	1703 	1705
f 1710 	1711 	1708
f 1706 	1708 	1711
f 1703 	1712 	1704
f 1719 	1722 	1718
f 1716 	1718 	1722
f 1708 	1718 	1716
f 1708 	1716 	1710
f 1931 	1692 	1738
f 1742 	1743 	1746
f 1742 	1746 	1748
f 1757 	1758 	1755
f 1753 	1755 	1758
f 1772 	1773 	1770
f 1768 	1770 	1773
f 1776 	1777 	1778
f 1776 	1778 	1779
f 1770 	1778 	1777
f 1770 	1777 	1772
f 1755 	1746 	1743
f 1755 	1743 	1757
f 1794 	1796 	1910
f 1789 	1792 	1848
f 1805 	1807 	1802
f 1801 	1802 	1807
f 1808 	1810 	1806
f 1803 	1806 	1810
f 1815 	1817 	1814
f 1813 	1814 	1817
f 1819 	1820 	1818
f 1816 	1818 	1820
f 1802 	1814 	1813
f 1802 	1813 	1805
f 1803 	1819 	1806
f 1818 	1806 	1819
f 1824 	1985 	1823
f 1827 	1828 	1830
f 1827 	1830 	1831
f 1837 	1838 	1834
f 1833 	1834 	1838
f 1840 	1842 	1839
f 1843 	1839 	1842
f 1828 	1837 	1830
f 1834 	1830 	1837
f 1847 	1848 	1846
f 1845 	1846 	1848
f 1849 	1930 	1683
f 1865 	1866 	1858
f 1855 	1858 	1866
f 1861 	1845 	1864
f 1857 	1861 	1864
f 1864 	1754 	1857
f 1843 	1848 	1754
f 1871 	1872 	1869
f 1868 	1869 	1872
f 1855 	1871 	1858
f 1869 	1858 	1871
f 1845 	1842 	1874
f 1747 	1874 	1876
f 1876 	1879 	1747
f 1843 	1747 	1879
f 1864 	1845 	1874
f 1890 	1891 	1887
f 1886 	1887 	1891
f 1893 	1894 	1892
f 1889 	1892 	1894
f 1899 	1900 	1901
f 1899 	1901 	1902
f 1906 	1729 	1904
f 1728 	1904 	1729
f 1887 	1901 	1900
f 1887 	1900 	1890
f 1904 	1892 	1889
f 1904 	1889 	1906
f 1747 	1843 	1754
f 1913 	1915 	1799
f 1800 	1799 	1915
f 1826 	1843 	1682
f 1843 	1842 	1682
f 1913 	1921 	1920
f 1918 	1920 	1921
f 1918 	1921 	1923
f 1931 	1843 	1922
f 1919 	1922 	1841
f 1841 	1677 	1919
f 1677 	1842 	1919
f 1930 	1931 	1932
f 1930 	1932 	1933
f 1936 	1937 	1935
f 1931 	1937 	1936
f 1937 	1938 	1935
f 1930 	1935 	1938
f 1935 	1930 	1933
f 1941 	1942 	1940
f 1939 	1940 	1942
f 1943 	1944 	1945
f 1943 	1945 	1946
f 1940 	1945 	1944
f 1940 	1944 	1941
f 1936 	1932 	1931
f 1955 	1956 	1954
f 1949 	1954 	1956
f 1961 	1962 	1960
f 1959 	1960 	1962
f 1949 	1961 	1954
f 1960 	1954 	1961
f 1919 	1930 	1938
f 1965 	1966 	1967
f 1965 	1967 	1968
f 1971 	1972 	1970
f 1969 	1970 	1972
f 1970 	1967 	1966
f 1970 	1966 	1971
f 1922 	1937 	1931
f 1978 	1979 	1977
f 1976 	1977 	1979
f 1980 	1978 	1981
f 1983 	1984 	1981
f 1980 	1981 	1984
f 1977 	1981 	1978
f 1682 	1842 	1677
f 1930 	1919 	1842
f 1821 	1713 	1686
f 1821 	1686 	1685
f 1724 	1811 	1697
f 1698 	1697 	1811
f 1713 	1724 	1686
f 1697 	1686 	1724
f 1826 	1841 	1843
f 1841 	1922 	1843
f 1877 	1905 	1853
f 1854 	1853 	1905
f 1860 	1895 	1862
f 1883 	1862 	1895
f 1853 	1862 	1883
f 1853 	1883 	1877
f 1799 	1921 	1913
f 1846 	1845 	1861
f 2025 	2026 	2024
f 2023 	2024 	2026
f 2030 	2031 	2028
f 2027 	2028 	2031
f 2023 	2030 	2024
f 2028 	2024 	2030
f 1857 	1754 	1848
f 1847 	1857 	1848
f 2036 	2037 	2035
f 2034 	2035 	2037
f 2038 	2039 	2040
f 2038 	2040 	2041
f 2035 	2040 	2039
f 2035 	2039 	2036
f 1876 	1874 	1842
f 1840 	1876 	1842
f 2044 	2045 	2043
f 2042 	2043 	2045
f 2048 	2049 	2047
f 2046 	2047 	2049
f 2043 	2047 	2046
f 2043 	2046 	2044
f 1839 	1843 	1879
f 1781 	1756 	1733
f 1781 	1733 	1732
f 1763 	1775 	1737
f 1739 	1737 	1775
f 1756 	1763 	1733
f 1737 	1733 	1763
f 1845 	1848 	1792
f 1845 	1792 	1715
f 1715 	1717 	1845
f 1848 	1973 	1789
f 1717 	1789 	1973
f 1973 	1678 	1717
f 1678 	1845 	1717
f 1985 	1910 	1975
f 1974 	1975 	1910
f 1985 	1986 	1673
f 1668 	1673 	1986
f 1986 	1982 	1668
f 1982 	1910 	1668
f 1845 	1668 	1910
f 1974 	1910 	1982
f 2004 	2000 	1988
f 2004 	1988 	1987
f 2001 	2003 	1995
f 1996 	1995 	2003
f 2000 	2001 	1988
f 1995 	1988 	2001
f 1975 	1986 	1985
f 2013 	1654 	2009
f 1659 	2009 	1654
f 1661 	1665 	2011
f 2018 	2011 	1665
f 2009 	2011 	2018
f 2009 	2018 	2013
f 1668 	1845 	1678
f 1852 	2033 	1693
f 1780 	1693 	2033
f 1852 	1787 	2029
f 2032 	2029 	1787
f 2032 	1787 	1785
f 1693 	1787 	1852
f 1848 	1985 	1673
f 1973 	1848 	1673
f 2068 	1704 	1712
f 2061 	2074 	1712
f 2068 	1712 	2074
f 1910 	1687 	1930
f 1930 	1849 	1881
f 1881 	1671 	1931
f 1930 	1881 	1931
f 1794 	1910 	1824
f 1910 	1985 	1824
f 1931 	1738 	1985
f 1910 	1796 	1700
f 1796 	1823 	1700
f 1738 	1700 	1823
f 1823 	1985 	1738
# 224 faces

 #end of obj_9

o obj_10
v 5.6821 		22.7494 		21.2515
v 5.6821 		24.2985 		21.2515
v 5.6821 		22.7494 		19.125
v 5.3564 		24.2985 		18.875
v 5.6821 		22.5952 		21.5
v 5.6821 		24.2985 		18.875
v 5.6821 		24.4524 		21.5
v 5.5192 		24.2976 		18.875
v 5.3564 		24.2976 		18.875
v 5.6821 		24.2985 		19.125
v 5.3564 		22.75 		18.875
v 5.5192 		22.75 		18.875
v 5.6821 		22.7494 		18.875
v 5.6821 		24.2985 		16.749
v 5.3564 		22.7494 		18.875
v 5.6821 		22.7494 		16.749
v 5.6821 		22.5952 		16.5
v 5.3564 		20.4286 		21.5
v 5.6821 		20.4286 		21.5
v 5.6821 		24.4524 		16.5
v -4.4166 		25.6905 		16.5
v 5.6821 		20.4286 		16.5
v 5.3564 		20.4286 		16.5
v 5.6821 		18.7253 		21.2515
v 5.6821 		20.2747 		21.2515
v -8 		16.4048 		21.5
v -7.6742 		16.4048 		21.5
v 5.3564 		18.5714 		21.5
v 5.6821 		20.2747 		19.125
v 5.6821 		18.5714 		21.5
v -8 		14.5476 		21.5
v -7.6742 		14.5476 		21.5
v -4.4166 		25.6905 		21.5
v 5.6821 		18.7253 		19.125
v -7.6742 		14.7024 		19.125
v -7.6742 		14.7024 		21.25
v -2.1362 		25.6905 		21.5
v -7.8371 		14.7024 		21.25
v -7.8371 		14.7024 		19.125
v 5.5192 		18.7262 		19.125
v 5.5192 		18.7262 		21.25
v -2.1362 		25.6905 		16.5
v 5.3564 		18.7262 		21.25
v -7.8371 		16.25 		19.125
v -7.8371 		16.25 		21.25
v 5.6821 		20.2747 		16.749
v -7.6742 		16.25 		21.25
v -7.6742 		16.25 		19.125
v 5.6821 		18.7253 		16.749
v -0.1816 		25.6905 		21.5
v 5.6821 		20.2747 		18.875
v 5.3564 		20.2738 		18.875
v 5.3564 		20.2738 		16.75
v 5.3564 		20.2747 		16.749
v 5.3564 		20.2747 		18.875
v -0.3445 		25.6905 		19.125
v 5.6821 		18.7253 		18.875
v -0.3445 		25.6905 		21.25
v 5.6821 		18.5714 		16.5
v -0.3436 		25.6905 		21.2515
v -0.3436 		25.6905 		19.125
v 5.3564 		18.7262 		16.75
v -7.6742 		14.7015 		21.2515
v -8 		14.7015 		21.2515
v 5.3564 		14.5476 		21.5
v -1.9743 		25.6905 		21.2515
v 5.3564 		16.4048 		21.5
v -1.9734 		25.6905 		21.25
v -1.9734 		25.6905 		19.125
v -6.2093 		13 		16.749
v -8 		16.2506 		21.2515
v -1.9743 		25.6905 		19.125
v -6.2093 		13 		18.875
v -7.6742 		16.2506 		21.2515
v -6.3712 		13 		16.5
v -1.9743 		13 		19.125
v -1.9734 		13.1548 		19.125
v -1.9734 		13.3095 		19.125
v -1.9743 		13.3095 		19.125
v -6.2083 		13.1548 		16.75
v -6.2083 		13.1548 		18.875
v -6.2083 		13.3095 		18.875
v -6.2083 		13.3095 		16.75
v -0.3445 		13.1548 		19.125
v -4.5795 		13.1548 		18.875
v -4.5795 		13.1548 		16.75
v -4.5795 		13.3095 		16.75
v -0.1816 		25.6905 		16.5
v -4.5795 		13.3095 		18.875
v 5.6821 		14.7015 		21.2515
v 5.6821 		16.2506 		21.2515
v -0.3436 		25.6905 		18.875
v -0.3436 		25.6905 		16.749
v 5.6821 		16.4048 		21.5
v -2.1362 		13 		16.5
v -0.3445 		25.6905 		16.75
v -2.1362 		13.3095 		16.5
v -0.3445 		25.6905 		18.875
v 5.6821 		16.2506 		19.125
v 5.6821 		14.7015 		19.125
v -0.1816 		13 		16.5
v 5.6821 		14.5476 		21.5
v -1.9734 		25.6905 		18.875
v -0.1816 		13.3095 		16.5
v -1.9734 		25.6905 		16.75
v -6.2093 		13.3095 		16.749
v -1.9743 		25.6905 		16.749
v -1.9743 		25.6905 		18.875
v 5.6821 		16.2506 		16.749
v 5.6821 		14.7015 		16.749
v -0.3436 		13 		16.749
v -4.5788 		13 		16.749
v -4.5788 		13.3095 		16.749
v -1.9743 		13 		16.749
v 5.6821 		16.2506 		18.875
v 5.6821 		16.4048 		16.5
v 5.6821 		14.7015 		18.875
v 5.3564 		14.7024 		19.125
v 5.6821 		14.5476 		16.5
v 5.3564 		14.7024 		21.25
v -1.9743 		13 		18.875
v 5.3564 		14.7015 		21.2515
v 5.3564 		14.7015 		19.125
v -4.5788 		13 		18.875
v -4.5788 		13.3095 		18.875
v 5.3564 		16.2506 		19.125
v 5.3564 		16.2506 		21.2515
v 5.3564 		16.25 		21.25
v 5.3564 		16.25 		19.125
v 5.3564 		18.7262 		19.125
v -6.2093 		13.3095 		18.875
v 5.6821 		13 		24
v 5.6821 		13 		23
v 5.6821 		26 		23
v 5.3564 		20.2738 		19.125
v 5.6821 		26 		24
v 5.3564 		20.2738 		21.25
v -0.3436 		13 		18.875
v 5.3564 		16.4048 		16.5
v 5.6821 		13 		15
v 5.6821 		13 		14
v 5.3564 		14.5476 		16.5
v 5.6821 		26 		14
v 4.0533 		25.6905 		21.5
v 5.6821 		26 		15
v 2.0987 		25.6905 		21.5
v -0.3445 		13.1548 		18.875
v -0.3445 		13.1548 		16.75
v -0.3445 		13.3095 		16.75
v -0.3445 		13.3095 		18.875
v 3.8904 		25.6905 		19.125
v 3.8904 		25.6905 		21.25
v 5.3564 		14.7015 		16.749
v -8 		24.2985 		21.2515
v 3.8914 		25.6905 		21.2515
v 5.3564 		14.7024 		16.75
v 3.8914 		25.6905 		19.125
v 5.3564 		14.7024 		18.875
v -1.9734 		13.1548 		16.75
v 5.3564 		14.7015 		18.875
v -7.6742 		16.2506 		19.125
v -8 		16.2506 		19.125
v 2.2609 		25.6905 		21.2515
v 2.2616 		25.6905 		21.25
v 2.2616 		25.6905 		19.125
v 5.3564 		16.25 		18.875
v 2.2609 		25.6905 		19.125
v 5.3564 		16.25 		16.75
v 5.3564 		16.2506 		16.749
v 5.3564 		16.2506 		18.875
v -7.6742 		14.7015 		19.125
v -8 		14.7015 		19.125
v 2.0987 		25.6905 		16.5
v 4.0533 		25.6905 		16.5
v -8 		14.5476 		16.5
v -7.6742 		14.5476 		16.5
v 3.8914 		25.6905 		18.875
v 3.8914 		25.6905 		16.749
v -4.5788 		13 		19.125
v 3.8904 		25.6905 		16.75
v 3.8904 		25.6905 		18.875
v -6.2093 		13 		19.125
v 2.2616 		25.6905 		18.875
v 2.2616 		25.6905 		16.75
v 5.5192 		20.2738 		21.25
v 5.5192 		20.2738 		19.125
v 2.2609 		25.6905 		16.749
v 2.2609 		25.6905 		18.875
v -6.3712 		13.3095 		16.5
v -6.3712 		13.3095 		21.5
v -7.6742 		16.4048 		16.5
v -7.6742 		13.3095 		23
v -7.6742 		13.3095 		15
v -8 		16.4048 		16.5
v 5.3564 		13.3095 		23
v 4.0533 		13.3095 		21.5
v 4.0533 		13.3095 		16.5
v 5.3564 		13.3095 		15
v -6.3712 		25.6905 		21.5
v -7.8371 		14.7024 		18.875
v -7.8371 		14.7024 		16.75
v 5.3564 		18.7253 		21.2515
v -7.6742 		14.7024 		16.75
v -7.6742 		14.7024 		18.875
v -6.2093 		25.6905 		21.2515
v -7.8371 		16.25 		16.75
v 2.0987 		13.3095 		16.5
v -6.2083 		25.6905 		21.25
v -7.8371 		16.25 		18.875
v -7.6742 		16.25 		18.875
v 2.0987 		13.3095 		21.5
v -7.6742 		16.25 		16.75
v -8 		22.7494 		21.2515
v -0.1816 		13.3095 		21.5
v -6.2083 		25.6905 		19.125
v -6.2093 		25.6905 		19.125
v -8 		22.5952 		21.5
v -4.5795 		25.6905 		19.125
v -4.5795 		25.6905 		21.25
v -8 		22.7494 		19.125
v -4.5788 		25.6905 		21.2515
v -4.5788 		25.6905 		19.125
v -8 		24.2985 		19.125
v -2.1362 		13.3095 		21.5
v -8 		24.4524 		21.5
v -4.4166 		13.3095 		21.5
v -7.6742 		14.7015 		16.749
v -8 		14.7015 		16.749
v -4.4166 		13.3095 		16.5
v -8 		22.7494 		16.749
v -6.3712 		25.6905 		16.5
v -8 		24.2985 		16.749
v -7.6742 		16.2506 		16.749
v -8 		16.2506 		16.749
v -8 		22.7494 		18.875
v -6.2083 		25.6905 		18.875
v -6.2083 		25.6905 		16.75
v -8 		22.5952 		16.5
v -0.3436 		13.3095 		21.2515
v -6.2093 		25.6905 		16.749
v -6.2093 		25.6905 		18.875
v -0.3445 		13.3095 		21.25
v -0.3445 		13.3095 		19.125
v -0.3436 		13.3095 		19.125
v -7.6742 		16.2506 		18.875
v -8 		16.2506 		18.875
v -8 		24.2985 		18.875
v -8 		24.4524 		16.5
v -4.5788 		25.6905 		18.875
v -4.5788 		25.6905 		16.749
v -4.5795 		25.6905 		16.75
v -4.5795 		25.6905 		18.875
v -8 		14.7015 		18.875
v -1.9734 		13.3095 		21.25
v -7.6742 		14.7015 		18.875
v -1.9743 		13.3095 		21.2515
v -8 		20.2747 		21.2515
v -8 		18.7253 		21.2515
v -8 		20.2747 		19.125
v 5.3564 		25.6905 		23
v -8 		20.4286 		21.5
v -8 		18.5714 		21.5
v -0.3436 		13.3095 		16.749
v -8 		18.7253 		19.125
v -0.3436 		13.3095 		18.875
v -8 		18.7253 		16.749
v -8 		20.2747 		16.749
v -1.9743 		13.3095 		18.875
v -7.6742 		18.5714 		21.5
v -1.9743 		13.3095 		16.749
v -1.9734 		13.3095 		16.75
v -7.6742 		18.5714 		16.5
v -1.9734 		13.3095 		18.875
v -8 		20.2747 		18.875
v -1.9734 		13.1548 		18.875
v -8 		20.4286 		16.5
v -8 		13 		23
v -8 		18.7253 		18.875
v -8 		18.5714 		16.5
v -7.6742 		25.6905 		23
v -7.6742 		25.6905 		15
v -7.6742 		24.4524 		16.5
v -7.6742 		24.4524 		21.5
v -8 		26 		23
v -7.6742 		22.5952 		21.5
v -7.6742 		22.5952 		16.5
v -7.6742 		20.4286 		16.5
v -7.6742 		20.4286 		21.5
v -7.6742 		24.2976 		19.125
v -7.6742 		24.2976 		21.25
v -7.6742 		24.2985 		21.2515
v -7.6742 		24.2985 		19.125
v -7.6742 		22.7494 		19.125
v -7.6742 		22.7494 		21.2515
v -7.6742 		22.75 		21.25
v -7.6742 		22.75 		19.125
v -8 		26 		24
v -8 		13 		24
v -7.6742 		24.2985 		16.749
v -8 		26 		15
v -8 		26 		14
v -8 		13 		14
v -8 		13 		15
v -7.6742 		24.2976 		16.75
v -7.6742 		24.2976 		18.875
v -7.6742 		24.2985 		18.875
v -7.8371 		24.2976 		19.125
v -7.8371 		24.2976 		21.25
v -7.6742 		22.75 		18.875
v -7.6742 		22.75 		16.75
v -7.6742 		22.7494 		16.749
v -7.6742 		22.7494 		18.875
v -7.8371 		22.75 		21.25
v -7.8371 		22.75 		19.125
v -7.6742 		18.7253 		19.125
v -7.6742 		18.7253 		21.2515
v -7.6742 		18.7262 		21.25
v -7.6742 		18.7262 		19.125
v -7.6742 		20.2738 		19.125
v -7.6742 		20.2738 		21.25
v -7.6742 		20.2747 		21.2515
v -7.6742 		20.2747 		19.125
v 5.3564 		18.5714 		16.5
v 5.3564 		24.4524 		21.5
v 5.3564 		24.4524 		16.5
v -7.6742 		18.7262 		18.875
v -7.6742 		18.7262 		16.75
v -7.6742 		18.7253 		16.749
v -7.6742 		18.7253 		18.875
v -7.6742 		20.2747 		16.749
v -7.6742 		20.2738 		16.75
v 5.3564 		22.5952 		21.5
v -7.6742 		20.2738 		18.875
v -7.6742 		20.2747 		18.875
v 5.3564 		25.6905 		15
v 5.3564 		22.5952 		16.5
v 5.3564 		24.2976 		19.125
v 5.3564 		24.2976 		21.25
v 5.5192 		24.2976 		21.25
v 5.5192 		24.2976 		19.125
v 5.5192 		22.75 		19.125
v -7.8371 		24.2976 		16.75
v 5.5192 		22.75 		21.25
v -7.8371 		24.2976 		18.875
v 5.3564 		22.75 		21.25
v 5.3564 		22.75 		19.125
v -7.8371 		22.75 		18.875
v -7.8371 		22.75 		16.75
v -6.3712 		13 		21.5
v 5.3564 		24.2985 		21.2515
v 5.3564 		22.7494 		21.2515
v 4.0533 		13 		21.5
v 5.3564 		22.7494 		19.125
v 5.3564 		24.2985 		19.125
v 4.0533 		13 		16.5
v -0.1816 		13 		21.5
v -2.1362 		13 		21.5
v 5.5192 		24.2976 		16.75
v 5.3564 		24.2976 		16.75
v 5.5192 		22.75 		16.75
v 5.3564 		22.75 		16.75
v -1.9743 		13 		21.2515
v 5.3564 		24.2985 		16.749
v -0.3436 		13 		21.2515
v -7.8371 		18.7262 		21.25
v -7.8371 		18.7262 		19.125
v -7.8371 		20.2738 		19.125
v 5.3564 		22.7494 		16.749
v -7.8371 		20.2738 		21.25
v -0.3436 		13 		19.125
v -0.3445 		13.1548 		21.25
v -1.9734 		13.1548 		21.25
v 3.8914 		13.3095 		21.2515
v 3.8904 		13.3095 		21.25
v 3.8904 		13.3095 		19.125
v 3.8914 		13.3095 		19.125
v 2.2616 		13.3095 		19.125
v 2.2616 		13.3095 		21.25
v 5.3564 		20.2747 		21.2515
v 2.2609 		13.3095 		21.2515
v 2.2609 		13.3095 		19.125
v 5.3564 		20.2747 		19.125
v 5.3564 		18.7253 		19.125
v 3.8904 		13.3095 		18.875
v 3.8904 		13.3095 		16.75
v 3.8914 		13.3095 		16.749
v 3.8914 		13.3095 		18.875
v 2.2609 		13.3095 		18.875
v 2.2609 		13.3095 		16.749
v 2.2616 		13.3095 		16.75
v 2.2616 		13.3095 		18.875
v -6.2083 		13.3095 		19.125
v -6.2083 		13.3095 		21.25
v -6.2093 		13.3095 		21.2515
v -6.2093 		13.3095 		19.125
v -4.5788 		13.3095 		21.2515
v -4.5795 		13.3095 		21.25
v -4.5795 		13.3095 		19.125
v -4.5788 		13.3095 		19.125
v -7.8371 		18.7262 		18.875
v -7.8371 		18.7262 		16.75
v -6.3712 		26 		21.5
v -6.3712 		26 		16.5
v -7.8371 		20.2738 		16.75
v -7.8371 		20.2738 		18.875
v 4.0533 		26 		21.5
v 2.0987 		13 		21.5
v 4.0533 		26 		16.5
v 5.5192 		18.7262 		16.75
v 5.5192 		18.7262 		18.875
v 5.3564 		18.7262 		18.875
v 2.0987 		13 		16.5
v 5.5192 		20.2738 		18.875
v 5.5192 		20.2738 		16.75
v -0.1816 		26 		21.5
v -0.1816 		26 		16.5
v -2.1362 		26 		21.5
v 5.3564 		18.7253 		16.749
v 2.2609 		13 		21.2515
v 3.8914 		13 		21.2515
v -2.1362 		26 		16.5
v 2.2609 		13 		19.125
v 3.8914 		13 		19.125
v 5.3564 		18.7253 		18.875
v 3.8904 		13.1548 		21.25
v 3.8904 		13.1548 		19.125
v 2.2616 		13.1548 		19.125
v 2.2616 		13.1548 		21.25
v -0.3436 		26 		21.2515
v -1.9743 		26 		21.2515
v -1.9743 		26 		19.125
v -0.3436 		26 		19.125
v -0.3445 		25.8452 		19.125
v -0.3445 		25.8452 		21.25
v -1.9734 		25.8452 		21.25
v -1.9734 		25.8452 		19.125
v 5.5192 		14.7024 		19.125
v 5.5192 		14.7024 		21.25
v 5.5192 		16.25 		21.25
v 5.5192 		16.25 		19.125
v 3.8914 		13 		16.749
v 2.2609 		13 		16.749
v 2.2609 		13 		18.875
v 3.8914 		13 		18.875
v 3.8904 		13.1548 		18.875
v 3.8904 		13.1548 		16.75
v 5.5192 		14.7024 		16.75
v 5.5192 		14.7024 		18.875
v 2.2616 		13.1548 		16.75
v 2.2616 		13.1548 		18.875
v 5.5192 		16.25 		18.875
v 5.5192 		16.25 		16.75
v -1.9743 		26 		16.749
v -0.3436 		26 		16.749
v -1.9743 		26 		18.875
v -0.3436 		26 		18.875
v -0.3445 		25.8452 		18.875
v -0.3445 		25.8452 		16.75
v -1.9734 		25.8452 		18.875
v -1.9734 		25.8452 		16.75
v 2.0987 		26 		21.5
v 2.0987 		26 		16.5
v -4.4166 		13 		21.5
v -4.4166 		13 		16.5
v 3.8914 		26 		21.2515
v 2.2609 		26 		21.2515
v 2.2609 		26 		19.125
v -6.2093 		13 		21.2515
v -4.5788 		13 		21.2515
v 3.8914 		26 		19.125
v 3.8904 		25.8452 		19.125
v 3.8904 		25.8452 		21.25
v 2.2616 		25.8452 		21.25
v 2.2616 		25.8452 		19.125
v -6.2083 		13.1548 		19.125
v -6.2083 		13.1548 		21.25
v -4.5795 		13.1548 		21.25
v -4.5795 		13.1548 		19.125
v 2.2609 		26 		16.749
v 3.8914 		26 		16.749
v 2.2609 		26 		18.875
v 3.8914 		26 		18.875
v 3.8904 		25.8452 		16.75
v 3.8904 		25.8452 		18.875
v 2.2616 		25.8452 		18.875
v 2.2616 		25.8452 		16.75
v -4.4166 		26 		21.5
v -4.4166 		26 		16.5
v -4.5788 		26 		21.2515
v -6.2093 		26 		21.2515
v -4.5788 		26 		19.125
v -6.2093 		26 		19.125
v -6.2083 		25.8452 		21.25
v -6.2083 		25.8452 		19.125
v -4.5795 		25.8452 		19.125
v -4.5795 		25.8452 		21.25
v -6.2093 		26 		16.749
v -4.5788 		26 		16.749
v -4.5788 		26 		18.875
v -6.2093 		26 		18.875
v -6.2083 		25.8452 		18.875
v -6.2083 		25.8452 		16.75
v -4.5795 		25.8452 		16.75
v -4.5795 		25.8452 		18.875
# 504 vertices

g group_10_40919

usemtl color_40919
s 0

f 2189 	2190 	2192
f 2189 	2192 	2193
f 2198 	2199 	2201
f 2198 	2201 	2202
f 2199 	2192 	2190
f 2199 	2190 	2201
f 2199 	2198 	2193
f 2199 	2193 	2192
f 2234 	2235 	2236
f 2234 	2236 	2237
f 2239 	2240 	2241
f 2239 	2241 	2243
f 2240 	2234 	2237
f 2240 	2237 	2241
f 2239 	2235 	2234
f 2239 	2234 	2240
f 2194 	2195 	2197
f 2194 	2197 	2284
f 2301 	2302 	2303
f 2301 	2303 	2304
f 2289 	2291 	2339
f 2289 	2339 	2340
f 2291 	2197 	2195
f 2291 	2195 	2339
f 2195 	2194 	2340
f 2195 	2340 	2339
f 2354 	2355 	2357
f 2354 	2357 	2358
f 2360 	2363 	2364
f 2360 	2364 	2366
f 2366 	2357 	2355
f 2366 	2355 	2360
f 2354 	2363 	2360
f 2354 	2360 	2355
f 2461 	2462 	2444
f 2461 	2444 	2443
f 2450 	2449 	2467
f 2450 	2467 	2468
f 2462 	2467 	2449
f 2462 	2449 	2444
f 2462 	2461 	2468
f 2462 	2468 	2467
f 2491 	2492 	2493
f 2491 	2493 	2494
f 2495 	2497 	2499
f 2495 	2499 	2500
f 2496 	2498 	2459
f 2496 	2459 	2458
f 2492 	2499 	2497
f 2492 	2497 	2493
f 2501 	2502 	2464
f 2501 	2464 	2463
f 2497 	2495 	2494
f 2497 	2494 	2493
f 2458 	2464 	2502
f 2458 	2502 	2496
f 2501 	2498 	2496
f 2501 	2496 	2502
f 2313 	2429 	2427
f 2313 	2427 	2425
f 2162 	2512 	2513
f 2162 	2513 	2163
f 2514 	2166 	2165
f 2514 	2165 	2515
f 2512 	2514 	2515
f 2512 	2515 	2513
f 2162 	2166 	2514
f 2162 	2514 	2512
f 2472 	2471 	2519
f 2472 	2519 	2520
f 2521 	2523 	2474
f 2521 	2474 	2473
f 2523 	2519 	2471
f 2523 	2471 	2474
f 2523 	2521 	2520
f 2523 	2520 	2519
f 2397 	2396 	2525
f 2397 	2525 	2238
f 2231 	2526 	2408
f 2231 	2408 	2232
f 2396 	2408 	2526
f 2396 	2526 	2525
f 2526 	2231 	2238
f 2526 	2238 	2525
f 2302 	2313 	2425
f 2302 	2425 	2303
f 2301 	2429 	2313
f 2301 	2313 	2302
f 2554 	2555 	2481
f 2554 	2481 	2480
f 2558 	2559 	2487
f 2558 	2487 	2485
f 2485 	2481 	2555
f 2485 	2555 	2558
f 2554 	2559 	2558
f 2554 	2558 	2555
f 2563 	2564 	2565
f 2563 	2565 	2216
f 2567 	2568 	2207
f 2567 	2207 	2206
f 2568 	2563 	2216
f 2568 	2216 	2207
f 2567 	2564 	2563
f 2567 	2563 	2568
f 2529 	2528 	2579
f 2529 	2579 	2580
f 2581 	2582 	2532
f 2581 	2532 	2531
f 2528 	2532 	2582
f 2528 	2582 	2579
f 2582 	2581 	2580
f 2582 	2580 	2579
f 2587 	2588 	2212
f 2587 	2212 	2210
f 2223 	2222 	2589
f 2223 	2589 	2590
f 2591 	2592 	2274
f 2591 	2274 	2272
f 2588 	2589 	2222
f 2588 	2222 	2212
f 2283 	2282 	2593
f 2283 	2593 	2594
f 2588 	2587 	2590
f 2588 	2590 	2589
f 2282 	2274 	2592
f 2282 	2592 	2593
f 2592 	2591 	2594
f 2592 	2594 	2593
f 2599 	2600 	2539
f 2599 	2539 	2538
f 2601 	2602 	2312
f 2601 	2312 	2310
f 2603 	2604 	2545
f 2603 	2545 	2544
f 2605 	2606 	2322
f 2605 	2322 	2320
f 2600 	2603 	2544
f 2600 	2544 	2539
f 2606 	2601 	2310
f 2606 	2310 	2322
f 2605 	2602 	2601
f 2605 	2601 	2606
f 2599 	2604 	2603
f 2599 	2603 	2600
f 2612 	2611 	2252
f 2612 	2252 	2250
f 2613 	2614 	2259
f 2613 	2259 	2257
f 2250 	2259 	2614
f 2250 	2614 	2612
f 2613 	2611 	2612
f 2613 	2612 	2614
f 2625 	2626 	2306
f 2625 	2306 	2305
f 2319 	2318 	2627
f 2319 	2627 	2628
f 2629 	2630 	2547
f 2629 	2547 	2546
f 2626 	2627 	2318
f 2626 	2318 	2306
f 2552 	2551 	2631
f 2552 	2631 	2632
f 2626 	2625 	2628
f 2626 	2628 	2627
f 2551 	2547 	2630
f 2551 	2630 	2631
f 2630 	2629 	2632
f 2630 	2632 	2631
f 2637 	2638 	2335
f 2637 	2335 	2334
f 2639 	2640 	2338
f 2639 	2338 	2337
f 2334 	2338 	2640
f 2334 	2640 	2637
f 2639 	2638 	2637
f 2639 	2637 	2640
f 2369 	2362 	2647
f 2369 	2647 	2648
f 2649 	2650 	2373
f 2649 	2373 	2372
f 2650 	2647 	2362
f 2650 	2362 	2373
f 2650 	2649 	2648
f 2650 	2648 	2647
f 2655 	2656 	2391
f 2655 	2391 	2390
f 2657 	2658 	2406
f 2657 	2406 	2405
f 2405 	2391 	2656
f 2405 	2656 	2657
f 2655 	2658 	2657
f 2655 	2657 	2656
# 192 faces

g group_10_12568524

usemtl color_12568524
s 0

f 2159 	2155 	2161
f 2156 	2161 	2155
f 2157 	2155 	2159
f 2158 	2160 	2162
f 2158 	2162 	2163
f 2164 	2161 	2156
f 2167 	2169 	2166
f 2165 	2166 	2169
f 2171 	2174 	2170
f 2160 	2167 	2162
f 2166 	2162 	2167
f 2167 	2171 	2170
f 2174 	2160 	2168
f 2168 	2170 	2174
f 2172 	2173 	2177
f 2176 	2177 	2173
f 2171 	2167 	2157
f 2159 	2171 	2157
f 2164 	2157 	2167
f 2167 	2160 	2164
f 2161 	2164 	2160
f 2161 	2160 	2174
f 2178 	2179 	2173
f 2172 	2182 	2173
f 2183 	2173 	2179
f 2186 	2181 	2180
f 2186 	2180 	2185
f 2173 	2182 	2184
f 2173 	2184 	2178
f 2188 	2178 	2184
f 2200 	2203 	2213
f 2176 	2205 	2200
f 2213 	2176 	2200
f 2211 	2213 	2203
f 2227 	2229 	2224
f 2232 	2233 	2231
f 2230 	2231 	2233
f 2217 	2218 	2228
f 2225 	2228 	2218
f 2238 	2231 	2230
f 2213 	2211 	2188
f 2184 	2213 	2188
f 2183 	2188 	2211
f 2211 	2205 	2183
f 2173 	2183 	2205
f 2173 	2205 	2176
f 2248 	2256 	2245
f 2244 	2245 	2256
f 2253 	2248 	2245
f 2254 	2244 	2256
f 2251 	2258 	2249
f 2255 	2249 	2258
f 2264 	2273 	2263
f 2249 	2255 	2265
f 2268 	2249 	2265
f 2270 	2269 	2263
f 2260 	2224 	2267
f 2266 	2267 	2224
f 2271 	2273 	2264
f 2270 	2263 	2273
f 2275 	2249 	2268
f 2278 	2279 	2267
f 2278 	2267 	2266
f 2273 	2271 	2254
f 2256 	2273 	2254
f 2253 	2254 	2271
f 2271 	2269 	2253
f 2248 	2253 	2269
f 2248 	2269 	2270
f 2224 	2260 	2285
f 2224 	2285 	2227
f 2286 	2287 	2288
f 2286 	2288 	2290
f 2255 	2292 	2265
f 2297 	2299 	2295
f 2294 	2295 	2299
f 2227 	2285 	2235
f 2236 	2235 	2285
f 2315 	2228 	2225
f 2315 	2225 	2316
f 2218 	2217 	2325
f 2218 	2325 	2326
f 2279 	2278 	2239
f 2279 	2239 	2243
f 2326 	2325 	2193
f 2189 	2193 	2325
f 2235 	2239 	2278
f 2235 	2278 	2227
f 2326 	2193 	2316
f 2315 	2316 	2198
f 2315 	2198 	2202
f 2186 	2185 	2330
f 2329 	2330 	2185
f 2198 	2316 	2193
f 2278 	2333 	2227
f 2618 	2333 	2278
f 2333 	2336 	2227
f 2229 	2227 	2336
f 2329 	2348 	2330
f 2345 	2330 	2348
f 2371 	2379 	2367
f 2308 	2367 	2379
f 2374 	2371 	2367
f 2377 	2308 	2379
f 2386 	2402 	2384
f 2387 	2388 	2381
f 2382 	2381 	2388
f 2392 	2389 	2384
f 2388 	2387 	2399
f 2388 	2399 	2400
f 2401 	2402 	2386
f 2392 	2384 	2402
f 2407 	2409 	2381
f 2407 	2381 	2382
f 2358 	2409 	2354
f 2409 	2407 	2354
f 2402 	2401 	2377
f 2379 	2402 	2377
f 2374 	2377 	2401
f 2401 	2389 	2374
f 2371 	2374 	2389
f 2371 	2389 	2392
f 2364 	2363 	2399
f 2400 	2399 	2363
f 2416 	2415 	2412
f 2411 	2412 	2415
f 2400 	2363 	2354
f 2400 	2354 	2407
f 2413 	2411 	2415
f 2349 	2414 	2288
f 2412 	2418 	2416
f 2430 	2420 	2421
f 2288 	2287 	2349
f 2428 	2430 	2421
f 2420 	2433 	2432
f 2430 	2433 	2420
f 2416 	2432 	2433
f 2423 	2416 	2426
f 2433 	2426 	2416
f 2430 	2428 	2413
f 2415 	2430 	2413
f 2418 	2413 	2428
f 2428 	2432 	2418
f 2416 	2418 	2432
f 2436 	2402 	2437
f 2218 	2185 	2225
f 2316 	2225 	2180
f 2379 	2437 	2402
f 2180 	2225 	2185
f 2326 	2185 	2218
f 2431 	2438 	2434
f 2382 	2388 	2329
f 2348 	2329 	2388
f 2346 	2431 	2434
f 2180 	2348 	2400
f 2388 	2400 	2348
f 2329 	2407 	2382
f 2371 	2392 	2439
f 2440 	2439 	2392
f 2371 	2437 	2379
f 2180 	2400 	2316
f 2326 	2316 	2400
f 2400 	2407 	2326
f 2185 	2326 	2407
f 2185 	2407 	2329
f 2437 	2371 	2439
f 2451 	2438 	2431
f 2451 	2431 	2452
f 2455 	2456 	2457
f 2454 	2455 	2457
f 2290 	2451 	2452
f 2290 	2452 	2286
f 2287 	2431 	2349
f 2346 	2349 	2431
f 2256 	2219 	2296
f 2434 	2438 	2414
f 2256 	2296 	2273
f 2288 	2414 	2438
f 2213 	2184 	2477
f 2182 	2477 	2184
f 2448 	2367 	2445
f 2308 	2445 	2367
f 2452 	2431 	2287
f 2452 	2287 	2286
f 2161 	2479 	2478
f 2367 	2448 	2447
f 2367 	2447 	2374
f 2451 	2290 	2438
f 2288 	2438 	2290
f 2446 	2445 	2308
f 2446 	2308 	2377
f 2161 	2174 	2479
f 2374 	2461 	2377
f 2446 	2377 	2461
f 2446 	2461 	2443
f 2374 	2447 	2468
f 2450 	2468 	2447
f 2490 	2171 	2486
f 2159 	2486 	2171
f 2468 	2461 	2374
f 2161 	2486 	2159
f 2299 	2489 	2352
f 2392 	2402 	2436
f 2299 	2352 	2294
f 2478 	2486 	2161
f 2392 	2436 	2440
f 2457 	2435 	2454
f 2229 	2503 	2344
f 2435 	2457 	2347
f 2344 	2343 	2229
f 2156 	2155 	2504
f 2505 	2504 	2155
f 2507 	2505 	2155
f 2507 	2155 	2157
f 2156 	2504 	2508
f 2156 	2508 	2164
f 2351 	2350 	2509
f 2453 	2386 	2465
f 2384 	2465 	2386
f 2491 	2494 	2508
f 2164 	2508 	2494
f 2506 	2509 	2350
f 2389 	2466 	2465
f 2389 	2465 	2384
f 2500 	2507 	2495
f 2507 	2157 	2495
f 2386 	2453 	2460
f 2386 	2460 	2401
f 2495 	2157 	2494
f 2164 	2494 	2157
f 2347 	2457 	2352
f 2294 	2352 	2457
f 2368 	2510 	2258
f 2459 	2498 	2460
f 2401 	2460 	2498
f 2255 	2258 	2510
f 2463 	2466 	2501
f 2466 	2389 	2501
f 2401 	2498 	2389
f 2511 	2378 	2251
f 2174 	2171 	2490
f 2174 	2490 	2479
f 2501 	2389 	2498
f 2435 	2489 	2299
f 2249 	2511 	2251
f 2510 	2368 	2511
f 2441 	2430 	2442
f 2415 	2442 	2430
f 2415 	2416 	2423
f 2415 	2423 	2442
f 2378 	2511 	2368
f 2454 	2435 	2299
f 2295 	2456 	2455
f 2295 	2455 	2297
f 2518 	2510 	2516
f 2511 	2516 	2510
f 2294 	2457 	2295
f 2456 	2295 	2457
f 2230 	2516 	2511
f 2170 	2168 	2522
f 2517 	2522 	2168
f 2454 	2299 	2455
f 2297 	2455 	2299
f 2524 	2510 	2518
f 2170 	2522 	2169
f 2170 	2169 	2167
f 2160 	2158 	2517
f 2160 	2517 	2168
f 2470 	2412 	2475
f 2411 	2475 	2412
f 2476 	2475 	2411
f 2476 	2411 	2413
f 2179 	2356 	2533
f 2412 	2470 	2469
f 2412 	2469 	2418
f 2179 	2178 	2356
f 2418 	2469 	2520
f 2472 	2520 	2469
f 2179 	2533 	2536
f 2179 	2536 	2183
f 2537 	2356 	2178
f 2537 	2178 	2188
f 2476 	2413 	2521
f 2476 	2521 	2473
f 2284 	2537 	2194
f 2537 	2188 	2194
f 2516 	2410 	2393
f 2516 	2393 	2518
f 2289 	2340 	2536
f 2183 	2536 	2340
f 2233 	2410 	2516
f 2233 	2516 	2230
f 2183 	2340 	2194
f 2183 	2194 	2188
f 2518 	2393 	2398
f 2518 	2398 	2524
f 2265 	2417 	2424
f 2265 	2424 	2268
f 2213 	2177 	2176
f 2398 	2238 	2524
f 2397 	2238 	2398
f 2230 	2524 	2238
f 2413 	2418 	2521
f 2520 	2521 	2418
f 2268 	2424 	2422
f 2268 	2422 	2275
f 2292 	2419 	2417
f 2292 	2417 	2265
f 2426 	2433 	2441
f 2419 	2292 	2301
f 2419 	2301 	2304
f 2430 	2441 	2433
f 2292 	2275 	2429
f 2275 	2422 	2429
f 2427 	2429 	2422
f 2429 	2301 	2292
f 2556 	2557 	2385
f 2556 	2385 	2353
f 2511 	2249 	2275
f 2292 	2524 	2275
f 2255 	2510 	2292
f 2510 	2524 	2292
f 2524 	2230 	2275
f 2511 	2275 	2230
f 2177 	2213 	2477
f 2561 	2365 	2361
f 2562 	2560 	2328
f 2566 	2561 	2361
f 2560 	2298 	2328
f 2421 	2482 	2484
f 2561 	2506 	2350
f 2569 	2204 	2570
f 2365 	2561 	2350
f 2420 	2482 	2421
f 2242 	2570 	2204
f 2572 	2203 	2208
f 2200 	2208 	2203
f 2421 	2484 	2488
f 2421 	2488 	2428
f 2575 	2191 	2571
f 2432 	2483 	2482
f 2432 	2482 	2420
f 2575 	2196 	2191
f 2576 	2573 	2561
f 2574 	2506 	2573
f 2480 	2483 	2554
f 2483 	2432 	2554
f 2428 	2554 	2432
f 2205 	2209 	2208
f 2205 	2208 	2200
f 2574 	2577 	2506
f 2561 	2573 	2506
f 2191 	2204 	2569
f 2487 	2559 	2488
f 2428 	2488 	2559
f 2203 	2572 	2578
f 2203 	2578 	2211
f 2191 	2569 	2571
f 2554 	2428 	2559
f 2211 	2578 	2564
f 2565 	2564 	2578
f 2211 	2567 	2205
f 2209 	2205 	2567
f 2209 	2567 	2206
f 2348 	2180 	2345
f 2181 	2345 	2180
f 2584 	2569 	2583
f 2564 	2567 	2211
f 2248 	2293 	2221
f 2575 	2571 	2585
f 2584 	2585 	2571
f 2569 	2584 	2571
f 2586 	2583 	2569
f 2270 	2293 	2248
f 2534 	2574 	2573
f 2248 	2219 	2256
f 2527 	2574 	2534
f 2221 	2219 	2248
f 2535 	2534 	2573
f 2535 	2573 	2576
f 2574 	2527 	2530
f 2574 	2530 	2577
f 2530 	2580 	2577
f 2529 	2580 	2530
f 2531 	2535 	2581
f 2576 	2581 	2535
f 2581 	2576 	2580
f 2577 	2580 	2576
f 2583 	2214 	2220
f 2583 	2220 	2584
f 2351 	2509 	2361
f 2281 	2245 	2276
f 2244 	2276 	2245
f 2584 	2220 	2226
f 2584 	2226 	2585
f 2245 	2281 	2280
f 2245 	2280 	2253
f 2215 	2214 	2583
f 2215 	2583 	2586
f 2566 	2361 	2509
f 2277 	2276 	2244
f 2277 	2244 	2254
f 2272 	2277 	2591
f 2277 	2254 	2591
f 2253 	2591 	2254
f 2215 	2586 	2587
f 2215 	2587 	2210
f 2283 	2594 	2280
f 2253 	2280 	2594
f 2595 	2596 	2509
f 2566 	2509 	2596
f 2585 	2226 	2590
f 2223 	2590 	2226
f 2591 	2253 	2594
f 2561 	2566 	2597
f 2596 	2597 	2566
f 2293 	2270 	2296
f 2586 	2585 	2587
f 2590 	2587 	2585
f 2595 	2509 	2598
f 2506 	2598 	2509
f 2296 	2270 	2273
f 2575 	2242 	2196
f 2242 	2575 	2570
f 2608 	2570 	2607
f 2575 	2609 	2607
f 2569 	2570 	2610
f 2608 	2610 	2570
f 2575 	2607 	2570
f 2246 	2611 	2610
f 2252 	2611 	2246
f 2307 	2264 	2323
f 2263 	2323 	2264
f 2543 	2596 	2540
f 2595 	2540 	2596
f 2269 	2324 	2323
f 2269 	2323 	2263
f 2257 	2262 	2613
f 2609 	2613 	2262
f 2596 	2543 	2542
f 2596 	2542 	2597
f 2264 	2307 	2314
f 2264 	2314 	2271
f 2271 	2314 	2602
f 2312 	2602 	2314
f 2598 	2541 	2540
f 2598 	2540 	2595
f 2609 	2610 	2611
f 2609 	2611 	2613
f 2271 	2602 	2269
f 2324 	2269 	2605
f 2324 	2605 	2320
f 2541 	2598 	2599
f 2541 	2599 	2538
f 2605 	2269 	2602
f 2609 	2585 	2610
f 2575 	2585 	2609
f 2585 	2586 	2610
f 2569 	2610 	2586
f 2597 	2542 	2604
f 2545 	2604 	2542
f 2607 	2247 	2608
f 2598 	2597 	2599
f 2604 	2599 	2597
f 2616 	2327 	2615
f 2607 	2261 	2247
f 2598 	2577 	2597
f 2506 	2577 	2598
f 2577 	2576 	2597
f 2561 	2597 	2576
f 2300 	2615 	2327
f 2609 	2262 	2261
f 2609 	2261 	2607
f 2298 	2615 	2300
f 2618 	2380 	2617
f 2608 	2247 	2246
f 2608 	2246 	2610
f 2383 	2380 	2618
f 2560 	2615 	2298
f 2615 	2560 	2620
f 2503 	2617 	2380
f 2503 	2380 	2344
f 2616 	2615 	2621
f 2620 	2621 	2615
f 2617 	2503 	2623
f 2624 	2619 	2560
f 2619 	2620 	2560
f 2618 	2617 	2333
f 2623 	2333 	2617
f 2622 	2623 	2503
f 2622 	2503 	2336
f 2229 	2336 	2503
f 2622 	2550 	2623
f 2619 	2309 	2317
f 2619 	2317 	2620
f 2550 	2622 	2548
f 2620 	2317 	2321
f 2620 	2321 	2621
f 2623 	2550 	2553
f 2623 	2553 	2333
f 2311 	2309 	2619
f 2311 	2619 	2624
f 2549 	2548 	2622
f 2549 	2622 	2336
f 2311 	2624 	2625
f 2311 	2625 	2305
f 2336 	2333 	2629
f 2546 	2549 	2629
f 2336 	2629 	2549
f 2621 	2321 	2628
f 2319 	2628 	2321
f 2553 	2632 	2333
f 2552 	2632 	2553
f 2624 	2621 	2625
f 2628 	2625 	2621
f 2333 	2632 	2629
f 2229 	2383 	2618
f 2616 	2562 	2327
f 2328 	2327 	2562
f 2383 	2229 	2343
f 2224 	2229 	2266
f 2618 	2266 	2229
f 2266 	2618 	2278
f 2634 	2562 	2633
f 2616 	2633 	2562
f 2616 	2635 	2633
f 2560 	2562 	2636
f 2634 	2636 	2562
f 2341 	2634 	2633
f 2332 	2634 	2341
f 2635 	2342 	2341
f 2635 	2341 	2633
f 2634 	2332 	2331
f 2634 	2331 	2636
f 2331 	2638 	2636
f 2335 	2638 	2331
f 2337 	2342 	2639
f 2635 	2639 	2342
f 2639 	2635 	2638
f 2636 	2638 	2635
f 2635 	2621 	2636
f 2616 	2621 	2635
f 2621 	2624 	2636
f 2560 	2636 	2624
f 2641 	2187 	2175
f 2642 	2641 	2175
f 2353 	2187 	2641
f 2353 	2641 	2556
f 2644 	2556 	2643
f 2645 	2643 	2641
f 2646 	2556 	2644
f 2641 	2643 	2556
f 2359 	2644 	2375
f 2643 	2375 	2644
f 2376 	2375 	2643
f 2376 	2643 	2645
f 2644 	2359 	2370
f 2644 	2370 	2646
f 2646 	2370 	2648
f 2369 	2648 	2370
f 2376 	2645 	2649
f 2376 	2649 	2372
f 2648 	2649 	2645
f 2648 	2645 	2646
f 2175 	2385 	2642
f 2642 	2385 	2557
f 2642 	2557 	2652
f 2641 	2642 	2653
f 2652 	2653 	2642
f 2651 	2557 	2654
f 2651 	2652 	2557
f 2556 	2654 	2557
f 2651 	2404 	2652
f 2651 	2394 	2404
f 2652 	2404 	2403
f 2652 	2403 	2653
f 2654 	2395 	2394
f 2654 	2394 	2651
f 2390 	2395 	2655
f 2654 	2655 	2395
f 2403 	2658 	2653
f 2406 	2658 	2403
f 2658 	2655 	2653
f 2654 	2653 	2655
f 2654 	2646 	2653
f 2556 	2646 	2654
f 2646 	2645 	2653
f 2641 	2653 	2645
# 588 faces

g group_10_14860437

usemtl color_14860437
s 0

f 2187 	2434 	2191
f 2175 	2187 	2191
f 2191 	2196 	2175
f 2435 	2175 	2196
f 2204 	2191 	2414
f 2208 	2209 	2207
f 2206 	2207 	2209
f 2214 	2215 	2212
f 2210 	2212 	2215
f 2207 	2216 	2208
f 2223 	2226 	2222
f 2220 	2222 	2226
f 2212 	2222 	2220
f 2212 	2220 	2214
f 2435 	2196 	2242
f 2246 	2247 	2250
f 2246 	2250 	2252
f 2261 	2262 	2259
f 2257 	2259 	2262
f 2276 	2277 	2274
f 2272 	2274 	2277
f 2280 	2281 	2282
f 2280 	2282 	2283
f 2274 	2282 	2281
f 2274 	2281 	2276
f 2259 	2250 	2247
f 2259 	2247 	2261
f 2298 	2300 	2414
f 2293 	2296 	2352
f 2309 	2311 	2306
f 2305 	2306 	2311
f 2312 	2314 	2310
f 2307 	2310 	2314
f 2319 	2321 	2318
f 2317 	2318 	2321
f 2323 	2324 	2322
f 2320 	2322 	2324
f 2306 	2318 	2317
f 2306 	2317 	2309
f 2307 	2323 	2310
f 2322 	2310 	2323
f 2328 	2489 	2327
f 2331 	2332 	2334
f 2331 	2334 	2335
f 2341 	2342 	2338
f 2337 	2338 	2342
f 2344 	2346 	2343
f 2347 	2343 	2346
f 2332 	2341 	2334
f 2338 	2334 	2341
f 2351 	2352 	2350
f 2349 	2350 	2352
f 2353 	2434 	2187
f 2369 	2370 	2362
f 2359 	2362 	2370
f 2365 	2349 	2368
f 2361 	2365 	2368
f 2368 	2258 	2361
f 2347 	2352 	2258
f 2375 	2376 	2373
f 2372 	2373 	2376
f 2359 	2375 	2362
f 2373 	2362 	2375
f 2349 	2346 	2378
f 2251 	2378 	2380
f 2380 	2383 	2251
f 2347 	2251 	2383
f 2368 	2349 	2378
f 2394 	2395 	2391
f 2390 	2391 	2395
f 2397 	2398 	2396
f 2393 	2396 	2398
f 2403 	2404 	2405
f 2403 	2405 	2406
f 2410 	2233 	2408
f 2232 	2408 	2233
f 2391 	2405 	2404
f 2391 	2404 	2394
f 2408 	2396 	2393
f 2408 	2393 	2410
f 2251 	2347 	2258
f 2417 	2419 	2303
f 2304 	2303 	2419
f 2330 	2347 	2186
f 2347 	2346 	2186
f 2417 	2425 	2424
f 2422 	2424 	2425
f 2422 	2425 	2427
f 2435 	2347 	2426
f 2423 	2426 	2345
f 2345 	2181 	2423
f 2181 	2346 	2423
f 2434 	2435 	2436
f 2434 	2436 	2437
f 2440 	2441 	2439
f 2435 	2441 	2440
f 2441 	2442 	2439
f 2434 	2439 	2442
f 2439 	2434 	2437
f 2445 	2446 	2444
f 2443 	2444 	2446
f 2447 	2448 	2449
f 2447 	2449 	2450
f 2444 	2449 	2448
f 2444 	2448 	2445
f 2440 	2436 	2435
f 2459 	2460 	2458
f 2453 	2458 	2460
f 2465 	2466 	2464
f 2463 	2464 	2466
f 2453 	2465 	2458
f 2464 	2458 	2465
f 2423 	2434 	2442
f 2469 	2470 	2471
f 2469 	2471 	2472
f 2475 	2476 	2474
f 2473 	2474 	2476
f 2474 	2471 	2470
f 2474 	2470 	2475
f 2426 	2441 	2435
f 2482 	2483 	2481
f 2480 	2481 	2483
f 2484 	2482 	2485
f 2487 	2488 	2485
f 2484 	2485 	2488
f 2481 	2485 	2482
f 2186 	2346 	2181
f 2434 	2423 	2346
f 2325 	2217 	2190
f 2325 	2190 	2189
f 2228 	2315 	2201
f 2202 	2201 	2315
f 2217 	2228 	2190
f 2201 	2190 	2228
f 2330 	2345 	2347
f 2345 	2426 	2347
f 2381 	2409 	2357
f 2358 	2357 	2409
f 2364 	2399 	2366
f 2387 	2366 	2399
f 2357 	2366 	2387
f 2357 	2387 	2381
f 2303 	2425 	2417
f 2350 	2349 	2365
f 2529 	2530 	2528
f 2527 	2528 	2530
f 2534 	2535 	2532
f 2531 	2532 	2535
f 2527 	2534 	2528
f 2532 	2528 	2534
f 2361 	2258 	2352
f 2351 	2361 	2352
f 2540 	2541 	2539
f 2538 	2539 	2541
f 2542 	2543 	2544
f 2542 	2544 	2545
f 2539 	2544 	2543
f 2539 	2543 	2540
f 2380 	2378 	2346
f 2344 	2380 	2346
f 2548 	2549 	2547
f 2546 	2547 	2549
f 2552 	2553 	2551
f 2550 	2551 	2553
f 2547 	2551 	2550
f 2547 	2550 	2548
f 2343 	2347 	2383
f 2285 	2260 	2237
f 2285 	2237 	2236
f 2267 	2279 	2241
f 2243 	2241 	2279
f 2260 	2267 	2237
f 2241 	2237 	2267
f 2349 	2352 	2296
f 2349 	2296 	2219
f 2219 	2221 	2349
f 2352 	2477 	2293
f 2221 	2293 	2477
f 2477 	2182 	2221
f 2182 	2349 	2221
f 2489 	2414 	2479
f 2478 	2479 	2414
f 2489 	2490 	2177
f 2172 	2177 	2490
f 2490 	2486 	2172
f 2486 	2414 	2172
f 2349 	2172 	2414
f 2478 	2414 	2486
f 2508 	2504 	2492
f 2508 	2492 	2491
f 2505 	2507 	2499
f 2500 	2499 	2507
f 2504 	2505 	2492
f 2499 	2492 	2505
f 2479 	2490 	2489
f 2517 	2158 	2513
f 2163 	2513 	2158
f 2165 	2169 	2515
f 2522 	2515 	2169
f 2513 	2515 	2522
f 2513 	2522 	2517
f 2172 	2349 	2182
f 2356 	2537 	2197
f 2284 	2197 	2537
f 2356 	2291 	2533
f 2536 	2533 	2291
f 2536 	2291 	2289
f 2197 	2291 	2356
f 2352 	2489 	2177
f 2477 	2352 	2177
f 2572 	2208 	2216
f 2565 	2578 	2216
f 2572 	2216 	2578
f 2414 	2191 	2434
f 2434 	2353 	2385
f 2385 	2175 	2435
f 2434 	2385 	2435
f 2298 	2414 	2328
f 2414 	2489 	2328
f 2435 	2242 	2489
f 2414 	2300 	2204
f 2300 	2327 	2204
f 2242 	2204 	2327
f 2327 	2489 	2242
# 224 faces

 #end of obj_10

o obj_11
v -12.3179 		22.7494 		21.2515
v -12.3179 		24.2985 		21.2515
v -12.3179 		22.7494 		19.125
v -12.6436 		24.2985 		18.875
v -12.3179 		22.5952 		21.5
v -12.3179 		24.2985 		18.875
v -12.3179 		24.4524 		21.5
v -12.4808 		24.2976 		18.875
v -12.6436 		24.2976 		18.875
v -12.3179 		24.2985 		19.125
v -12.6436 		22.75 		18.875
v -12.4808 		22.75 		18.875
v -12.3179 		22.7494 		18.875
v -12.3179 		24.2985 		16.749
v -12.6436 		22.7494 		18.875
v -12.3179 		22.7494 		16.749
v -12.3179 		22.5952 		16.5
v -12.6436 		20.4286 		21.5
v -12.3179 		20.4286 		21.5
v -12.3179 		24.4524 		16.5
v -22.4166 		25.6905 		16.5
v -12.3179 		20.4286 		16.5
v -12.6436 		20.4286 		16.5
v -12.3179 		18.7253 		21.2515
v -12.3179 		20.2747 		21.2515
v -26 		16.4048 		21.5
v -25.6742 		16.4048 		21.5
v -12.6436 		18.5714 		21.5
v -12.3179 		20.2747 		19.125
v -12.3179 		18.5714 		21.5
v -26 		14.5476 		21.5
v -25.6742 		14.5476 		21.5
v -22.4166 		25.6905 		21.5
v -12.3179 		18.7253 		19.125
v -25.6742 		14.7024 		19.125
v -25.6742 		14.7024 		21.25
v -20.1362 		25.6905 		21.5
v -25.8371 		14.7024 		21.25
v -25.8371 		14.7024 		19.125
v -12.4808 		18.7262 		19.125
v -12.4808 		18.7262 		21.25
v -20.1362 		25.6905 		16.5
v -12.6436 		18.7262 		21.25
v -25.8371 		16.25 		19.125
v -25.8371 		16.25 		21.25
v -12.3179 		20.2747 		16.749
v -25.6742 		16.25 		21.25
v -25.6742 		16.25 		19.125
v -12.3179 		18.7253 		16.749
v -18.1816 		25.6905 		21.5
v -12.3179 		20.2747 		18.875
v -12.6436 		20.2738 		18.875
v -12.6436 		20.2738 		16.75
v -12.6436 		20.2747 		16.749
v -12.6436 		20.2747 		18.875
v -18.3445 		25.6905 		19.125
v -12.3179 		18.7253 		18.875
v -18.3445 		25.6905 		21.25
v -12.3179 		18.5714 		16.5
v -18.3436 		25.6905 		21.2515
v -18.3436 		25.6905 		19.125
v -12.6436 		18.7262 		16.75
v -25.6742 		14.7015 		21.2515
v -26 		14.7015 		21.2515
v -12.6436 		14.5476 		21.5
v -19.9743 		25.6905 		21.2515
v -12.6436 		16.4048 		21.5
v -19.9734 		25.6905 		21.25
v -19.9734 		25.6905 		19.125
v -24.2093 		13 		16.749
v -26 		16.2506 		21.2515
v -19.9743 		25.6905 		19.125
v -24.2093 		13 		18.875
v -25.6742 		16.2506 		21.2515
v -24.3712 		13 		16.5
v -19.9743 		13 		19.125
v -19.9734 		13.1548 		19.125
v -19.9734 		13.3095 		19.125
v -19.9743 		13.3095 		19.125
v -24.2083 		13.1548 		16.75
v -24.2083 		13.1548 		18.875
v -24.2083 		13.3095 		18.875
v -24.2083 		13.3095 		16.75
v -18.3445 		13.1548 		19.125
v -22.5795 		13.1548 		18.875
v -22.5795 		13.1548 		16.75
v -22.5795 		13.3095 		16.75
v -18.1816 		25.6905 		16.5
v -22.5795 		13.3095 		18.875
v -12.3179 		14.7015 		21.2515
v -12.3179 		16.2506 		21.2515
v -18.3436 		25.6905 		18.875
v -18.3436 		25.6905 		16.749
v -12.3179 		16.4048 		21.5
v -20.1362 		13 		16.5
v -18.3445 		25.6905 		16.75
v -20.1362 		13.3095 		16.5
v -18.3445 		25.6905 		18.875
v -12.3179 		16.2506 		19.125
v -12.3179 		14.7015 		19.125
v -18.1816 		13 		16.5
v -12.3179 		14.5476 		21.5
v -19.9734 		25.6905 		18.875
v -18.1816 		13.3095 		16.5
v -19.9734 		25.6905 		16.75
v -24.2093 		13.3095 		16.749
v -19.9743 		25.6905 		16.749
v -19.9743 		25.6905 		18.875
v -12.3179 		16.2506 		16.749
v -12.3179 		14.7015 		16.749
v -18.3436 		13 		16.749
v -22.5788 		13 		16.749
v -22.5788 		13.3095 		16.749
v -19.9743 		13 		16.749
v -12.3179 		16.2506 		18.875
v -12.3179 		16.4048 		16.5
v -12.3179 		14.7015 		18.875
v -12.6436 		14.7024 		19.125
v -12.3179 		14.5476 		16.5
v -12.6436 		14.7024 		21.25
v -19.9743 		13 		18.875
v -12.6436 		14.7015 		21.2515
v -12.6436 		14.7015 		19.125
v -22.5788 		13 		18.875
v -22.5788 		13.3095 		18.875
v -12.6436 		16.2506 		19.125
v -12.6436 		16.2506 		21.2515
v -12.6436 		16.25 		21.25
v -12.6436 		16.25 		19.125
v -12.6436 		18.7262 		19.125
v -24.2093 		13.3095 		18.875
v -12.3179 		13 		24
v -12.3179 		13 		23
v -12.3179 		26 		23
v -12.6436 		20.2738 		19.125
v -12.3179 		26 		24
v -12.6436 		20.2738 		21.25
v -18.3436 		13 		18.875
v -12.6436 		16.4048 		16.5
v -12.3179 		13 		15
v -12.3179 		13 		14
v -12.6436 		14.5476 		16.5
v -12.3179 		26 		14
v -13.9467 		25.6905 		21.5
v -12.3179 		26 		15
v -15.9013 		25.6905 		21.5
v -18.3445 		13.1548 		18.875
v -18.3445 		13.1548 		16.75
v -18.3445 		13.3095 		16.75
v -18.3445 		13.3095 		18.875
v -14.1096 		25.6905 		19.125
v -14.1096 		25.6905 		21.25
v -12.6436 		14.7015 		16.749
v -26 		24.2985 		21.2515
v -14.1086 		25.6905 		21.2515
v -12.6436 		14.7024 		16.75
v -14.1086 		25.6905 		19.125
v -12.6436 		14.7024 		18.875
v -19.9734 		13.1548 		16.75
v -12.6436 		14.7015 		18.875
v -25.6742 		16.2506 		19.125
v -26 		16.2506 		19.125
v -15.7391 		25.6905 		21.2515
v -15.7384 		25.6905 		21.25
v -15.7384 		25.6905 		19.125
v -12.6436 		16.25 		18.875
v -15.7391 		25.6905 		19.125
v -12.6436 		16.25 		16.75
v -12.6436 		16.2506 		16.749
v -12.6436 		16.2506 		18.875
v -25.6742 		14.7015 		19.125
v -26 		14.7015 		19.125
v -15.9013 		25.6905 		16.5
v -13.9467 		25.6905 		16.5
v -26 		14.5476 		16.5
v -25.6742 		14.5476 		16.5
v -14.1086 		25.6905 		18.875
v -14.1086 		25.6905 		16.749
v -22.5788 		13 		19.125
v -14.1096 		25.6905 		16.75
v -14.1096 		25.6905 		18.875
v -24.2093 		13 		19.125
v -15.7384 		25.6905 		18.875
v -15.7384 		25.6905 		16.75
v -12.4808 		20.2738 		21.25
v -12.4808 		20.2738 		19.125
v -15.7391 		25.6905 		16.749
v -15.7391 		25.6905 		18.875
v -24.3712 		13.3095 		16.5
v -24.3712 		13.3095 		21.5
v -25.6742 		16.4048 		16.5
v -25.6742 		13.3095 		23
v -25.6742 		13.3095 		15
v -26 		16.4048 		16.5
v -12.6436 		13.3095 		23
v -13.9467 		13.3095 		21.5
v -13.9467 		13.3095 		16.5
v -12.6436 		13.3095 		15
v -24.3712 		25.6905 		21.5
v -25.8371 		14.7024 		18.875
v -25.8371 		14.7024 		16.75
v -12.6436 		18.7253 		21.2515
v -25.6742 		14.7024 		16.75
v -25.6742 		14.7024 		18.875
v -24.2093 		25.6905 		21.2515
v -25.8371 		16.25 		16.75
v -15.9013 		13.3095 		16.5
v -24.2083 		25.6905 		21.25
v -25.8371 		16.25 		18.875
v -25.6742 		16.25 		18.875
v -15.9013 		13.3095 		21.5
v -25.6742 		16.25 		16.75
v -26 		22.7494 		21.2515
v -18.1816 		13.3095 		21.5
v -24.2083 		25.6905 		19.125
v -24.2093 		25.6905 		19.125
v -26 		22.5952 		21.5
v -22.5795 		25.6905 		19.125
v -22.5795 		25.6905 		21.25
v -26 		22.7494 		19.125
v -22.5788 		25.6905 		21.2515
v -22.5788 		25.6905 		19.125
v -26 		24.2985 		19.125
v -20.1362 		13.3095 		21.5
v -26 		24.4524 		21.5
v -22.4166 		13.3095 		21.5
v -25.6742 		14.7015 		16.749
v -26 		14.7015 		16.749
v -22.4166 		13.3095 		16.5
v -26 		22.7494 		16.749
v -24.3712 		25.6905 		16.5
v -26 		24.2985 		16.749
v -25.6742 		16.2506 		16.749
v -26 		16.2506 		16.749
v -26 		22.7494 		18.875
v -24.2083 		25.6905 		18.875
v -24.2083 		25.6905 		16.75
v -26 		22.5952 		16.5
v -18.3436 		13.3095 		21.2515
v -24.2093 		25.6905 		16.749
v -24.2093 		25.6905 		18.875
v -18.3445 		13.3095 		21.25
v -18.3445 		13.3095 		19.125
v -18.3436 		13.3095 		19.125
v -25.6742 		16.2506 		18.875
v -26 		16.2506 		18.875
v -26 		24.2985 		18.875
v -26 		24.4524 		16.5
v -22.5788 		25.6905 		18.875
v -22.5788 		25.6905 		16.749
v -22.5795 		25.6905 		16.75
v -22.5795 		25.6905 		18.875
v -26 		14.7015 		18.875
v -19.9734 		13.3095 		21.25
v -25.6742 		14.7015 		18.875
v -19.9743 		13.3095 		21.2515
v -26 		20.2747 		21.2515
v -26 		18.7253 		21.2515
v -26 		20.2747 		19.125
v -12.6436 		25.6905 		23
v -26 		20.4286 		21.5
v -26 		18.5714 		21.5
v -18.3436 		13.3095 		16.749
v -26 		18.7253 		19.125
v -18.3436 		13.3095 		18.875
v -26 		18.7253 		16.749
v -26 		20.2747 		16.749
v -19.9743 		13.3095 		18.875
v -25.6742 		18.5714 		21.5
v -19.9743 		13.3095 		16.749
v -19.9734 		13.3095 		16.75
v -25.6742 		18.5714 		16.5
v -19.9734 		13.3095 		18.875
v -26 		20.2747 		18.875
v -19.9734 		13.1548 		18.875
v -26 		20.4286 		16.5
v -26 		13 		23
v -26 		18.7253 		18.875
v -26 		18.5714 		16.5
v -25.6742 		25.6905 		23
v -25.6742 		25.6905 		15
v -25.6742 		24.4524 		16.5
v -25.6742 		24.4524 		21.5
v -26 		26 		23
v -25.6742 		22.5952 		21.5
v -25.6742 		22.5952 		16.5
v -25.6742 		20.4286 		16.5
v -25.6742 		20.4286 		21.5
v -25.6742 		24.2976 		19.125
v -25.6742 		24.2976 		21.25
v -25.6742 		24.2985 		21.2515
v -25.6742 		24.2985 		19.125
v -25.6742 		22.7494 		19.125
v -25.6742 		22.7494 		21.2515
v -25.6742 		22.75 		21.25
v -25.6742 		22.75 		19.125
v -26 		26 		24
v -26 		13 		24
v -25.6742 		24.2985 		16.749
v -26 		26 		15
v -26 		26 		14
v -26 		13 		14
v -26 		13 		15
v -25.6742 		24.2976 		16.75
v -25.6742 		24.2976 		18.875
v -25.6742 		24.2985 		18.875
v -25.8371 		24.2976 		19.125
v -25.8371 		24.2976 		21.25
v -25.6742 		22.75 		18.875
v -25.6742 		22.75 		16.75
v -25.6742 		22.7494 		16.749
v -25.6742 		22.7494 		18.875
v -25.8371 		22.75 		21.25
v -25.8371 		22.75 		19.125
v -25.6742 		18.7253 		19.125
v -25.6742 		18.7253 		21.2515
v -25.6742 		18.7262 		21.25
v -25.6742 		18.7262 		19.125
v -25.6742 		20.2738 		19.125
v -25.6742 		20.2738 		21.25
v -25.6742 		20.2747 		21.2515
v -25.6742 		20.2747 		19.125
v -12.6436 		18.5714 		16.5
v -12.6436 		24.4524 		21.5
v -12.6436 		24.4524 		16.5
v -25.6742 		18.7262 		18.875
v -25.6742 		18.7262 		16.75
v -25.6742 		18.7253 		16.749
v -25.6742 		18.7253 		18.875
v -25.6742 		20.2747 		16.749
v -25.6742 		20.2738 		16.75
v -12.6436 		22.5952 		21.5
v -25.6742 		20.2738 		18.875
v -25.6742 		20.2747 		18.875
v -12.6436 		25.6905 		15
v -12.6436 		22.5952 		16.5
v -12.6436 		24.2976 		19.125
v -12.6436 		24.2976 		21.25
v -12.4808 		24.2976 		21.25
v -12.4808 		24.2976 		19.125
v -12.4808 		22.75 		19.125
v -25.8371 		24.2976 		16.75
v -12.4808 		22.75 		21.25
v -25.8371 		24.2976 		18.875
v -12.6436 		22.75 		21.25
v -12.6436 		22.75 		19.125
v -25.8371 		22.75 		18.875
v -25.8371 		22.75 		16.75
v -24.3712 		13 		21.5
v -12.6436 		24.2985 		21.2515
v -12.6436 		22.7494 		21.2515
v -13.9467 		13 		21.5
v -12.6436 		22.7494 		19.125
v -12.6436 		24.2985 		19.125
v -13.9467 		13 		16.5
v -18.1816 		13 		21.5
v -20.1362 		13 		21.5
v -12.4808 		24.2976 		16.75
v -12.6436 		24.2976 		16.75
v -12.4808 		22.75 		16.75
v -12.6436 		22.75 		16.75
v -19.9743 		13 		21.2515
v -12.6436 		24.2985 		16.749
v -18.3436 		13 		21.2515
v -25.8371 		18.7262 		21.25
v -25.8371 		18.7262 		19.125
v -25.8371 		20.2738 		19.125
v -12.6436 		22.7494 		16.749
v -25.8371 		20.2738 		21.25
v -18.3436 		13 		19.125
v -18.3445 		13.1548 		21.25
v -19.9734 		13.1548 		21.25
v -14.1086 		13.3095 		21.2515
v -14.1096 		13.3095 		21.25
v -14.1096 		13.3095 		19.125
v -14.1086 		13.3095 		19.125
v -15.7384 		13.3095 		19.125
v -15.7384 		13.3095 		21.25
v -12.6436 		20.2747 		21.2515
v -15.7391 		13.3095 		21.2515
v -15.7391 		13.3095 		19.125
v -12.6436 		20.2747 		19.125
v -12.6436 		18.7253 		19.125
v -14.1096 		13.3095 		18.875
v -14.1096 		13.3095 		16.75
v -14.1086 		13.3095 		16.749
v -14.1086 		13.3095 		18.875
v -15.7391 		13.3095 		18.875
v -15.7391 		13.3095 		16.749
v -15.7384 		13.3095 		16.75
v -15.7384 		13.3095 		18.875
v -24.2083 		13.3095 		19.125
v -24.2083 		13.3095 		21.25
v -24.2093 		13.3095 		21.2515
v -24.2093 		13.3095 		19.125
v -22.5788 		13.3095 		21.2515
v -22.5795 		13.3095 		21.25
v -22.5795 		13.3095 		19.125
v -22.5788 		13.3095 		19.125
v -25.8371 		18.7262 		18.875
v -25.8371 		18.7262 		16.75
v -24.3712 		26 		21.5
v -24.3712 		26 		16.5
v -25.8371 		20.2738 		16.75
v -25.8371 		20.2738 		18.875
v -13.9467 		26 		21.5
v -15.9013 		13 		21.5
v -13.9467 		26 		16.5
v -12.4808 		18.7262 		16.75
v -12.4808 		18.7262 		18.875
v -12.6436 		18.7262 		18.875
v -15.9013 		13 		16.5
v -12.4808 		20.2738 		18.875
v -12.4808 		20.2738 		16.75
v -18.1816 		26 		21.5
v -18.1816 		26 		16.5
v -20.1362 		26 		21.5
v -12.6436 		18.7253 		16.749
v -15.7391 		13 		21.2515
v -14.1086 		13 		21.2515
v -20.1362 		26 		16.5
v -15.7391 		13 		19.125
v -14.1086 		13 		19.125
v -12.6436 		18.7253 		18.875
v -14.1096 		13.1548 		21.25
v -14.1096 		13.1548 		19.125
v -15.7384 		13.1548 		19.125
v -15.7384 		13.1548 		21.25
v -18.3436 		26 		21.2515
v -19.9743 		26 		21.2515
v -19.9743 		26 		19.125
v -18.3436 		26 		19.125
v -18.3445 		25.8452 		19.125
v -18.3445 		25.8452 		21.25
v -19.9734 		25.8452 		21.25
v -19.9734 		25.8452 		19.125
v -12.4808 		14.7024 		19.125
v -12.4808 		14.7024 		21.25
v -12.4808 		16.25 		21.25
v -12.4808 		16.25 		19.125
v -14.1086 		13 		16.749
v -15.7391 		13 		16.749
v -15.7391 		13 		18.875
v -14.1086 		13 		18.875
v -14.1096 		13.1548 		18.875
v -14.1096 		13.1548 		16.75
v -12.4808 		14.7024 		16.75
v -12.4808 		14.7024 		18.875
v -15.7384 		13.1548 		16.75
v -15.7384 		13.1548 		18.875
v -12.4808 		16.25 		18.875
v -12.4808 		16.25 		16.75
v -19.9743 		26 		16.749
v -18.3436 		26 		16.749
v -19.9743 		26 		18.875
v -18.3436 		26 		18.875
v -18.3445 		25.8452 		18.875
v -18.3445 		25.8452 		16.75
v -19.9734 		25.8452 		18.875
v -19.9734 		25.8452 		16.75
v -15.9013 		26 		21.5
v -15.9013 		26 		16.5
v -22.4166 		13 		21.5
v -22.4166 		13 		16.5
v -14.1086 		26 		21.2515
v -15.7391 		26 		21.2515
v -15.7391 		26 		19.125
v -24.2093 		13 		21.2515
v -22.5788 		13 		21.2515
v -14.1086 		26 		19.125
v -14.1096 		25.8452 		19.125
v -14.1096 		25.8452 		21.25
v -15.7384 		25.8452 		21.25
v -15.7384 		25.8452 		19.125
v -24.2083 		13.1548 		19.125
v -24.2083 		13.1548 		21.25
v -22.5795 		13.1548 		21.25
v -22.5795 		13.1548 		19.125
v -15.7391 		26 		16.749
v -14.1086 		26 		16.749
v -15.7391 		26 		18.875
v -14.1086 		26 		18.875
v -14.1096 		25.8452 		16.75
v -14.1096 		25.8452 		18.875
v -15.7384 		25.8452 		18.875
v -15.7384 		25.8452 		16.75
v -22.4166 		26 		21.5
v -22.4166 		26 		16.5
v -22.5788 		26 		21.2515
v -24.2093 		26 		21.2515
v -22.5788 		26 		19.125
v -24.2093 		26 		19.125
v -24.2083 		25.8452 		21.25
v -24.2083 		25.8452 		19.125
v -22.5795 		25.8452 		19.125
v -22.5795 		25.8452 		21.25
v -24.2093 		26 		16.749
v -22.5788 		26 		16.749
v -22.5788 		26 		18.875
v -24.2093 		26 		18.875
v -24.2083 		25.8452 		18.875
v -24.2083 		25.8452 		16.75
v -22.5795 		25.8452 		16.75
v -22.5795 		25.8452 		18.875
# 504 vertices

g group_11_40919

usemtl color_40919
s 0

f 2693 	2694 	2696
f 2693 	2696 	2697
f 2702 	2703 	2705
f 2702 	2705 	2706
f 2703 	2696 	2694
f 2703 	2694 	2705
f 2703 	2702 	2697
f 2703 	2697 	2696
f 2738 	2739 	2740
f 2738 	2740 	2741
f 2743 	2744 	2745
f 2743 	2745 	2747
f 2744 	2738 	2741
f 2744 	2741 	2745
f 2743 	2739 	2738
f 2743 	2738 	2744
f 2698 	2699 	2701
f 2698 	2701 	2788
f 2805 	2806 	2807
f 2805 	2807 	2808
f 2793 	2795 	2843
f 2793 	2843 	2844
f 2795 	2701 	2699
f 2795 	2699 	2843
f 2699 	2698 	2844
f 2699 	2844 	2843
f 2858 	2859 	2861
f 2858 	2861 	2862
f 2864 	2867 	2868
f 2864 	2868 	2870
f 2870 	2861 	2859
f 2870 	2859 	2864
f 2858 	2867 	2864
f 2858 	2864 	2859
f 2965 	2966 	2948
f 2965 	2948 	2947
f 2954 	2953 	2971
f 2954 	2971 	2972
f 2966 	2971 	2953
f 2966 	2953 	2948
f 2966 	2965 	2972
f 2966 	2972 	2971
f 2995 	2996 	2997
f 2995 	2997 	2998
f 2999 	3001 	3003
f 2999 	3003 	3004
f 3000 	3002 	2963
f 3000 	2963 	2962
f 2996 	3003 	3001
f 2996 	3001 	2997
f 3005 	3006 	2968
f 3005 	2968 	2967
f 3001 	2999 	2998
f 3001 	2998 	2997
f 2962 	2968 	3006
f 2962 	3006 	3000
f 3005 	3002 	3000
f 3005 	3000 	3006
f 2817 	2933 	2931
f 2817 	2931 	2929
f 2666 	3016 	3017
f 2666 	3017 	2667
f 3018 	2670 	2669
f 3018 	2669 	3019
f 3016 	3018 	3019
f 3016 	3019 	3017
f 2666 	2670 	3018
f 2666 	3018 	3016
f 2976 	2975 	3023
f 2976 	3023 	3024
f 3025 	3027 	2978
f 3025 	2978 	2977
f 3027 	3023 	2975
f 3027 	2975 	2978
f 3027 	3025 	3024
f 3027 	3024 	3023
f 2901 	2900 	3029
f 2901 	3029 	2742
f 2735 	3030 	2912
f 2735 	2912 	2736
f 2900 	2912 	3030
f 2900 	3030 	3029
f 3030 	2735 	2742
f 3030 	2742 	3029
f 2806 	2817 	2929
f 2806 	2929 	2807
f 2805 	2933 	2817
f 2805 	2817 	2806
f 3058 	3059 	2985
f 3058 	2985 	2984
f 3062 	3063 	2991
f 3062 	2991 	2989
f 2989 	2985 	3059
f 2989 	3059 	3062
f 3058 	3063 	3062
f 3058 	3062 	3059
f 3067 	3068 	3069
f 3067 	3069 	2720
f 3071 	3072 	2711
f 3071 	2711 	2710
f 3072 	3067 	2720
f 3072 	2720 	2711
f 3071 	3068 	3067
f 3071 	3067 	3072
f 3033 	3032 	3083
f 3033 	3083 	3084
f 3085 	3086 	3036
f 3085 	3036 	3035
f 3032 	3036 	3086
f 3032 	3086 	3083
f 3086 	3085 	3084
f 3086 	3084 	3083
f 3091 	3092 	2716
f 3091 	2716 	2714
f 2727 	2726 	3093
f 2727 	3093 	3094
f 3095 	3096 	2778
f 3095 	2778 	2776
f 3092 	3093 	2726
f 3092 	2726 	2716
f 2787 	2786 	3097
f 2787 	3097 	3098
f 3092 	3091 	3094
f 3092 	3094 	3093
f 2786 	2778 	3096
f 2786 	3096 	3097
f 3096 	3095 	3098
f 3096 	3098 	3097
f 3103 	3104 	3043
f 3103 	3043 	3042
f 3105 	3106 	2816
f 3105 	2816 	2814
f 3107 	3108 	3049
f 3107 	3049 	3048
f 3109 	3110 	2826
f 3109 	2826 	2824
f 3104 	3107 	3048
f 3104 	3048 	3043
f 3110 	3105 	2814
f 3110 	2814 	2826
f 3109 	3106 	3105
f 3109 	3105 	3110
f 3103 	3108 	3107
f 3103 	3107 	3104
f 3116 	3115 	2756
f 3116 	2756 	2754
f 3117 	3118 	2763
f 3117 	2763 	2761
f 2754 	2763 	3118
f 2754 	3118 	3116
f 3117 	3115 	3116
f 3117 	3116 	3118
f 3129 	3130 	2810
f 3129 	2810 	2809
f 2823 	2822 	3131
f 2823 	3131 	3132
f 3133 	3134 	3051
f 3133 	3051 	3050
f 3130 	3131 	2822
f 3130 	2822 	2810
f 3056 	3055 	3135
f 3056 	3135 	3136
f 3130 	3129 	3132
f 3130 	3132 	3131
f 3055 	3051 	3134
f 3055 	3134 	3135
f 3134 	3133 	3136
f 3134 	3136 	3135
f 3141 	3142 	2839
f 3141 	2839 	2838
f 3143 	3144 	2842
f 3143 	2842 	2841
f 2838 	2842 	3144
f 2838 	3144 	3141
f 3143 	3142 	3141
f 3143 	3141 	3144
f 2873 	2866 	3151
f 2873 	3151 	3152
f 3153 	3154 	2877
f 3153 	2877 	2876
f 3154 	3151 	2866
f 3154 	2866 	2877
f 3154 	3153 	3152
f 3154 	3152 	3151
f 3159 	3160 	2895
f 3159 	2895 	2894
f 3161 	3162 	2910
f 3161 	2910 	2909
f 2909 	2895 	3160
f 2909 	3160 	3161
f 3159 	3162 	3161
f 3159 	3161 	3160
# 192 faces

g group_11_12568524

usemtl color_12568524
s 0

f 2663 	2659 	2665
f 2660 	2665 	2659
f 2661 	2659 	2663
f 2662 	2664 	2666
f 2662 	2666 	2667
f 2668 	2665 	2660
f 2671 	2673 	2670
f 2669 	2670 	2673
f 2675 	2678 	2674
f 2664 	2671 	2666
f 2670 	2666 	2671
f 2671 	2675 	2674
f 2678 	2664 	2672
f 2672 	2674 	2678
f 2676 	2677 	2681
f 2680 	2681 	2677
f 2675 	2671 	2661
f 2663 	2675 	2661
f 2668 	2661 	2671
f 2671 	2664 	2668
f 2665 	2668 	2664
f 2665 	2664 	2678
f 2682 	2683 	2677
f 2676 	2686 	2677
f 2687 	2677 	2683
f 2690 	2685 	2684
f 2690 	2684 	2689
f 2677 	2686 	2688
f 2677 	2688 	2682
f 2692 	2682 	2688
f 2704 	2707 	2717
f 2680 	2709 	2704
f 2717 	2680 	2704
f 2715 	2717 	2707
f 2731 	2733 	2728
f 2736 	2737 	2735
f 2734 	2735 	2737
f 2721 	2722 	2732
f 2729 	2732 	2722
f 2742 	2735 	2734
f 2717 	2715 	2692
f 2688 	2717 	2692
f 2687 	2692 	2715
f 2715 	2709 	2687
f 2677 	2687 	2709
f 2677 	2709 	2680
f 2752 	2760 	2749
f 2748 	2749 	2760
f 2757 	2752 	2749
f 2758 	2748 	2760
f 2755 	2762 	2753
f 2759 	2753 	2762
f 2768 	2777 	2767
f 2753 	2759 	2769
f 2772 	2753 	2769
f 2774 	2773 	2767
f 2764 	2728 	2771
f 2770 	2771 	2728
f 2775 	2777 	2768
f 2774 	2767 	2777
f 2779 	2753 	2772
f 2782 	2783 	2771
f 2782 	2771 	2770
f 2777 	2775 	2758
f 2760 	2777 	2758
f 2757 	2758 	2775
f 2775 	2773 	2757
f 2752 	2757 	2773
f 2752 	2773 	2774
f 2728 	2764 	2789
f 2728 	2789 	2731
f 2790 	2791 	2792
f 2790 	2792 	2794
f 2759 	2796 	2769
f 2801 	2803 	2799
f 2798 	2799 	2803
f 2731 	2789 	2739
f 2740 	2739 	2789
f 2819 	2732 	2729
f 2819 	2729 	2820
f 2722 	2721 	2829
f 2722 	2829 	2830
f 2783 	2782 	2743
f 2783 	2743 	2747
f 2830 	2829 	2697
f 2693 	2697 	2829
f 2739 	2743 	2782
f 2739 	2782 	2731
f 2830 	2697 	2820
f 2819 	2820 	2702
f 2819 	2702 	2706
f 2690 	2689 	2834
f 2833 	2834 	2689
f 2702 	2820 	2697
f 2782 	2837 	2731
f 3122 	2837 	2782
f 2837 	2840 	2731
f 2733 	2731 	2840
f 2833 	2852 	2834
f 2849 	2834 	2852
f 2875 	2883 	2871
f 2812 	2871 	2883
f 2878 	2875 	2871
f 2881 	2812 	2883
f 2890 	2906 	2888
f 2891 	2892 	2885
f 2886 	2885 	2892
f 2896 	2893 	2888
f 2892 	2891 	2903
f 2892 	2903 	2904
f 2905 	2906 	2890
f 2896 	2888 	2906
f 2911 	2913 	2885
f 2911 	2885 	2886
f 2862 	2913 	2858
f 2913 	2911 	2858
f 2906 	2905 	2881
f 2883 	2906 	2881
f 2878 	2881 	2905
f 2905 	2893 	2878
f 2875 	2878 	2893
f 2875 	2893 	2896
f 2868 	2867 	2903
f 2904 	2903 	2867
f 2920 	2919 	2916
f 2915 	2916 	2919
f 2904 	2867 	2858
f 2904 	2858 	2911
f 2917 	2915 	2919
f 2853 	2918 	2792
f 2916 	2922 	2920
f 2934 	2924 	2925
f 2792 	2791 	2853
f 2932 	2934 	2925
f 2924 	2937 	2936
f 2934 	2937 	2924
f 2920 	2936 	2937
f 2927 	2920 	2930
f 2937 	2930 	2920
f 2934 	2932 	2917
f 2919 	2934 	2917
f 2922 	2917 	2932
f 2932 	2936 	2922
f 2920 	2922 	2936
f 2940 	2906 	2941
f 2722 	2689 	2729
f 2820 	2729 	2684
f 2883 	2941 	2906
f 2684 	2729 	2689
f 2830 	2689 	2722
f 2935 	2942 	2938
f 2886 	2892 	2833
f 2852 	2833 	2892
f 2850 	2935 	2938
f 2684 	2852 	2904
f 2892 	2904 	2852
f 2833 	2911 	2886
f 2875 	2896 	2943
f 2944 	2943 	2896
f 2875 	2941 	2883
f 2684 	2904 	2820
f 2830 	2820 	2904
f 2904 	2911 	2830
f 2689 	2830 	2911
f 2689 	2911 	2833
f 2941 	2875 	2943
f 2955 	2942 	2935
f 2955 	2935 	2956
f 2959 	2960 	2961
f 2958 	2959 	2961
f 2794 	2955 	2956
f 2794 	2956 	2790
f 2791 	2935 	2853
f 2850 	2853 	2935
f 2760 	2723 	2800
f 2938 	2942 	2918
f 2760 	2800 	2777
f 2792 	2918 	2942
f 2717 	2688 	2981
f 2686 	2981 	2688
f 2952 	2871 	2949
f 2812 	2949 	2871
f 2956 	2935 	2791
f 2956 	2791 	2790
f 2665 	2983 	2982
f 2871 	2952 	2951
f 2871 	2951 	2878
f 2955 	2794 	2942
f 2792 	2942 	2794
f 2950 	2949 	2812
f 2950 	2812 	2881
f 2665 	2678 	2983
f 2878 	2965 	2881
f 2950 	2881 	2965
f 2950 	2965 	2947
f 2878 	2951 	2972
f 2954 	2972 	2951
f 2994 	2675 	2990
f 2663 	2990 	2675
f 2972 	2965 	2878
f 2665 	2990 	2663
f 2803 	2993 	2856
f 2896 	2906 	2940
f 2803 	2856 	2798
f 2982 	2990 	2665
f 2896 	2940 	2944
f 2961 	2939 	2958
f 2733 	3007 	2848
f 2939 	2961 	2851
f 2848 	2847 	2733
f 2660 	2659 	3008
f 3009 	3008 	2659
f 3011 	3009 	2659
f 3011 	2659 	2661
f 2660 	3008 	3012
f 2660 	3012 	2668
f 2855 	2854 	3013
f 2957 	2890 	2969
f 2888 	2969 	2890
f 2995 	2998 	3012
f 2668 	3012 	2998
f 3010 	3013 	2854
f 2893 	2970 	2969
f 2893 	2969 	2888
f 3004 	3011 	2999
f 3011 	2661 	2999
f 2890 	2957 	2964
f 2890 	2964 	2905
f 2999 	2661 	2998
f 2668 	2998 	2661
f 2851 	2961 	2856
f 2798 	2856 	2961
f 2872 	3014 	2762
f 2963 	3002 	2964
f 2905 	2964 	3002
f 2759 	2762 	3014
f 2967 	2970 	3005
f 2970 	2893 	3005
f 2905 	3002 	2893
f 3015 	2882 	2755
f 2678 	2675 	2994
f 2678 	2994 	2983
f 3005 	2893 	3002
f 2939 	2993 	2803
f 2753 	3015 	2755
f 3014 	2872 	3015
f 2945 	2934 	2946
f 2919 	2946 	2934
f 2919 	2920 	2927
f 2919 	2927 	2946
f 2882 	3015 	2872
f 2958 	2939 	2803
f 2799 	2960 	2959
f 2799 	2959 	2801
f 3022 	3014 	3020
f 3015 	3020 	3014
f 2798 	2961 	2799
f 2960 	2799 	2961
f 2734 	3020 	3015
f 2674 	2672 	3026
f 3021 	3026 	2672
f 2958 	2803 	2959
f 2801 	2959 	2803
f 3028 	3014 	3022
f 2674 	3026 	2673
f 2674 	2673 	2671
f 2664 	2662 	3021
f 2664 	3021 	2672
f 2974 	2916 	2979
f 2915 	2979 	2916
f 2980 	2979 	2915
f 2980 	2915 	2917
f 2683 	2860 	3037
f 2916 	2974 	2973
f 2916 	2973 	2922
f 2683 	2682 	2860
f 2922 	2973 	3024
f 2976 	3024 	2973
f 2683 	3037 	3040
f 2683 	3040 	2687
f 3041 	2860 	2682
f 3041 	2682 	2692
f 2980 	2917 	3025
f 2980 	3025 	2977
f 2788 	3041 	2698
f 3041 	2692 	2698
f 3020 	2914 	2897
f 3020 	2897 	3022
f 2793 	2844 	3040
f 2687 	3040 	2844
f 2737 	2914 	3020
f 2737 	3020 	2734
f 2687 	2844 	2698
f 2687 	2698 	2692
f 3022 	2897 	2902
f 3022 	2902 	3028
f 2769 	2921 	2928
f 2769 	2928 	2772
f 2717 	2681 	2680
f 2902 	2742 	3028
f 2901 	2742 	2902
f 2734 	3028 	2742
f 2917 	2922 	3025
f 3024 	3025 	2922
f 2772 	2928 	2926
f 2772 	2926 	2779
f 2796 	2923 	2921
f 2796 	2921 	2769
f 2930 	2937 	2945
f 2923 	2796 	2805
f 2923 	2805 	2808
f 2934 	2945 	2937
f 2796 	2779 	2933
f 2779 	2926 	2933
f 2931 	2933 	2926
f 2933 	2805 	2796
f 3060 	3061 	2889
f 3060 	2889 	2857
f 3015 	2753 	2779
f 2796 	3028 	2779
f 2759 	3014 	2796
f 3014 	3028 	2796
f 3028 	2734 	2779
f 3015 	2779 	2734
f 2681 	2717 	2981
f 3065 	2869 	2865
f 3066 	3064 	2832
f 3070 	3065 	2865
f 3064 	2802 	2832
f 2925 	2986 	2988
f 3065 	3010 	2854
f 3073 	2708 	3074
f 2869 	3065 	2854
f 2924 	2986 	2925
f 2746 	3074 	2708
f 3076 	2707 	2712
f 2704 	2712 	2707
f 2925 	2988 	2992
f 2925 	2992 	2932
f 3079 	2695 	3075
f 2936 	2987 	2986
f 2936 	2986 	2924
f 3079 	2700 	2695
f 3080 	3077 	3065
f 3078 	3010 	3077
f 2984 	2987 	3058
f 2987 	2936 	3058
f 2932 	3058 	2936
f 2709 	2713 	2712
f 2709 	2712 	2704
f 3078 	3081 	3010
f 3065 	3077 	3010
f 2695 	2708 	3073
f 2991 	3063 	2992
f 2932 	2992 	3063
f 2707 	3076 	3082
f 2707 	3082 	2715
f 2695 	3073 	3075
f 3058 	2932 	3063
f 2715 	3082 	3068
f 3069 	3068 	3082
f 2715 	3071 	2709
f 2713 	2709 	3071
f 2713 	3071 	2710
f 2852 	2684 	2849
f 2685 	2849 	2684
f 3088 	3073 	3087
f 3068 	3071 	2715
f 2752 	2797 	2725
f 3079 	3075 	3089
f 3088 	3089 	3075
f 3073 	3088 	3075
f 3090 	3087 	3073
f 2774 	2797 	2752
f 3038 	3078 	3077
f 2752 	2723 	2760
f 3031 	3078 	3038
f 2725 	2723 	2752
f 3039 	3038 	3077
f 3039 	3077 	3080
f 3078 	3031 	3034
f 3078 	3034 	3081
f 3034 	3084 	3081
f 3033 	3084 	3034
f 3035 	3039 	3085
f 3080 	3085 	3039
f 3085 	3080 	3084
f 3081 	3084 	3080
f 3087 	2718 	2724
f 3087 	2724 	3088
f 2855 	3013 	2865
f 2785 	2749 	2780
f 2748 	2780 	2749
f 3088 	2724 	2730
f 3088 	2730 	3089
f 2749 	2785 	2784
f 2749 	2784 	2757
f 2719 	2718 	3087
f 2719 	3087 	3090
f 3070 	2865 	3013
f 2781 	2780 	2748
f 2781 	2748 	2758
f 2776 	2781 	3095
f 2781 	2758 	3095
f 2757 	3095 	2758
f 2719 	3090 	3091
f 2719 	3091 	2714
f 2787 	3098 	2784
f 2757 	2784 	3098
f 3099 	3100 	3013
f 3070 	3013 	3100
f 3089 	2730 	3094
f 2727 	3094 	2730
f 3095 	2757 	3098
f 3065 	3070 	3101
f 3100 	3101 	3070
f 2797 	2774 	2800
f 3090 	3089 	3091
f 3094 	3091 	3089
f 3099 	3013 	3102
f 3010 	3102 	3013
f 2800 	2774 	2777
f 3079 	2746 	2700
f 2746 	3079 	3074
f 3112 	3074 	3111
f 3079 	3113 	3111
f 3073 	3074 	3114
f 3112 	3114 	3074
f 3079 	3111 	3074
f 2750 	3115 	3114
f 2756 	3115 	2750
f 2811 	2768 	2827
f 2767 	2827 	2768
f 3047 	3100 	3044
f 3099 	3044 	3100
f 2773 	2828 	2827
f 2773 	2827 	2767
f 2761 	2766 	3117
f 3113 	3117 	2766
f 3100 	3047 	3046
f 3100 	3046 	3101
f 2768 	2811 	2818
f 2768 	2818 	2775
f 2775 	2818 	3106
f 2816 	3106 	2818
f 3102 	3045 	3044
f 3102 	3044 	3099
f 3113 	3114 	3115
f 3113 	3115 	3117
f 2775 	3106 	2773
f 2828 	2773 	3109
f 2828 	3109 	2824
f 3045 	3102 	3103
f 3045 	3103 	3042
f 3109 	2773 	3106
f 3113 	3089 	3114
f 3079 	3089 	3113
f 3089 	3090 	3114
f 3073 	3114 	3090
f 3101 	3046 	3108
f 3049 	3108 	3046
f 3111 	2751 	3112
f 3102 	3101 	3103
f 3108 	3103 	3101
f 3120 	2831 	3119
f 3111 	2765 	2751
f 3102 	3081 	3101
f 3010 	3081 	3102
f 3081 	3080 	3101
f 3065 	3101 	3080
f 2804 	3119 	2831
f 3113 	2766 	2765
f 3113 	2765 	3111
f 2802 	3119 	2804
f 3122 	2884 	3121
f 3112 	2751 	2750
f 3112 	2750 	3114
f 2887 	2884 	3122
f 3064 	3119 	2802
f 3119 	3064 	3124
f 3007 	3121 	2884
f 3007 	2884 	2848
f 3120 	3119 	3125
f 3124 	3125 	3119
f 3121 	3007 	3127
f 3128 	3123 	3064
f 3123 	3124 	3064
f 3122 	3121 	2837
f 3127 	2837 	3121
f 3126 	3127 	3007
f 3126 	3007 	2840
f 2733 	2840 	3007
f 3126 	3054 	3127
f 3123 	2813 	2821
f 3123 	2821 	3124
f 3054 	3126 	3052
f 3124 	2821 	2825
f 3124 	2825 	3125
f 3127 	3054 	3057
f 3127 	3057 	2837
f 2815 	2813 	3123
f 2815 	3123 	3128
f 3053 	3052 	3126
f 3053 	3126 	2840
f 2815 	3128 	3129
f 2815 	3129 	2809
f 2840 	2837 	3133
f 3050 	3053 	3133
f 2840 	3133 	3053
f 3125 	2825 	3132
f 2823 	3132 	2825
f 3057 	3136 	2837
f 3056 	3136 	3057
f 3128 	3125 	3129
f 3132 	3129 	3125
f 2837 	3136 	3133
f 2733 	2887 	3122
f 3120 	3066 	2831
f 2832 	2831 	3066
f 2887 	2733 	2847
f 2728 	2733 	2770
f 3122 	2770 	2733
f 2770 	3122 	2782
f 3138 	3066 	3137
f 3120 	3137 	3066
f 3120 	3139 	3137
f 3064 	3066 	3140
f 3138 	3140 	3066
f 2845 	3138 	3137
f 2836 	3138 	2845
f 3139 	2846 	2845
f 3139 	2845 	3137
f 3138 	2836 	2835
f 3138 	2835 	3140
f 2835 	3142 	3140
f 2839 	3142 	2835
f 2841 	2846 	3143
f 3139 	3143 	2846
f 3143 	3139 	3142
f 3140 	3142 	3139
f 3139 	3125 	3140
f 3120 	3125 	3139
f 3125 	3128 	3140
f 3064 	3140 	3128
f 3145 	2691 	2679
f 3146 	3145 	2679
f 2857 	2691 	3145
f 2857 	3145 	3060
f 3148 	3060 	3147
f 3149 	3147 	3145
f 3150 	3060 	3148
f 3145 	3147 	3060
f 2863 	3148 	2879
f 3147 	2879 	3148
f 2880 	2879 	3147
f 2880 	3147 	3149
f 3148 	2863 	2874
f 3148 	2874 	3150
f 3150 	2874 	3152
f 2873 	3152 	2874
f 2880 	3149 	3153
f 2880 	3153 	2876
f 3152 	3153 	3149
f 3152 	3149 	3150
f 2679 	2889 	3146
f 3146 	2889 	3061
f 3146 	3061 	3156
f 3145 	3146 	3157
f 3156 	3157 	3146
f 3155 	3061 	3158
f 3155 	3156 	3061
f 3060 	3158 	3061
f 3155 	2908 	3156
f 3155 	2898 	2908
f 3156 	2908 	2907
f 3156 	2907 	3157
f 3158 	2899 	2898
f 3158 	2898 	3155
f 2894 	2899 	3159
f 3158 	3159 	2899
f 2907 	3162 	3157
f 2910 	3162 	2907
f 3162 	3159 	3157
f 3158 	3157 	3159
f 3158 	3150 	3157
f 3060 	3150 	3158
f 3150 	3149 	3157
f 3145 	3157 	3149
# 588 faces

g group_11_14860437

usemtl color_14860437
s 0

f 2691 	2938 	2695
f 2679 	2691 	2695
f 2695 	2700 	2679
f 2939 	2679 	2700
f 2708 	2695 	2918
f 2712 	2713 	2711
f 2710 	2711 	2713
f 2718 	2719 	2716
f 2714 	2716 	2719
f 2711 	2720 	2712
f 2727 	2730 	2726
f 2724 	2726 	2730
f 2716 	2726 	2724
f 2716 	2724 	2718
f 2939 	2700 	2746
f 2750 	2751 	2754
f 2750 	2754 	2756
f 2765 	2766 	2763
f 2761 	2763 	2766
f 2780 	2781 	2778
f 2776 	2778 	2781
f 2784 	2785 	2786
f 2784 	2786 	2787
f 2778 	2786 	2785
f 2778 	2785 	2780
f 2763 	2754 	2751
f 2763 	2751 	2765
f 2802 	2804 	2918
f 2797 	2800 	2856
f 2813 	2815 	2810
f 2809 	2810 	2815
f 2816 	2818 	2814
f 2811 	2814 	2818
f 2823 	2825 	2822
f 2821 	2822 	2825
f 2827 	2828 	2826
f 2824 	2826 	2828
f 2810 	2822 	2821
f 2810 	2821 	2813
f 2811 	2827 	2814
f 2826 	2814 	2827
f 2832 	2993 	2831
f 2835 	2836 	2838
f 2835 	2838 	2839
f 2845 	2846 	2842
f 2841 	2842 	2846
f 2848 	2850 	2847
f 2851 	2847 	2850
f 2836 	2845 	2838
f 2842 	2838 	2845
f 2855 	2856 	2854
f 2853 	2854 	2856
f 2857 	2938 	2691
f 2873 	2874 	2866
f 2863 	2866 	2874
f 2869 	2853 	2872
f 2865 	2869 	2872
f 2872 	2762 	2865
f 2851 	2856 	2762
f 2879 	2880 	2877
f 2876 	2877 	2880
f 2863 	2879 	2866
f 2877 	2866 	2879
f 2853 	2850 	2882
f 2755 	2882 	2884
f 2884 	2887 	2755
f 2851 	2755 	2887
f 2872 	2853 	2882
f 2898 	2899 	2895
f 2894 	2895 	2899
f 2901 	2902 	2900
f 2897 	2900 	2902
f 2907 	2908 	2909
f 2907 	2909 	2910
f 2914 	2737 	2912
f 2736 	2912 	2737
f 2895 	2909 	2908
f 2895 	2908 	2898
f 2912 	2900 	2897
f 2912 	2897 	2914
f 2755 	2851 	2762
f 2921 	2923 	2807
f 2808 	2807 	2923
f 2834 	2851 	2690
f 2851 	2850 	2690
f 2921 	2929 	2928
f 2926 	2928 	2929
f 2926 	2929 	2931
f 2939 	2851 	2930
f 2927 	2930 	2849
f 2849 	2685 	2927
f 2685 	2850 	2927
f 2938 	2939 	2940
f 2938 	2940 	2941
f 2944 	2945 	2943
f 2939 	2945 	2944
f 2945 	2946 	2943
f 2938 	2943 	2946
f 2943 	2938 	2941
f 2949 	2950 	2948
f 2947 	2948 	2950
f 2951 	2952 	2953
f 2951 	2953 	2954
f 2948 	2953 	2952
f 2948 	2952 	2949
f 2944 	2940 	2939
f 2963 	2964 	2962
f 2957 	2962 	2964
f 2969 	2970 	2968
f 2967 	2968 	2970
f 2957 	2969 	2962
f 2968 	2962 	2969
f 2927 	2938 	2946
f 2973 	2974 	2975
f 2973 	2975 	2976
f 2979 	2980 	2978
f 2977 	2978 	2980
f 2978 	2975 	2974
f 2978 	2974 	2979
f 2930 	2945 	2939
f 2986 	2987 	2985
f 2984 	2985 	2987
f 2988 	2986 	2989
f 2991 	2992 	2989
f 2988 	2989 	2992
f 2985 	2989 	2986
f 2690 	2850 	2685
f 2938 	2927 	2850
f 2829 	2721 	2694
f 2829 	2694 	2693
f 2732 	2819 	2705
f 2706 	2705 	2819
f 2721 	2732 	2694
f 2705 	2694 	2732
f 2834 	2849 	2851
f 2849 	2930 	2851
f 2885 	2913 	2861
f 2862 	2861 	2913
f 2868 	2903 	2870
f 2891 	2870 	2903
f 2861 	2870 	2891
f 2861 	2891 	2885
f 2807 	2929 	2921
f 2854 	2853 	2869
f 3033 	3034 	3032
f 3031 	3032 	3034
f 3038 	3039 	3036
f 3035 	3036 	3039
f 3031 	3038 	3032
f 3036 	3032 	3038
f 2865 	2762 	2856
f 2855 	2865 	2856
f 3044 	3045 	3043
f 3042 	3043 	3045
f 3046 	3047 	3048
f 3046 	3048 	3049
f 3043 	3048 	3047
f 3043 	3047 	3044
f 2884 	2882 	2850
f 2848 	2884 	2850
f 3052 	3053 	3051
f 3050 	3051 	3053
f 3056 	3057 	3055
f 3054 	3055 	3057
f 3051 	3055 	3054
f 3051 	3054 	3052
f 2847 	2851 	2887
f 2789 	2764 	2741
f 2789 	2741 	2740
f 2771 	2783 	2745
f 2747 	2745 	2783
f 2764 	2771 	2741
f 2745 	2741 	2771
f 2853 	2856 	2800
f 2853 	2800 	2723
f 2723 	2725 	2853
f 2856 	2981 	2797
f 2725 	2797 	2981
f 2981 	2686 	2725
f 2686 	2853 	2725
f 2993 	2918 	2983
f 2982 	2983 	2918
f 2993 	2994 	2681
f 2676 	2681 	2994
f 2994 	2990 	2676
f 2990 	2918 	2676
f 2853 	2676 	2918
f 2982 	2918 	2990
f 3012 	3008 	2996
f 3012 	2996 	2995
f 3009 	3011 	3003
f 3004 	3003 	3011
f 3008 	3009 	2996
f 3003 	2996 	3009
f 2983 	2994 	2993
f 3021 	2662 	3017
f 2667 	3017 	2662
f 2669 	2673 	3019
f 3026 	3019 	2673
f 3017 	3019 	3026
f 3017 	3026 	3021
f 2676 	2853 	2686
f 2860 	3041 	2701
f 2788 	2701 	3041
f 2860 	2795 	3037
f 3040 	3037 	2795
f 3040 	2795 	2793
f 2701 	2795 	2860
f 2856 	2993 	2681
f 2981 	2856 	2681
f 3076 	2712 	2720
f 3069 	3082 	2720
f 3076 	2720 	3082
f 2918 	2695 	2938
f 2938 	2857 	2889
f 2889 	2679 	2939
f 2938 	2889 	2939
f 2802 	2918 	2832
f 2918 	2993 	2832
f 2939 	2746 	2993
f 2918 	2804 	2708
f 2804 	2831 	2708
f 2746 	2708 	2831
f 2831 	2993 	2746
# 224 faces

 #end of obj_11

o obj_12
v -1 		-40.2093 		11.0327
v -1 		-40.5057 		11.1274
v -1 		-40.7821 		11.279
v -1 		-41.0346 		11.4823
v -1 		-41.259 		11.7322
v -1 		-41.4517 		12.0235
v -1 		-41.6083 		12.3511
v -1 		-41.7251 		12.7098
v -1 		-41.7981 		13.0945
v -1 		-41.8233 		13.5
v -1 		-41.7981 		13.9055
v -1 		-41.7251 		14.2902
v -1 		-41.6083 		14.6489
v -1 		-41.4517 		14.9765
v -1 		-41.259 		15.2678
v -1 		-41.0346 		15.5177
v -1 		-40.7821 		15.721
v -1 		-40.5057 		15.8726
v -1 		-40.2093 		15.9673
v -1 		-39.8968 		16
v -1 		-39.5843 		15.9673
v -1 		-39.2878 		15.8726
v -1 		-39.0114 		15.721
v -1 		-38.7589 		15.5177
v -1 		-38.5345 		15.2678
v -1 		-38.3418 		14.9765
v -1 		-38.1852 		14.6489
v -1 		-38.0684 		14.2902
v -1 		-37.9954 		13.9055
v -1 		-37.9702 		13.5
v -1 		-37.9954 		13.0945
v -1 		-38.0684 		12.7098
v -1 		-38.1852 		12.3511
v -1 		-38.3418 		12.0235
v -1 		-38.5345 		11.7322
v -1 		-38.7589 		11.4823
v -1 		-39.0114 		11.279
v -1 		-39.2878 		11.1274
v -1 		-39.5843 		11.0327
v -1 		-39.8968 		11
v 9.4526 		-38.8331 		11.0327
v 9.5294 		-39.1195 		11.1274
v 9.6009 		-39.3865 		11.279
v 9.6663 		-39.6304 		11.4823
v 9.7244 		-39.8472 		11.7322
v 9.7742 		-40.0332 		12.0235
v 9.8147 		-40.1845 		12.3511
v 9.845 		-40.2974 		12.7098
v 9.8639 		-40.3679 		13.0945
v 9.8704 		-40.3922 		13.5
v 9.8639 		-40.3679 		13.9055
v 9.845 		-40.2974 		14.2902
v 9.8147 		-40.1845 		14.6489
v 9.7742 		-40.0332 		14.9765
v 9.7244 		-39.8472 		15.2678
v 9.6663 		-39.6304 		15.5177
v 9.6009 		-39.3865 		15.721
v 9.5294 		-39.1195 		15.8726
v 9.4526 		-38.8331 		15.9673
v 9.3718 		-38.5313 		16
v 9.2909 		-38.2294 		15.9673
v 9.2142 		-37.9431 		15.8726
v 9.1426 		-37.6761 		15.721
v 9.0773 		-37.4322 		15.5177
v 9.0192 		-37.2154 		15.2678
v 8.9693 		-37.0294 		14.9765
v 8.9288 		-36.8781 		14.6489
v 8.8985 		-36.7652 		14.2902
v 8.8797 		-36.6947 		13.9055
v 8.8731 		-36.6704 		13.5
v 8.8797 		-36.6947 		13.0945
v 8.8985 		-36.7652 		12.7098
v 8.9288 		-36.8781 		12.3511
v 8.9693 		-37.0294 		12.0235
v 9.0192 		-37.2154 		11.7322
v 9.0773 		-37.4322 		11.4823
v 9.1426 		-37.6761 		11.279
v 9.2142 		-37.9431 		11.1274
v 9.2909 		-38.2294 		11.0327
v 9.3718 		-38.5313 		11
v 19.193 		-34.7986 		11.0327
v 19.3412 		-35.0553 		11.1274
v 19.4794 		-35.2947 		11.279
v 19.6056 		-35.5133 		11.4823
v 19.7179 		-35.7077 		11.7322
v 19.8142 		-35.8745 		12.0235
v 19.8925 		-36.0102 		12.3511
v 19.9509 		-36.1114 		12.7098
v 19.9874 		-36.1746 		13.0945
v 20 		-36.1964 		13.5
v 19.9874 		-36.1746 		13.9055
v 19.9509 		-36.1114 		14.2902
v 19.8925 		-36.0102 		14.6489
v 19.8142 		-35.8745 		14.9765
v 19.7179 		-35.7077 		15.2678
v 19.6056 		-35.5133 		15.5177
v 19.4794 		-35.2947 		15.721
v 19.3412 		-35.0553 		15.8726
v 19.193 		-34.7986 		15.9673
v 19.0367 		-34.5279 		16
v 18.8805 		-34.2573 		15.9673
v 18.7322 		-34.0005 		15.8726
v 18.594 		-33.7612 		15.721
v 18.4678 		-33.5425 		15.5177
v 18.3556 		-33.3482 		15.2678
v 18.2593 		-33.1813 		14.9765
v 18.1809 		-33.0457 		14.6489
v 18.1225 		-32.9445 		14.2902
v 18.086 		-32.8813 		13.9055
v 18.0734 		-32.8595 		13.5
v 18.086 		-32.8813 		13.0945
v 18.1225 		-32.9445 		12.7098
v 18.1809 		-33.0457 		12.3511
v 18.2593 		-33.1813 		12.0235
v 18.3556 		-33.3482 		11.7322
v 18.4678 		-33.5425 		11.4823
v 18.594 		-33.7612 		11.279
v 18.7322 		-34.0005 		11.1274
v 18.8805 		-34.2573 		11.0327
v 19.0367 		-34.5279 		11
v 27.5572 		-28.3805 		11.0327
v 27.7668 		-28.5901 		11.1274
v 27.9623 		-28.7856 		11.279
v 28.1408 		-28.9641 		11.4823
v 28.2995 		-29.1228 		11.7322
v 28.4357 		-29.259 		12.0235
v 28.5464 		-29.3698 		12.3511
v 28.6291 		-29.4524 		12.7098
v 28.6807 		-29.504 		13.0945
v 28.6985 		-29.5218 		13.5
v 28.6807 		-29.504 		13.9055
v 28.6291 		-29.4524 		14.2902
v 28.5464 		-29.3698 		14.6489
v 28.4357 		-29.259 		14.9765
v 28.2995 		-29.1228 		15.2678
v 28.1408 		-28.9641 		15.5177
v 27.9623 		-28.7856 		15.721
v 27.7668 		-28.5901 		15.8726
v 27.5572 		-28.3805 		15.9673
v 27.3362 		-28.1595 		16
v 27.1152 		-27.9386 		15.9673
v 26.9056 		-27.7289 		15.8726
v 26.7101 		-27.5335 		15.721
v 26.5316 		-27.3549 		15.5177
v 26.3729 		-27.1962 		15.2678
v 26.2367 		-27.06 		14.9765
v 26.126 		-26.9493 		14.6489
v 26.0433 		-26.8667 		14.2902
v 25.9917 		-26.8151 		13.9055
v 25.9739 		-26.7972 		13.5
v 25.9917 		-26.8151 		13.0945
v 26.0433 		-26.8667 		12.7098
v 26.126 		-26.9493 		12.3511
v 26.2367 		-27.06 		12.0235
v 26.3729 		-27.1962 		11.7322
v 26.5316 		-27.3549 		11.4823
v 26.7101 		-27.5335 		11.279
v 26.9056 		-27.7289 		11.1274
v 27.1152 		-27.9386 		11.0327
v 27.3362 		-28.1595 		11
v 33.9752 		-20.0163 		11.0327
v 34.232 		-20.1645 		11.1274
v 34.4714 		-20.3027 		11.279
v 34.69 		-20.429 		11.4823
v 34.8844 		-20.5412 		11.7322
v 35.0512 		-20.6375 		12.0235
v 35.1868 		-20.7158 		12.3511
v 35.288 		-20.7742 		12.7098
v 35.3512 		-20.8107 		13.0945
v 35.3731 		-20.8233 		13.5
v 35.3512 		-20.8107 		13.9055
v 35.288 		-20.7742 		14.2902
v 35.1868 		-20.7158 		14.6489
v 35.0512 		-20.6375 		14.9765
v 34.8844 		-20.5412 		15.2678
v 34.69 		-20.429 		15.5177
v 34.4714 		-20.3027 		15.721
v 34.232 		-20.1645 		15.8726
v 33.9752 		-20.0163 		15.9673
v 33.7046 		-19.86 		16
v 33.434 		-19.7038 		15.9673
v 33.1772 		-19.5556 		15.8726
v 32.9378 		-19.4174 		15.721
v 32.7192 		-19.2911 		15.5177
v 32.5248 		-19.1789 		15.2678
v 32.358 		-19.0826 		14.9765
v 32.2224 		-19.0043 		14.6489
v 32.1212 		-18.9458 		14.2902
v 32.058 		-18.9094 		13.9055
v 32.0361 		-18.8968 		13.5
v 32.058 		-18.9094 		13.0945
v 32.1212 		-18.9458 		12.7098
v 32.2224 		-19.0043 		12.3511
v 32.358 		-19.0826 		12.0235
v 32.5248 		-19.1789 		11.7322
v 32.7192 		-19.2911 		11.4823
v 32.9378 		-19.4174 		11.279
v 33.1772 		-19.5556 		11.1274
v 33.434 		-19.7038 		11.0327
v 33.7046 		-19.86 		11
v 38.0098 		-10.276 		11.0327
v 38.2962 		-10.3527 		11.1274
v 38.5632 		-10.4243 		11.279
v 38.807 		-10.4896 		11.4823
v 39.0238 		-10.5477 		11.7322
v 39.2099 		-10.5975 		12.0235
v 39.3612 		-10.6381 		12.3511
v 39.474 		-10.6683 		12.7098
v 39.5445 		-10.6872 		13.0945
v 39.5689 		-10.6937 		13.5
v 39.5445 		-10.6872 		13.9055
v 39.474 		-10.6683 		14.2902
v 39.3612 		-10.6381 		14.6489
v 39.2099 		-10.5975 		14.9765
v 39.0238 		-10.5477 		15.2678
v 38.807 		-10.4896 		15.5177
v 38.5632 		-10.4243 		15.721
v 38.2962 		-10.3527 		15.8726
v 38.0098 		-10.276 		15.9673
v 37.708 		-10.1951 		16
v 37.4061 		-10.1142 		15.9673
v 37.1197 		-10.0375 		15.8726
v 36.8527 		-9.9659 		15.721
v 36.6089 		-9.9006 		15.5177
v 36.3921 		-9.8425 		15.2678
v 36.206 		-9.7927 		14.9765
v 36.0547 		-9.7521 		14.6489
v 35.9419 		-9.7219 		14.2902
v 35.8714 		-9.703 		13.9055
v 35.847 		-9.6965 		13.5
v 35.8714 		-9.703 		13.0945
v 35.9419 		-9.7219 		12.7098
v 36.0547 		-9.7521 		12.3511
v 36.206 		-9.7927 		12.0235
v 36.3921 		-9.8425 		11.7322
v 36.6089 		-9.9006 		11.4823
v 36.8527 		-9.9659 		11.279
v 37.1197 		-10.0375 		11.1274
v 37.4061 		-10.1142 		11.0327
v 37.708 		-10.1951 		11
v 39.3859 		0.1767 		11.0327
v 39.6824 		0.1767 		11.1274
v 39.9588 		0.1767 		11.279
v 40.2113 		0.1767 		11.4823
v 40.4357 		0.1767 		11.7322
v 40.6283 		0.1767 		12.0235
v 40.785 		0.1767 		12.3511
v 40.9018 		0.1767 		12.7098
v 40.9748 		0.1767 		13.0945
v 41 		0.1767 		13.5
v 40.9748 		0.1767 		13.9055
v 40.9018 		0.1767 		14.2902
v 40.785 		0.1767 		14.6489
v 40.6283 		0.1767 		14.9765
v 40.4357 		0.1767 		15.2678
v 40.2113 		0.1767 		15.5177
v 39.9588 		0.1767 		15.721
v 39.6824 		0.1767 		15.8726
v 39.3859 		0.1767 		15.9673
v 39.0734 		0.1767 		16
v 38.7609 		0.1767 		15.9673
v 38.4644 		0.1767 		15.8726
v 38.188 		0.1767 		15.721
v 37.9356 		0.1767 		15.5177
v 37.7111 		0.1767 		15.2678
v 37.5185 		0.1767 		14.9765
v 37.3619 		0.1767 		14.6489
v 37.245 		0.1767 		14.2902
v 37.1721 		0.1767 		13.9055
v 37.1468 		0.1767 		13.5
v 37.1721 		0.1767 		13.0945
v 37.245 		0.1767 		12.7098
v 37.3619 		0.1767 		12.3511
v 37.5185 		0.1767 		12.0235
v 37.7111 		0.1767 		11.7322
v 37.9356 		0.1767 		11.4823
v 38.188 		0.1767 		11.279
v 38.4644 		0.1767 		11.1274
v 38.7609 		0.1767 		11.0327
v 39.0734 		0.1767 		11
v 38.0098 		10.6293 		11.0327
v 38.2962 		10.706 		11.1274
v 38.5632 		10.7776 		11.279
v 38.807 		10.8429 		11.4823
v 39.0238 		10.901 		11.7322
v 39.2099 		10.9509 		12.0235
v 39.3612 		10.9914 		12.3511
v 39.474 		11.0217 		12.7098
v 39.5445 		11.0405 		13.0945
v 39.5689 		11.0471 		13.5
v 39.5445 		11.0405 		13.9055
v 39.474 		11.0217 		14.2902
v 39.3612 		10.9914 		14.6489
v 39.2099 		10.9509 		14.9765
v 39.0238 		10.901 		15.2678
v 38.807 		10.8429 		15.5177
v 38.5632 		10.7776 		15.721
v 38.2962 		10.706 		15.8726
v 38.0098 		10.6293 		15.9673
v 37.708 		10.5484 		16
v 37.4061 		10.4676 		15.9673
v 37.1197 		10.3908 		15.8726
v 36.8527 		10.3193 		15.721
v 36.6089 		10.2539 		15.5177
v 36.3921 		10.1958 		15.2678
v 36.206 		10.146 		14.9765
v 36.0547 		10.1055 		14.6489
v 35.9419 		10.0752 		14.2902
v 35.8714 		10.0563 		13.9055
v 35.847 		10.0498 		13.5
v 35.8714 		10.0563 		13.0945
v 35.9419 		10.0752 		12.7098
v 36.0547 		10.1055 		12.3511
v 36.206 		10.146 		12.0235
v 36.3921 		10.1958 		11.7322
v 36.6089 		10.2539 		11.4823
v 36.8527 		10.3193 		11.279
v 37.1197 		10.3908 		11.1274
v 37.4061 		10.4676 		11.0327
v 37.708 		10.5484 		11
v 33.9752 		20.3696 		11.0327
v 34.232 		20.5179 		11.1274
v 34.4714 		20.6561 		11.279
v 34.69 		20.7823 		11.4823
v 34.8844 		20.8945 		11.7322
v 35.0512 		20.9908 		12.0235
v 35.1868 		21.0691 		12.3511
v 35.288 		21.1276 		12.7098
v 35.3512 		21.1641 		13.0945
v 35.3731 		21.1767 		13.5
v 35.3512 		21.1641 		13.9055
v 35.288 		21.1276 		14.2902
v 35.1868 		21.0691 		14.6489
v 35.0512 		20.9908 		14.9765
v 34.8844 		20.8945 		15.2678
v 34.69 		20.7823 		15.5177
v 34.4714 		20.6561 		15.721
v 34.232 		20.5179 		15.8726
v 33.9752 		20.3696 		15.9673
v 33.7046 		20.2134 		16
v 33.434 		20.0571 		15.9673
v 33.1772 		19.9089 		15.8726
v 32.9378 		19.7707 		15.721
v 32.7192 		19.6445 		15.5177
v 32.5248 		19.5322 		15.2678
v 32.358 		19.4359 		14.9765
v 32.2224 		19.3576 		14.6489
v 32.1212 		19.2992 		14.2902
v 32.058 		19.2627 		13.9055
v 32.0361 		19.2501 		13.5
v 32.058 		19.2627 		13.0945
v 32.1212 		19.2992 		12.7098
v 32.2224 		19.3576 		12.3511
v 32.358 		19.4359 		12.0235
v 32.5248 		19.5322 		11.7322
v 32.7192 		19.6445 		11.4823
v 32.9378 		19.7707 		11.279
v 33.1772 		19.9089 		11.1274
v 33.434 		20.0571 		11.0327
v 33.7046 		20.2134 		11
v 27.5572 		28.7338 		11.0327
v 27.7668 		28.9435 		11.1274
v 27.9623 		29.1389 		11.279
v 28.1408 		29.3174 		11.4823
v 28.2995 		29.4761 		11.7322
v 28.4357 		29.6123 		12.0235
v 28.5464 		29.7231 		12.3511
v 28.6291 		29.8057 		12.7098
v 28.6807 		29.8573 		13.0945
v 28.6985 		29.8752 		13.5
v 28.6807 		29.8573 		13.9055
v 28.6291 		29.8057 		14.2902
v 28.5464 		29.7231 		14.6489
v 28.4357 		29.6123 		14.9765
v 28.2995 		29.4761 		15.2678
v 28.1408 		29.3174 		15.5177
v 27.9623 		29.1389 		15.721
v 27.7668 		28.9435 		15.8726
v 27.5572 		28.7338 		15.9673
v 27.3362 		28.5129 		16
v 27.1152 		28.2919 		15.9673
v 26.9056 		28.0822 		15.8726
v 26.7101 		27.8868 		15.721
v 26.5316 		27.7083 		15.5177
v 26.3729 		27.5496 		15.2678
v 26.2367 		27.4134 		14.9765
v 26.126 		27.3026 		14.6489
v 26.0433 		27.22 		14.2902
v 25.9917 		27.1684 		13.9055
v 25.9739 		27.1506 		13.5
v 25.9917 		27.1684 		13.0945
v 26.0433 		27.22 		12.7098
v 26.126 		27.3026 		12.3511
v 26.2367 		27.4134 		12.0235
v 26.3729 		27.5496 		11.7322
v 26.5316 		27.7083 		11.4823
v 26.7101 		27.8868 		11.279
v 26.9056 		28.0822 		11.1274
v 27.1152 		28.2919 		11.0327
v 27.3362 		28.5129 		11
v 19.193 		35.1519 		11.0327
v 19.3412 		35.4087 		11.1274
v 19.4794 		35.648 		11.279
v 19.6056 		35.8667 		11.4823
v 19.7179 		36.061 		11.7322
v 19.8142 		36.2279 		12.0235
v 19.8925 		36.3635 		12.3511
v 19.9509 		36.4647 		12.7098
v 19.9874 		36.5279 		13.0945
v 20 		36.5497 		13.5
v 19.9874 		36.5279 		13.9055
v 19.9509 		36.4647 		14.2902
v 19.8925 		36.3635 		14.6489
v 19.8142 		36.2279 		14.9765
v 19.7179 		36.061 		15.2678
v 19.6056 		35.8667 		15.5177
v 19.4794 		35.648 		15.721
v 19.3412 		35.4087 		15.8726
v 19.193 		35.1519 		15.9673
v 19.0367 		34.8813 		16
v 18.8805 		34.6106 		15.9673
v 18.7322 		34.3539 		15.8726
v 18.594 		34.1145 		15.721
v 18.4678 		33.8959 		15.5177
v 18.3556 		33.7015 		15.2678
v 18.2593 		33.5347 		14.9765
v 18.1809 		33.399 		14.6489
v 18.1225 		33.2978 		14.2902
v 18.086 		33.2346 		13.9055
v 18.0734 		33.2128 		13.5
v 18.086 		33.2346 		13.0945
v 18.1225 		33.2978 		12.7098
v 18.1809 		33.399 		12.3511
v 18.2593 		33.5347 		12.0235
v 18.3556 		33.7015 		11.7322
v 18.4678 		33.8959 		11.4823
v 18.594 		34.1145 		11.279
v 18.7322 		34.3539 		11.1274
v 18.8805 		34.6106 		11.0327
v 19.0367 		34.8813 		11
v 9.4526 		39.1865 		11.0327
v 9.5294 		39.4728 		11.1274
v 9.6009 		39.7398 		11.279
v 9.6663 		39.9837 		11.4823
v 9.7244 		40.2005 		11.7322
v 9.7742 		40.3866 		12.0235
v 9.8147 		40.5378 		12.3511
v 9.845 		40.6507 		12.7098
v 9.8639 		40.7212 		13.0945
v 9.8704 		40.7456 		13.5
v 9.8639 		40.7212 		13.9055
v 9.845 		40.6507 		14.2902
v 9.8147 		40.5378 		14.6489
v 9.7742 		40.3866 		14.9765
v 9.7244 		40.2005 		15.2678
v 9.6663 		39.9837 		15.5177
v 9.6009 		39.7398 		15.721
v 9.5294 		39.4728 		15.8726
v 9.4526 		39.1865 		15.9673
v 9.3718 		38.8846 		16
v 9.2909 		38.5828 		15.9673
v 9.2142 		38.2964 		15.8726
v 9.1426 		38.0294 		15.721
v 9.0773 		37.7856 		15.5177
v 9.0192 		37.5688 		15.2678
v 8.9693 		37.3827 		14.9765
v 8.9288 		37.2314 		14.6489
v 8.8985 		37.1185 		14.2902
v 8.8797 		37.048 		13.9055
v 8.8731 		37.0237 		13.5
v 8.8797 		37.048 		13.0945
v 8.8985 		37.1185 		12.7098
v 8.9288 		37.2314 		12.3511
v 8.9693 		37.3827 		12.0235
v 9.0192 		37.5688 		11.7322
v 9.0773 		37.7856 		11.4823
v 9.1426 		38.0294 		11.279
v 9.2142 		38.2964 		11.1274
v 9.2909 		38.5828 		11.0327
v 9.3718 		38.8846 		11
v -1 		40.5626 		11.0327
v -1 		40.8591 		11.1274
v -1 		41.1355 		11.279
v -1 		41.3879 		11.4823
v -1 		41.6124 		11.7322
v -1 		41.805 		12.0235
v -1 		41.9616 		12.3511
v -1 		42.0785 		12.7098
v -1 		42.1515 		13.0945
v -1 		42.1767 		13.5
v -1 		42.1515 		13.9055
v -1 		42.0785 		14.2902
v -1 		41.9616 		14.6489
v -1 		41.805 		14.9765
v -1 		41.6124 		15.2678
v -1 		41.3879 		15.5177
v -1 		41.1355 		15.721
v -1 		40.8591 		15.8726
v -1 		40.5626 		15.9673
v -1 		40.2501 		16
v -1 		39.9376 		15.9673
v -1 		39.6411 		15.8726
v -1 		39.3647 		15.721
v -1 		39.1123 		15.5177
v -1 		38.8878 		15.2678
v -1 		38.6952 		14.9765
v -1 		38.5386 		14.6489
v -1 		38.4217 		14.2902
v -1 		38.3487 		13.9055
v -1 		38.3235 		13.5
v -1 		38.3487 		13.0945
v -1 		38.4217 		12.7098
v -1 		38.5386 		12.3511
v -1 		38.6952 		12.0235
v -1 		38.8878 		11.7322
v -1 		39.1123 		11.4823
v -1 		39.3647 		11.279
v -1 		39.6411 		11.1274
v -1 		39.9376 		11.0327
v -1 		40.2501 		11
v -11.4526 		39.1865 		11.0327
v -11.5294 		39.4728 		11.1274
v -11.6009 		39.7398 		11.279
v -11.6663 		39.9837 		11.4823
v -11.7244 		40.2005 		11.7322
v -11.7742 		40.3866 		12.0235
v -11.8147 		40.5378 		12.3511
v -11.845 		40.6507 		12.7098
v -11.8639 		40.7212 		13.0945
v -11.8704 		40.7456 		13.5
v -11.8639 		40.7212 		13.9055
v -11.845 		40.6507 		14.2902
v -11.8147 		40.5378 		14.6489
v -11.7742 		40.3866 		14.9765
v -11.7244 		40.2005 		15.2678
v -11.6663 		39.9837 		15.5177
v -11.6009 		39.7398 		15.721
v -11.5294 		39.4728 		15.8726
v -11.4526 		39.1865 		15.9673
v -11.3718 		38.8846 		16
v -11.2909 		38.5828 		15.9673
v -11.2142 		38.2964 		15.8726
v -11.1426 		38.0294 		15.721
v -11.0773 		37.7856 		15.5177
v -11.0192 		37.5688 		15.2678
v -10.9693 		37.3827 		14.9765
v -10.9288 		37.2314 		14.6489
v -10.8985 		37.1185 		14.2902
v -10.8797 		37.048 		13.9055
v -10.8731 		37.0237 		13.5
v -10.8797 		37.048 		13.0945
v -10.8985 		37.1185 		12.7098
v -10.9288 		37.2314 		12.3511
v -10.9693 		37.3827 		12.0235
v -11.0192 		37.5688 		11.7322
v -11.0773 		37.7856 		11.4823
v -11.1426 		38.0294 		11.279
v -11.2142 		38.2964 		11.1274
v -11.2909 		38.5828 		11.0327
v -11.3718 		38.8846 		11
v -21.193 		35.1519 		11.0327
v -21.3412 		35.4087 		11.1274
v -21.4794 		35.648 		11.279
v -21.6056 		35.8667 		11.4823
v -21.7179 		36.061 		11.7322
v -21.8142 		36.2279 		12.0235
v -21.8925 		36.3635 		12.3511
v -21.9509 		36.4647 		12.7098
v -21.9874 		36.5279 		13.0945
v -22 		36.5497 		13.5
v -21.9874 		36.5279 		13.9055
v -21.9509 		36.4647 		14.2902
v -21.8925 		36.3635 		14.6489
v -21.8142 		36.2279 		14.9765
v -21.7179 		36.061 		15.2678
v -21.6056 		35.8667 		15.5177
v -21.4794 		35.648 		15.721
v -21.3412 		35.4087 		15.8726
v -21.193 		35.1519 		15.9673
v -21.0367 		34.8813 		16
v -20.8805 		34.6106 		15.9673
v -20.7322 		34.3539 		15.8726
v -20.594 		34.1145 		15.721
v -20.4678 		33.8959 		15.5177
v -20.3556 		33.7015 		15.2678
v -20.2593 		33.5347 		14.9765
v -20.1809 		33.399 		14.6489
v -20.1225 		33.2978 		14.2902
v -20.086 		33.2346 		13.9055
v -20.0734 		33.2128 		13.5
v -20.086 		33.2346 		13.0945
v -20.1225 		33.2978 		12.7098
v -20.1809 		33.399 		12.3511
v -20.2593 		33.5347 		12.0235
v -20.3556 		33.7015 		11.7322
v -20.4678 		33.8959 		11.4823
v -20.594 		34.1145 		11.279
v -20.7322 		34.3539 		11.1274
v -20.8805 		34.6106 		11.0327
v -21.0367 		34.8813 		11
v -29.5572 		28.7338 		11.0327
v -29.7668 		28.9435 		11.1274
v -29.9623 		29.1389 		11.279
v -30.1408 		29.3174 		11.4823
v -30.2995 		29.4761 		11.7322
v -30.4357 		29.6123 		12.0235
v -30.5464 		29.7231 		12.3511
v -30.6291 		29.8057 		12.7098
v -30.6807 		29.8573 		13.0945
v -30.6985 		29.8752 		13.5
v -30.6807 		29.8573 		13.9055
v -30.6291 		29.8057 		14.2902
v -30.5464 		29.7231 		14.6489
v -30.4357 		29.6123 		14.9765
v -30.2995 		29.4761 		15.2678
v -30.1408 		29.3174 		15.5177
v -29.9623 		29.1389 		15.721
v -29.7668 		28.9435 		15.8726
v -29.5572 		28.7338 		15.9673
v -29.3362 		28.5129 		16
v -29.1152 		28.2919 		15.9673
v -28.9056 		28.0822 		15.8726
v -28.7101 		27.8868 		15.721
v -28.5316 		27.7083 		15.5177
v -28.3729 		27.5496 		15.2678
v -28.2367 		27.4134 		14.9765
v -28.126 		27.3026 		14.6489
v -28.0433 		27.22 		14.2902
v -27.9917 		27.1684 		13.9055
v -27.9739 		27.1506 		13.5
v -27.9917 		27.1684 		13.0945
v -28.0433 		27.22 		12.7098
v -28.126 		27.3026 		12.3511
v -28.2367 		27.4134 		12.0235
v -28.3729 		27.5496 		11.7322
v -28.5316 		27.7083 		11.4823
v -28.7101 		27.8868 		11.279
v -28.9056 		28.0822 		11.1274
v -29.1152 		28.2919 		11.0327
v -29.3362 		28.5129 		11
v -35.9752 		20.3696 		11.0327
v -36.232 		20.5179 		11.1274
v -36.4714 		20.6561 		11.279
v -36.69 		20.7823 		11.4823
v -36.8844 		20.8945 		11.7322
v -37.0512 		20.9908 		12.0235
v -37.1868 		21.0691 		12.3511
v -37.288 		21.1276 		12.7098
v -37.3512 		21.1641 		13.0945
v -37.3731 		21.1767 		13.5
v -37.3512 		21.1641 		13.9055
v -37.288 		21.1276 		14.2902
v -37.1868 		21.0691 		14.6489
v -37.0512 		20.9908 		14.9765
v -36.8844 		20.8945 		15.2678
v -36.69 		20.7823 		15.5177
v -36.4714 		20.6561 		15.721
v -36.232 		20.5179 		15.8726
v -35.9752 		20.3696 		15.9673
v -35.7046 		20.2134 		16
v -35.434 		20.0571 		15.9673
v -35.1772 		19.9089 		15.8726
v -34.9378 		19.7707 		15.721
v -34.7192 		19.6445 		15.5177
v -34.5248 		19.5322 		15.2678
v -34.358 		19.4359 		14.9765
v -34.2224 		19.3576 		14.6489
v -34.1212 		19.2992 		14.2902
v -34.058 		19.2627 		13.9055
v -34.0361 		19.2501 		13.5
v -34.058 		19.2627 		13.0945
v -34.1212 		19.2992 		12.7098
v -34.2224 		19.3576 		12.3511
v -34.358 		19.4359 		12.0235
v -34.5248 		19.5322 		11.7322
v -34.7192 		19.6445 		11.4823
v -34.9378 		19.7707 		11.279
v -35.1772 		19.9089 		11.1274
v -35.434 		20.0571 		11.0327
v -35.7046 		20.2134 		11
v -40.0098 		10.6293 		11.0327
v -40.2962 		10.706 		11.1274
v -40.5632 		10.7776 		11.279
v -40.807 		10.8429 		11.4823
v -41.0238 		10.901 		11.7322
v -41.2099 		10.9509 		12.0235
v -41.3612 		10.9914 		12.3511
v -41.474 		11.0217 		12.7098
v -41.5445 		11.0405 		13.0945
v -41.5689 		11.0471 		13.5
v -41.5445 		11.0405 		13.9055
v -41.474 		11.0217 		14.2902
v -41.3612 		10.9914 		14.6489
v -41.2099 		10.9509 		14.9765
v -41.0238 		10.901 		15.2678
v -40.807 		10.8429 		15.5177
v -40.5632 		10.7776 		15.721
v -40.2962 		10.706 		15.8726
v -40.0098 		10.6293 		15.9673
v -39.708 		10.5484 		16
v -39.4061 		10.4676 		15.9673
v -39.1197 		10.3908 		15.8726
v -38.8527 		10.3193 		15.721
v -38.6089 		10.2539 		15.5177
v -38.3921 		10.1958 		15.2678
v -38.206 		10.146 		14.9765
v -38.0547 		10.1055 		14.6489
v -37.9419 		10.0752 		14.2902
v -37.8714 		10.0563 		13.9055
v -37.847 		10.0498 		13.5
v -37.8714 		10.0563 		13.0945
v -37.9419 		10.0752 		12.7098
v -38.0547 		10.1055 		12.3511
v -38.206 		10.146 		12.0235
v -38.3921 		10.1958 		11.7322
v -38.6089 		10.2539 		11.4823
v -38.8527 		10.3193 		11.279
v -39.1197 		10.3908 		11.1274
v -39.4061 		10.4676 		11.0327
v -39.708 		10.5484 		11
v -41.3859 		0.1767 		11.0327
v -41.6824 		0.1767 		11.1274
v -41.9588 		0.1767 		11.279
v -42.2113 		0.1767 		11.4823
v -42.4357 		0.1767 		11.7322
v -42.6283 		0.1767 		12.0235
v -42.785 		0.1767 		12.3511
v -42.9018 		0.1767 		12.7098
v -42.9748 		0.1767 		13.0945
v -43 		0.1767 		13.5
v -42.9748 		0.1767 		13.9055
v -42.9018 		0.1767 		14.2902
v -42.785 		0.1767 		14.6489
v -42.6283 		0.1767 		14.9765
v -42.4357 		0.1767 		15.2678
v -42.2113 		0.1767 		15.5177
v -41.9588 		0.1767 		15.721
v -41.6824 		0.1767 		15.8726
v -41.3859 		0.1767 		15.9673
v -41.0734 		0.1767 		16
v -40.7609 		0.1767 		15.9673
v -40.4644 		0.1767 		15.8726
v -40.188 		0.1767 		15.721
v -39.9356 		0.1767 		15.5177
v -39.7111 		0.1767 		15.2678
v -39.5185 		0.1767 		14.9765
v -39.3619 		0.1767 		14.6489
v -39.245 		0.1767 		14.2902
v -39.1721 		0.1767 		13.9055
v -39.1468 		0.1767 		13.5
v -39.1721 		0.1767 		13.0945
v -39.245 		0.1767 		12.7098
v -39.3619 		0.1767 		12.3511
v -39.5185 		0.1767 		12.0235
v -39.7111 		0.1767 		11.7322
v -39.9356 		0.1767 		11.4823
v -40.188 		0.1767 		11.279
v -40.4644 		0.1767 		11.1274
v -40.7609 		0.1767 		11.0327
v -41.0734 		0.1767 		11
v -40.0098 		-10.276 		11.0327
v -40.2962 		-10.3527 		11.1274
v -40.5632 		-10.4243 		11.279
v -40.807 		-10.4896 		11.4823
v -41.0238 		-10.5477 		11.7322
v -41.2099 		-10.5975 		12.0235
v -41.3612 		-10.6381 		12.3511
v -41.474 		-10.6683 		12.7098
v -41.5445 		-10.6872 		13.0945
v -41.5689 		-10.6937 		13.5
v -41.5445 		-10.6872 		13.9055
v -41.474 		-10.6683 		14.2902
v -41.3612 		-10.6381 		14.6489
v -41.2099 		-10.5975 		14.9765
v -41.0238 		-10.5477 		15.2678
v -40.807 		-10.4896 		15.5177
v -40.5632 		-10.4243 		15.721
v -40.2962 		-10.3527 		15.8726
v -40.0098 		-10.276 		15.9673
v -39.708 		-10.1951 		16
v -39.4061 		-10.1142 		15.9673
v -39.1197 		-10.0375 		15.8726
v -38.8527 		-9.9659 		15.721
v -38.6089 		-9.9006 		15.5177
v -38.3921 		-9.8425 		15.2678
v -38.206 		-9.7927 		14.9765
v -38.0547 		-9.7521 		14.6489
v -37.9419 		-9.7219 		14.2902
v -37.8714 		-9.703 		13.9055
v -37.847 		-9.6965 		13.5
v -37.8714 		-9.703 		13.0945
v -37.9419 		-9.7219 		12.7098
v -38.0547 		-9.7521 		12.3511
v -38.206 		-9.7927 		12.0235
v -38.3921 		-9.8425 		11.7322
v -38.6089 		-9.9006 		11.4823
v -38.8527 		-9.9659 		11.279
v -39.1197 		-10.0375 		11.1274
v -39.4061 		-10.1142 		11.0327
v -39.708 		-10.1951 		11
v -35.9752 		-20.0163 		11.0327
v -36.232 		-20.1645 		11.1274
v -36.4714 		-20.3027 		11.279
v -36.69 		-20.429 		11.4823
v -36.8844 		-20.5412 		11.7322
v -37.0512 		-20.6375 		12.0235
v -37.1868 		-20.7158 		12.3511
v -37.288 		-20.7742 		12.7098
v -37.3512 		-20.8107 		13.0945
v -37.3731 		-20.8233 		13.5
v -37.3512 		-20.8107 		13.9055
v -37.288 		-20.7742 		14.2902
v -37.1868 		-20.7158 		14.6489
v -37.0512 		-20.6375 		14.9765
v -36.8844 		-20.5412 		15.2678
v -36.69 		-20.429 		15.5177
v -36.4714 		-20.3027 		15.721
v -36.232 		-20.1645 		15.8726
v -35.9752 		-20.0163 		15.9673
v -35.7046 		-19.86 		16
v -35.434 		-19.7038 		15.9673
v -35.1772 		-19.5556 		15.8726
v -34.9378 		-19.4174 		15.721
v -34.7192 		-19.2911 		15.5177
v -34.5248 		-19.1789 		15.2678
v -34.358 		-19.0826 		14.9765
v -34.2224 		-19.0043 		14.6489
v -34.1212 		-18.9458 		14.2902
v -34.058 		-18.9094 		13.9055
v -34.0361 		-18.8968 		13.5
v -34.058 		-18.9094 		13.0945
v -34.1212 		-18.9458 		12.7098
v -34.2224 		-19.0043 		12.3511
v -34.358 		-19.0826 		12.0235
v -34.5248 		-19.1789 		11.7322
v -34.7192 		-19.2911 		11.4823
v -34.9378 		-19.4174 		11.279
v -35.1772 		-19.5556 		11.1274
v -35.434 		-19.7038 		11.0327
v -35.7046 		-19.86 		11
v -29.5572 		-28.3805 		11.0327
v -29.7668 		-28.5901 		11.1274
v -29.9623 		-28.7856 		11.279
v -30.1408 		-28.9641 		11.4823
v -30.2995 		-29.1228 		11.7322
v -30.4357 		-29.259 		12.0235
v -30.5464 		-29.3698 		12.3511
v -30.6291 		-29.4524 		12.7098
v -30.6807 		-29.504 		13.0945
v -30.6985 		-29.5218 		13.5
v -30.6807 		-29.504 		13.9055
v -30.6291 		-29.4524 		14.2902
v -30.5464 		-29.3698 		14.6489
v -30.4357 		-29.259 		14.9765
v -30.2995 		-29.1228 		15.2678
v -30.1408 		-28.9641 		15.5177
v -29.9623 		-28.7856 		15.721
v -29.7668 		-28.5901 		15.8726
v -29.5572 		-28.3805 		15.9673
v -29.3362 		-28.1595 		16
v -29.1152 		-27.9386 		15.9673
v -28.9056 		-27.7289 		15.8726
v -28.7101 		-27.5335 		15.721
v -28.5316 		-27.3549 		15.5177
v -28.3729 		-27.1962 		15.2678
v -28.2367 		-27.06 		14.9765
v -28.126 		-26.9493 		14.6489
v -28.0433 		-26.8667 		14.2902
v -27.9917 		-26.8151 		13.9055
v -27.9739 		-26.7972 		13.5
v -27.9917 		-26.8151 		13.0945
v -28.0433 		-26.8667 		12.7098
v -28.126 		-26.9493 		12.3511
v -28.2367 		-27.06 		12.0235
v -28.3729 		-27.1962 		11.7322
v -28.5316 		-27.3549 		11.4823
v -28.7101 		-27.5335 		11.279
v -28.9056 		-27.7289 		11.1274
v -29.1152 		-27.9386 		11.0327
v -29.3362 		-28.1595 		11
v -21.193 		-34.7986 		11.0327
v -21.3412 		-35.0553 		11.1274
v -21.4794 		-35.2947 		11.279
v -21.6056 		-35.5133 		11.4823
v -21.7179 		-35.7077 		11.7322
v -21.8142 		-35.8745 		12.0235
v -21.8925 		-36.0102 		12.3511
v -21.9509 		-36.1114 		12.7098
v -21.9874 		-36.1746 		13.0945
v -22 		-36.1964 		13.5
v -21.9874 		-36.1746 		13.9055
v -21.9509 		-36.1114 		14.2902
v -21.8925 		-36.0102 		14.6489
v -21.8142 		-35.8745 		14.9765
v -21.7179 		-35.7077 		15.2678
v -21.6056 		-35.5133 		15.5177
v -21.4794 		-35.2947 		15.721
v -21.3412 		-35.0553 		15.8726
v -21.193 		-34.7986 		15.9673
v -21.0367 		-34.5279 		16
v -20.8805 		-34.2573 		15.9673
v -20.7322 		-34.0005 		15.8726
v -20.594 		-33.7612 		15.721
v -20.4678 		-33.5425 		15.5177
v -20.3556 		-33.3482 		15.2678
v -20.2593 		-33.1813 		14.9765
v -20.1809 		-33.0457 		14.6489
v -20.1225 		-32.9445 		14.2902
v -20.086 		-32.8813 		13.9055
v -20.0734 		-32.8595 		13.5
v -20.086 		-32.8813 		13.0945
v -20.1225 		-32.9445 		12.7098
v -20.1809 		-33.0457 		12.3511
v -20.2593 		-33.1813 		12.0235
v -20.3556 		-33.3482 		11.7322
v -20.4678 		-33.5425 		11.4823
v -20.594 		-33.7612 		11.279
v -20.7322 		-34.0005 		11.1274
v -20.8805 		-34.2573 		11.0327
v -21.0367 		-34.5279 		11
v -11.4526 		-38.8331 		11.0327
v -11.5294 		-39.1195 		11.1274
v -11.6009 		-39.3865 		11.279
v -11.6663 		-39.6304 		11.4823
v -11.7244 		-39.8472 		11.7322
v -11.7742 		-40.0332 		12.0235
v -11.8147 		-40.1845 		12.3511
v -11.845 		-40.2974 		12.7098
v -11.8639 		-40.3679 		13.0945
v -11.8704 		-40.3922 		13.5
v -11.8639 		-40.3679 		13.9055
v -11.845 		-40.2974 		14.2902
v -11.8147 		-40.1845 		14.6489
v -11.7742 		-40.0332 		14.9765
v -11.7244 		-39.8472 		15.2678
v -11.6663 		-39.6304 		15.5177
v -11.6009 		-39.3865 		15.721
v -11.5294 		-39.1195 		15.8726
v -11.4526 		-38.8331 		15.9673
v -11.3718 		-38.5313 		16
v -11.2909 		-38.2294 		15.9673
v -11.2142 		-37.9431 		15.8726
v -11.1426 		-37.6761 		15.721
v -11.0773 		-37.4322 		15.5177
v -11.0192 		-37.2154 		15.2678
v -10.9693 		-37.0294 		14.9765
v -10.9288 		-36.8781 		14.6489
v -10.8985 		-36.7652 		14.2902
v -10.8797 		-36.6947 		13.9055
v -10.8731 		-36.6704 		13.5
v -10.8797 		-36.6947 		13.0945
v -10.8985 		-36.7652 		12.7098
v -10.9288 		-36.8781 		12.3511
v -10.9693 		-37.0294 		12.0235
v -11.0192 		-37.2154 		11.7322
v -11.0773 		-37.4322 		11.4823
v -11.1426 		-37.6761 		11.279
v -11.2142 		-37.9431 		11.1274
v -11.2909 		-38.2294 		11.0327
v -11.3718 		-38.5313 		11
# 960 vertices

g group_12_14541540

usemtl color_14541540
s 0

f 3163 	3203 	3164
f 3203 	3204 	3164
f 3164 	3204 	3165
f 3204 	3205 	3165
f 3165 	3205 	3166
f 3205 	3206 	3166
f 3166 	3206 	3167
f 3206 	3207 	3167
f 3167 	3207 	3168
f 3207 	3208 	3168
f 3168 	3208 	3169
f 3208 	3209 	3169
f 3169 	3209 	3170
f 3209 	3210 	3170
f 3170 	3210 	3171
f 3210 	3211 	3171
f 3171 	3211 	3172
f 3211 	3212 	3172
f 3172 	3212 	3173
f 3212 	3213 	3173
f 3173 	3213 	3174
f 3213 	3214 	3174
f 3174 	3214 	3175
f 3214 	3215 	3175
f 3175 	3215 	3176
f 3215 	3216 	3176
f 3176 	3216 	3177
f 3216 	3217 	3177
f 3177 	3217 	3178
f 3217 	3218 	3178
f 3178 	3218 	3179
f 3218 	3219 	3179
f 3179 	3219 	3180
f 3219 	3220 	3180
f 3180 	3220 	3181
f 3220 	3221 	3181
f 3181 	3221 	3182
f 3221 	3222 	3182
f 3182 	3222 	3183
f 3222 	3223 	3183
f 3183 	3223 	3184
f 3223 	3224 	3184
f 3184 	3224 	3185
f 3224 	3225 	3185
f 3185 	3225 	3186
f 3225 	3226 	3186
f 3186 	3226 	3187
f 3226 	3227 	3187
f 3187 	3227 	3188
f 3227 	3228 	3188
f 3188 	3228 	3189
f 3228 	3229 	3189
f 3189 	3229 	3190
f 3229 	3230 	3190
f 3190 	3230 	3191
f 3230 	3231 	3191
f 3191 	3231 	3192
f 3231 	3232 	3192
f 3192 	3232 	3193
f 3232 	3233 	3193
f 3193 	3233 	3194
f 3233 	3234 	3194
f 3194 	3234 	3195
f 3234 	3235 	3195
f 3195 	3235 	3196
f 3235 	3236 	3196
f 3196 	3236 	3197
f 3236 	3237 	3197
f 3197 	3237 	3198
f 3237 	3238 	3198
f 3198 	3238 	3199
f 3238 	3239 	3199
f 3199 	3239 	3200
f 3239 	3240 	3200
f 3200 	3240 	3201
f 3240 	3241 	3201
f 3201 	3241 	3202
f 3241 	3242 	3202
f 3202 	3242 	3163
f 3242 	3203 	3163
f 3203 	3243 	3204
f 3243 	3244 	3204
f 3204 	3244 	3205
f 3244 	3245 	3205
f 3205 	3245 	3206
f 3245 	3246 	3206
f 3206 	3246 	3207
f 3246 	3247 	3207
f 3207 	3247 	3208
f 3247 	3248 	3208
f 3208 	3248 	3209
f 3248 	3249 	3209
f 3209 	3249 	3210
f 3249 	3250 	3210
f 3210 	3250 	3211
f 3250 	3251 	3211
f 3211 	3251 	3212
f 3251 	3252 	3212
f 3212 	3252 	3213
f 3252 	3253 	3213
f 3213 	3253 	3214
f 3253 	3254 	3214
f 3214 	3254 	3215
f 3254 	3255 	3215
f 3215 	3255 	3216
f 3255 	3256 	3216
f 3216 	3256 	3217
f 3256 	3257 	3217
f 3217 	3257 	3218
f 3257 	3258 	3218
f 3218 	3258 	3219
f 3258 	3259 	3219
f 3219 	3259 	3220
f 3259 	3260 	3220
f 3220 	3260 	3221
f 3260 	3261 	3221
f 3221 	3261 	3222
f 3261 	3262 	3222
f 3222 	3262 	3223
f 3262 	3263 	3223
f 3223 	3263 	3224
f 3263 	3264 	3224
f 3224 	3264 	3225
f 3264 	3265 	3225
f 3225 	3265 	3226
f 3265 	3266 	3226
f 3226 	3266 	3227
f 3266 	3267 	3227
f 3227 	3267 	3228
f 3267 	3268 	3228
f 3228 	3268 	3229
f 3268 	3269 	3229
f 3229 	3269 	3230
f 3269 	3270 	3230
f 3230 	3270 	3231
f 3270 	3271 	3231
f 3231 	3271 	3232
f 3271 	3272 	3232
f 3232 	3272 	3233
f 3272 	3273 	3233
f 3233 	3273 	3234
f 3273 	3274 	3234
f 3234 	3274 	3235
f 3274 	3275 	3235
f 3235 	3275 	3236
f 3275 	3276 	3236
f 3236 	3276 	3237
f 3276 	3277 	3237
f 3237 	3277 	3238
f 3277 	3278 	3238
f 3238 	3278 	3239
f 3278 	3279 	3239
f 3239 	3279 	3240
f 3279 	3280 	3240
f 3240 	3280 	3241
f 3280 	3281 	3241
f 3241 	3281 	3242
f 3281 	3282 	3242
f 3242 	3282 	3203
f 3282 	3243 	3203
f 3243 	3283 	3244
f 3283 	3284 	3244
f 3244 	3284 	3245
f 3284 	3285 	3245
f 3245 	3285 	3246
f 3285 	3286 	3246
f 3246 	3286 	3247
f 3286 	3287 	3247
f 3247 	3287 	3248
f 3287 	3288 	3248
f 3248 	3288 	3249
f 3288 	3289 	3249
f 3249 	3289 	3250
f 3289 	3290 	3250
f 3250 	3290 	3251
f 3290 	3291 	3251
f 3251 	3291 	3252
f 3291 	3292 	3252
f 3252 	3292 	3253
f 3292 	3293 	3253
f 3253 	3293 	3254
f 3293 	3294 	3254
f 3254 	3294 	3255
f 3294 	3295 	3255
f 3255 	3295 	3256
f 3295 	3296 	3256
f 3256 	3296 	3257
f 3296 	3297 	3257
f 3257 	3297 	3258
f 3297 	3298 	3258
f 3258 	3298 	3259
f 3298 	3299 	3259
f 3259 	3299 	3260
f 3299 	3300 	3260
f 3260 	3300 	3261
f 3300 	3301 	3261
f 3261 	3301 	3262
f 3301 	3302 	3262
f 3262 	3302 	3263
f 3302 	3303 	3263
f 3263 	3303 	3264
f 3303 	3304 	3264
f 3264 	3304 	3265
f 3304 	3305 	3265
f 3265 	3305 	3266
f 3305 	3306 	3266
f 3266 	3306 	3267
f 3306 	3307 	3267
f 3267 	3307 	3268
f 3307 	3308 	3268
f 3268 	3308 	3269
f 3308 	3309 	3269
f 3269 	3309 	3270
f 3309 	3310 	3270
f 3270 	3310 	3271
f 3310 	3311 	3271
f 3271 	3311 	3272
f 3311 	3312 	3272
f 3272 	3312 	3273
f 3312 	3313 	3273
f 3273 	3313 	3274
f 3313 	3314 	3274
f 3274 	3314 	3275
f 3314 	3315 	3275
f 3275 	3315 	3276
f 3315 	3316 	3276
f 3276 	3316 	3277
f 3316 	3317 	3277
f 3277 	3317 	3278
f 3317 	3318 	3278
f 3278 	3318 	3279
f 3318 	3319 	3279
f 3279 	3319 	3280
f 3319 	3320 	3280
f 3280 	3320 	3281
f 3320 	3321 	3281
f 3281 	3321 	3282
f 3321 	3322 	3282
f 3282 	3322 	3243
f 3322 	3283 	3243
f 3283 	3323 	3284
f 3323 	3324 	3284
f 3284 	3324 	3285
f 3324 	3325 	3285
f 3285 	3325 	3286
f 3325 	3326 	3286
f 3286 	3326 	3287
f 3326 	3327 	3287
f 3287 	3327 	3288
f 3327 	3328 	3288
f 3288 	3328 	3289
f 3328 	3329 	3289
f 3289 	3329 	3290
f 3329 	3330 	3290
f 3290 	3330 	3291
f 3330 	3331 	3291
f 3291 	3331 	3292
f 3331 	3332 	3292
f 3292 	3332 	3293
f 3332 	3333 	3293
f 3293 	3333 	3294
f 3333 	3334 	3294
f 3294 	3334 	3295
f 3334 	3335 	3295
f 3295 	3335 	3296
f 3335 	3336 	3296
f 3296 	3336 	3297
f 3336 	3337 	3297
f 3297 	3337 	3298
f 3337 	3338 	3298
f 3298 	3338 	3299
f 3338 	3339 	3299
f 3299 	3339 	3300
f 3339 	3340 	3300
f 3300 	3340 	3301
f 3340 	3341 	3301
f 3301 	3341 	3302
f 3341 	3342 	3302
f 3302 	3342 	3303
f 3342 	3343 	3303
f 3303 	3343 	3304
f 3343 	3344 	3304
f 3304 	3344 	3305
f 3344 	3345 	3305
f 3305 	3345 	3306
f 3345 	3346 	3306
f 3306 	3346 	3307
f 3346 	3347 	3307
f 3307 	3347 	3308
f 3347 	3348 	3308
f 3308 	3348 	3309
f 3348 	3349 	3309
f 3309 	3349 	3310
f 3349 	3350 	3310
f 3310 	3350 	3311
f 3350 	3351 	3311
f 3311 	3351 	3312
f 3351 	3352 	3312
f 3312 	3352 	3313
f 3352 	3353 	3313
f 3313 	3353 	3314
f 3353 	3354 	3314
f 3314 	3354 	3315
f 3354 	3355 	3315
f 3315 	3355 	3316
f 3355 	3356 	3316
f 3316 	3356 	3317
f 3356 	3357 	3317
f 3317 	3357 	3318
f 3357 	3358 	3318
f 3318 	3358 	3319
f 3358 	3359 	3319
f 3319 	3359 	3320
f 3359 	3360 	3320
f 3320 	3360 	3321
f 3360 	3361 	3321
f 3321 	3361 	3322
f 3361 	3362 	3322
f 3322 	3362 	3283
f 3362 	3323 	3283
f 3323 	3363 	3324
f 3363 	3364 	3324
f 3324 	3364 	3325
f 3364 	3365 	3325
f 3325 	3365 	3326
f 3365 	3366 	3326
f 3326 	3366 	3327
f 3366 	3367 	3327
f 3327 	3367 	3328
f 3367 	3368 	3328
f 3328 	3368 	3329
f 3368 	3369 	3329
f 3329 	3369 	3330
f 3369 	3370 	3330
f 3330 	3370 	3331
f 3370 	3371 	3331
f 3331 	3371 	3332
f 3371 	3372 	3332
f 3332 	3372 	3333
f 3372 	3373 	3333
f 3333 	3373 	3334
f 3373 	3374 	3334
f 3334 	3374 	3335
f 3374 	3375 	3335
f 3335 	3375 	3336
f 3375 	3376 	3336
f 3336 	3376 	3337
f 3376 	3377 	3337
f 3337 	3377 	3338
f 3377 	3378 	3338
f 3338 	3378 	3339
f 3378 	3379 	3339
f 3339 	3379 	3340
f 3379 	3380 	3340
f 3340 	3380 	3341
f 3380 	3381 	3341
f 3341 	3381 	3342
f 3381 	3382 	3342
f 3342 	3382 	3343
f 3382 	3383 	3343
f 3343 	3383 	3344
f 3383 	3384 	3344
f 3344 	3384 	3345
f 3384 	3385 	3345
f 3345 	3385 	3346
f 3385 	3386 	3346
f 3346 	3386 	3347
f 3386 	3387 	3347
f 3347 	3387 	3348
f 3387 	3388 	3348
f 3348 	3388 	3349
f 3388 	3389 	3349
f 3349 	3389 	3350
f 3389 	3390 	3350
f 3350 	3390 	3351
f 3390 	3391 	3351
f 3351 	3391 	3352
f 3391 	3392 	3352
f 3352 	3392 	3353
f 3392 	3393 	3353
f 3353 	3393 	3354
f 3393 	3394 	3354
f 3354 	3394 	3355
f 3394 	3395 	3355
f 3355 	3395 	3356
f 3395 	3396 	3356
f 3356 	3396 	3357
f 3396 	3397 	3357
f 3357 	3397 	3358
f 3397 	3398 	3358
f 3358 	3398 	3359
f 3398 	3399 	3359
f 3359 	3399 	3360
f 3399 	3400 	3360
f 3360 	3400 	3361
f 3400 	3401 	3361
f 3361 	3401 	3362
f 3401 	3402 	3362
f 3362 	3402 	3323
f 3402 	3363 	3323
f 3363 	3403 	3364
f 3403 	3404 	3364
f 3364 	3404 	3365
f 3404 	3405 	3365
f 3365 	3405 	3366
f 3405 	3406 	3366
f 3366 	3406 	3367
f 3406 	3407 	3367
f 3367 	3407 	3368
f 3407 	3408 	3368
f 3368 	3408 	3369
f 3408 	3409 	3369
f 3369 	3409 	3370
f 3409 	3410 	3370
f 3370 	3410 	3371
f 3410 	3411 	3371
f 3371 	3411 	3372
f 3411 	3412 	3372
f 3372 	3412 	3373
f 3412 	3413 	3373
f 3373 	3413 	3374
f 3413 	3414 	3374
f 3374 	3414 	3375
f 3414 	3415 	3375
f 3375 	3415 	3376
f 3415 	3416 	3376
f 3376 	3416 	3377
f 3416 	3417 	3377
f 3377 	3417 	3378
f 3417 	3418 	3378
f 3378 	3418 	3379
f 3418 	3419 	3379
f 3379 	3419 	3380
f 3419 	3420 	3380
f 3380 	3420 	3381
f 3420 	3421 	3381
f 3381 	3421 	3382
f 3421 	3422 	3382
f 3382 	3422 	3383
f 3422 	3423 	3383
f 3383 	3423 	3384
f 3423 	3424 	3384
f 3384 	3424 	3385
f 3424 	3425 	3385
f 3385 	3425 	3386
f 3425 	3426 	3386
f 3386 	3426 	3387
f 3426 	3427 	3387
f 3387 	3427 	3388
f 3427 	3428 	3388
f 3388 	3428 	3389
f 3428 	3429 	3389
f 3389 	3429 	3390
f 3429 	3430 	3390
f 3390 	3430 	3391
f 3430 	3431 	3391
f 3391 	3431 	3392
f 3431 	3432 	3392
f 3392 	3432 	3393
f 3432 	3433 	3393
f 3393 	3433 	3394
f 3433 	3434 	3394
f 3394 	3434 	3395
f 3434 	3435 	3395
f 3395 	3435 	3396
f 3435 	3436 	3396
f 3396 	3436 	3397
f 3436 	3437 	3397
f 3397 	3437 	3398
f 3437 	3438 	3398
f 3398 	3438 	3399
f 3438 	3439 	3399
f 3399 	3439 	3400
f 3439 	3440 	3400
f 3400 	3440 	3401
f 3440 	3441 	3401
f 3401 	3441 	3402
f 3441 	3442 	3402
f 3402 	3442 	3363
f 3442 	3403 	3363
f 3403 	3443 	3404
f 3443 	3444 	3404
f 3404 	3444 	3405
f 3444 	3445 	3405
f 3405 	3445 	3406
f 3445 	3446 	3406
f 3406 	3446 	3407
f 3446 	3447 	3407
f 3407 	3447 	3408
f 3447 	3448 	3408
f 3408 	3448 	3409
f 3448 	3449 	3409
f 3409 	3449 	3410
f 3449 	3450 	3410
f 3410 	3450 	3411
f 3450 	3451 	3411
f 3411 	3451 	3412
f 3451 	3452 	3412
f 3412 	3452 	3413
f 3452 	3453 	3413
f 3413 	3453 	3414
f 3453 	3454 	3414
f 3414 	3454 	3415
f 3454 	3455 	3415
f 3415 	3455 	3416
f 3455 	3456 	3416
f 3416 	3456 	3417
f 3456 	3457 	3417
f 3417 	3457 	3418
f 3457 	3458 	3418
f 3418 	3458 	3419
f 3458 	3459 	3419
f 3419 	3459 	3420
f 3459 	3460 	3420
f 3420 	3460 	3421
f 3460 	3461 	3421
f 3421 	3461 	3422
f 3461 	3462 	3422
f 3422 	3462 	3423
f 3462 	3463 	3423
f 3423 	3463 	3424
f 3463 	3464 	3424
f 3424 	3464 	3425
f 3464 	3465 	3425
f 3425 	3465 	3426
f 3465 	3466 	3426
f 3426 	3466 	3427
f 3466 	3467 	3427
f 3427 	3467 	3428
f 3467 	3468 	3428
f 3428 	3468 	3429
f 3468 	3469 	3429
f 3429 	3469 	3430
f 3469 	3470 	3430
f 3430 	3470 	3431
f 3470 	3471 	3431
f 3431 	3471 	3432
f 3471 	3472 	3432
f 3432 	3472 	3433
f 3472 	3473 	3433
f 3433 	3473 	3434
f 3473 	3474 	3434
f 3434 	3474 	3435
f 3474 	3475 	3435
f 3435 	3475 	3436
f 3475 	3476 	3436
f 3436 	3476 	3437
f 3476 	3477 	3437
f 3437 	3477 	3438
f 3477 	3478 	3438
f 3438 	3478 	3439
f 3478 	3479 	3439
f 3439 	3479 	3440
f 3479 	3480 	3440
f 3440 	3480 	3441
f 3480 	3481 	3441
f 3441 	3481 	3442
f 3481 	3482 	3442
f 3442 	3482 	3403
f 3482 	3443 	3403
f 3443 	3483 	3444
f 3483 	3484 	3444
f 3444 	3484 	3445
f 3484 	3485 	3445
f 3445 	3485 	3446
f 3485 	3486 	3446
f 3446 	3486 	3447
f 3486 	3487 	3447
f 3447 	3487 	3448
f 3487 	3488 	3448
f 3448 	3488 	3449
f 3488 	3489 	3449
f 3449 	3489 	3450
f 3489 	3490 	3450
f 3450 	3490 	3451
f 3490 	3491 	3451
f 3451 	3491 	3452
f 3491 	3492 	3452
f 3452 	3492 	3453
f 3492 	3493 	3453
f 3453 	3493 	3454
f 3493 	3494 	3454
f 3454 	3494 	3455
f 3494 	3495 	3455
f 3455 	3495 	3456
f 3495 	3496 	3456
f 3456 	3496 	3457
f 3496 	3497 	3457
f 3457 	3497 	3458
f 3497 	3498 	3458
f 3458 	3498 	3459
f 3498 	3499 	3459
f 3459 	3499 	3460
f 3499 	3500 	3460
f 3460 	3500 	3461
f 3500 	3501 	3461
f 3461 	3501 	3462
f 3501 	3502 	3462
f 3462 	3502 	3463
f 3502 	3503 	3463
f 3463 	3503 	3464
f 3503 	3504 	3464
f 3464 	3504 	3465
f 3504 	3505 	3465
f 3465 	3505 	3466
f 3505 	3506 	3466
f 3466 	3506 	3467
f 3506 	3507 	3467
f 3467 	3507 	3468
f 3507 	3508 	3468
f 3468 	3508 	3469
f 3508 	3509 	3469
f 3469 	3509 	3470
f 3509 	3510 	3470
f 3470 	3510 	3471
f 3510 	3511 	3471
f 3471 	3511 	3472
f 3511 	3512 	3472
f 3472 	3512 	3473
f 3512 	3513 	3473
f 3473 	3513 	3474
f 3513 	3514 	3474
f 3474 	3514 	3475
f 3514 	3515 	3475
f 3475 	3515 	3476
f 3515 	3516 	3476
f 3476 	3516 	3477
f 3516 	3517 	3477
f 3477 	3517 	3478
f 3517 	3518 	3478
f 3478 	3518 	3479
f 3518 	3519 	3479
f 3479 	3519 	3480
f 3519 	3520 	3480
f 3480 	3520 	3481
f 3520 	3521 	3481
f 3481 	3521 	3482
f 3521 	3522 	3482
f 3482 	3522 	3443
f 3522 	3483 	3443
f 3483 	3523 	3484
f 3523 	3524 	3484
f 3484 	3524 	3485
f 3524 	3525 	3485
f 3485 	3525 	3486
f 3525 	3526 	3486
f 3486 	3526 	3487
f 3526 	3527 	3487
f 3487 	3527 	3488
f 3527 	3528 	3488
f 3488 	3528 	3489
f 3528 	3529 	3489
f 3489 	3529 	3490
f 3529 	3530 	3490
f 3490 	3530 	3491
f 3530 	3531 	3491
f 3491 	3531 	3492
f 3531 	3532 	3492
f 3492 	3532 	3493
f 3532 	3533 	3493
f 3493 	3533 	3494
f 3533 	3534 	3494
f 3494 	3534 	3495
f 3534 	3535 	3495
f 3495 	3535 	3496
f 3535 	3536 	3496
f 3496 	3536 	3497
f 3536 	3537 	3497
f 3497 	3537 	3498
f 3537 	3538 	3498
f 3498 	3538 	3499
f 3538 	3539 	3499
f 3499 	3539 	3500
f 3539 	3540 	3500
f 3500 	3540 	3501
f 3540 	3541 	3501
f 3501 	3541 	3502
f 3541 	3542 	3502
f 3502 	3542 	3503
f 3542 	3543 	3503
f 3503 	3543 	3504
f 3543 	3544 	3504
f 3504 	3544 	3505
f 3544 	3545 	3505
f 3505 	3545 	3506
f 3545 	3546 	3506
f 3506 	3546 	3507
f 3546 	3547 	3507
f 3507 	3547 	3508
f 3547 	3548 	3508
f 3508 	3548 	3509
f 3548 	3549 	3509
f 3509 	3549 	3510
f 3549 	3550 	3510
f 3510 	3550 	3511
f 3550 	3551 	3511
f 3511 	3551 	3512
f 3551 	3552 	3512
f 3512 	3552 	3513
f 3552 	3553 	3513
f 3513 	3553 	3514
f 3553 	3554 	3514
f 3514 	3554 	3515
f 3554 	3555 	3515
f 3515 	3555 	3516
f 3555 	3556 	3516
f 3516 	3556 	3517
f 3556 	3557 	3517
f 3517 	3557 	3518
f 3557 	3558 	3518
f 3518 	3558 	3519
f 3558 	3559 	3519
f 3519 	3559 	3520
f 3559 	3560 	3520
f 3520 	3560 	3521
f 3560 	3561 	3521
f 3521 	3561 	3522
f 3561 	3562 	3522
f 3522 	3562 	3483
f 3562 	3523 	3483
f 3523 	3563 	3524
f 3563 	3564 	3524
f 3524 	3564 	3525
f 3564 	3565 	3525
f 3525 	3565 	3526
f 3565 	3566 	3526
f 3526 	3566 	3527
f 3566 	3567 	3527
f 3527 	3567 	3528
f 3567 	3568 	3528
f 3528 	3568 	3529
f 3568 	3569 	3529
f 3529 	3569 	3530
f 3569 	3570 	3530
f 3530 	3570 	3531
f 3570 	3571 	3531
f 3531 	3571 	3532
f 3571 	3572 	3532
f 3532 	3572 	3533
f 3572 	3573 	3533
f 3533 	3573 	3534
f 3573 	3574 	3534
f 3534 	3574 	3535
f 3574 	3575 	3535
f 3535 	3575 	3536
f 3575 	3576 	3536
f 3536 	3576 	3537
f 3576 	3577 	3537
f 3537 	3577 	3538
f 3577 	3578 	3538
f 3538 	3578 	3539
f 3578 	3579 	3539
f 3539 	3579 	3540
f 3579 	3580 	3540
f 3540 	3580 	3541
f 3580 	3581 	3541
f 3541 	3581 	3542
f 3581 	3582 	3542
f 3542 	3582 	3543
f 3582 	3583 	3543
f 3543 	3583 	3544
f 3583 	3584 	3544
f 3544 	3584 	3545
f 3584 	3585 	3545
f 3545 	3585 	3546
f 3585 	3586 	3546
f 3546 	3586 	3547
f 3586 	3587 	3547
f 3547 	3587 	3548
f 3587 	3588 	3548
f 3548 	3588 	3549
f 3588 	3589 	3549
f 3549 	3589 	3550
f 3589 	3590 	3550
f 3550 	3590 	3551
f 3590 	3591 	3551
f 3551 	3591 	3552
f 3591 	3592 	3552
f 3552 	3592 	3553
f 3592 	3593 	3553
f 3553 	3593 	3554
f 3593 	3594 	3554
f 3554 	3594 	3555
f 3594 	3595 	3555
f 3555 	3595 	3556
f 3595 	3596 	3556
f 3556 	3596 	3557
f 3596 	3597 	3557
f 3557 	3597 	3558
f 3597 	3598 	3558
f 3558 	3598 	3559
f 3598 	3599 	3559
f 3559 	3599 	3560
f 3599 	3600 	3560
f 3560 	3600 	3561
f 3600 	3601 	3561
f 3561 	3601 	3562
f 3601 	3602 	3562
f 3562 	3602 	3523
f 3602 	3563 	3523
f 3563 	3603 	3564
f 3603 	3604 	3564
f 3564 	3604 	3565
f 3604 	3605 	3565
f 3565 	3605 	3566
f 3605 	3606 	3566
f 3566 	3606 	3567
f 3606 	3607 	3567
f 3567 	3607 	3568
f 3607 	3608 	3568
f 3568 	3608 	3569
f 3608 	3609 	3569
f 3569 	3609 	3570
f 3609 	3610 	3570
f 3570 	3610 	3571
f 3610 	3611 	3571
f 3571 	3611 	3572
f 3611 	3612 	3572
f 3572 	3612 	3573
f 3612 	3613 	3573
f 3573 	3613 	3574
f 3613 	3614 	3574
f 3574 	3614 	3575
f 3614 	3615 	3575
f 3575 	3615 	3576
f 3615 	3616 	3576
f 3576 	3616 	3577
f 3616 	3617 	3577
f 3577 	3617 	3578
f 3617 	3618 	3578
f 3578 	3618 	3579
f 3618 	3619 	3579
f 3579 	3619 	3580
f 3619 	3620 	3580
f 3580 	3620 	3581
f 3620 	3621 	3581
f 3581 	3621 	3582
f 3621 	3622 	3582
f 3582 	3622 	3583
f 3622 	3623 	3583
f 3583 	3623 	3584
f 3623 	3624 	3584
f 3584 	3624 	3585
f 3624 	3625 	3585
f 3585 	3625 	3586
f 3625 	3626 	3586
f 3586 	3626 	3587
f 3626 	3627 	3587
f 3587 	3627 	3588
f 3627 	3628 	3588
f 3588 	3628 	3589
f 3628 	3629 	3589
f 3589 	3629 	3590
f 3629 	3630 	3590
f 3590 	3630 	3591
f 3630 	3631 	3591
f 3591 	3631 	3592
f 3631 	3632 	3592
f 3592 	3632 	3593
f 3632 	3633 	3593
f 3593 	3633 	3594
f 3633 	3634 	3594
f 3594 	3634 	3595
f 3634 	3635 	3595
f 3595 	3635 	3596
f 3635 	3636 	3596
f 3596 	3636 	3597
f 3636 	3637 	3597
f 3597 	3637 	3598
f 3637 	3638 	3598
f 3598 	3638 	3599
f 3638 	3639 	3599
f 3599 	3639 	3600
f 3639 	3640 	3600
f 3600 	3640 	3601
f 3640 	3641 	3601
f 3601 	3641 	3602
f 3641 	3642 	3602
f 3602 	3642 	3563
f 3642 	3603 	3563
f 3603 	3643 	3604
f 3643 	3644 	3604
f 3604 	3644 	3605
f 3644 	3645 	3605
f 3605 	3645 	3606
f 3645 	3646 	3606
f 3606 	3646 	3607
f 3646 	3647 	3607
f 3607 	3647 	3608
f 3647 	3648 	3608
f 3608 	3648 	3609
f 3648 	3649 	3609
f 3609 	3649 	3610
f 3649 	3650 	3610
f 3610 	3650 	3611
f 3650 	3651 	3611
f 3611 	3651 	3612
f 3651 	3652 	3612
f 3612 	3652 	3613
f 3652 	3653 	3613
f 3613 	3653 	3614
f 3653 	3654 	3614
f 3614 	3654 	3615
f 3654 	3655 	3615
f 3615 	3655 	3616
f 3655 	3656 	3616
f 3616 	3656 	3617
f 3656 	3657 	3617
f 3617 	3657 	3618
f 3657 	3658 	3618
f 3618 	3658 	3619
f 3658 	3659 	3619
f 3619 	3659 	3620
f 3659 	3660 	3620
f 3620 	3660 	3621
f 3660 	3661 	3621
f 3621 	3661 	3622
f 3661 	3662 	3622
f 3622 	3662 	3623
f 3662 	3663 	3623
f 3623 	3663 	3624
f 3663 	3664 	3624
f 3624 	3664 	3625
f 3664 	3665 	3625
f 3625 	3665 	3626
f 3665 	3666 	3626
f 3626 	3666 	3627
f 3666 	3667 	3627
f 3627 	3667 	3628
f 3667 	3668 	3628
f 3628 	3668 	3629
f 3668 	3669 	3629
f 3629 	3669 	3630
f 3669 	3670 	3630
f 3630 	3670 	3631
f 3670 	3671 	3631
f 3631 	3671 	3632
f 3671 	3672 	3632
f 3632 	3672 	3633
f 3672 	3673 	3633
f 3633 	3673 	3634
f 3673 	3674 	3634
f 3634 	3674 	3635
f 3674 	3675 	3635
f 3635 	3675 	3636
f 3675 	3676 	3636
f 3636 	3676 	3637
f 3676 	3677 	3637
f 3637 	3677 	3638
f 3677 	3678 	3638
f 3638 	3678 	3639
f 3678 	3679 	3639
f 3639 	3679 	3640
f 3679 	3680 	3640
f 3640 	3680 	3641
f 3680 	3681 	3641
f 3641 	3681 	3642
f 3681 	3682 	3642
f 3642 	3682 	3603
f 3682 	3643 	3603
f 3643 	3683 	3644
f 3683 	3684 	3644
f 3644 	3684 	3645
f 3684 	3685 	3645
f 3645 	3685 	3646
f 3685 	3686 	3646
f 3646 	3686 	3647
f 3686 	3687 	3647
f 3647 	3687 	3648
f 3687 	3688 	3648
f 3648 	3688 	3649
f 3688 	3689 	3649
f 3649 	3689 	3650
f 3689 	3690 	3650
f 3650 	3690 	3651
f 3690 	3691 	3651
f 3651 	3691 	3652
f 3691 	3692 	3652
f 3652 	3692 	3653
f 3692 	3693 	3653
f 3653 	3693 	3654
f 3693 	3694 	3654
f 3654 	3694 	3655
f 3694 	3695 	3655
f 3655 	3695 	3656
f 3695 	3696 	3656
f 3656 	3696 	3657
f 3696 	3697 	3657
f 3657 	3697 	3658
f 3697 	3698 	3658
f 3658 	3698 	3659
f 3698 	3699 	3659
f 3659 	3699 	3660
f 3699 	3700 	3660
f 3660 	3700 	3661
f 3700 	3701 	3661
f 3661 	3701 	3662
f 3701 	3702 	3662
f 3662 	3702 	3663
f 3702 	3703 	3663
f 3663 	3703 	3664
f 3703 	3704 	3664
f 3664 	3704 	3665
f 3704 	3705 	3665
f 3665 	3705 	3666
f 3705 	3706 	3666
f 3666 	3706 	3667
f 3706 	3707 	3667
f 3667 	3707 	3668
f 3707 	3708 	3668
f 3668 	3708 	3669
f 3708 	3709 	3669
f 3669 	3709 	3670
f 3709 	3710 	3670
f 3670 	3710 	3671
f 3710 	3711 	3671
f 3671 	3711 	3672
f 3711 	3712 	3672
f 3672 	3712 	3673
f 3712 	3713 	3673
f 3673 	3713 	3674
f 3713 	3714 	3674
f 3674 	3714 	3675
f 3714 	3715 	3675
f 3675 	3715 	3676
f 3715 	3716 	3676
f 3676 	3716 	3677
f 3716 	3717 	3677
f 3677 	3717 	3678
f 3717 	3718 	3678
f 3678 	3718 	3679
f 3718 	3719 	3679
f 3679 	3719 	3680
f 3719 	3720 	3680
f 3680 	3720 	3681
f 3720 	3721 	3681
f 3681 	3721 	3682
f 3721 	3722 	3682
f 3682 	3722 	3643
f 3722 	3683 	3643
f 3683 	3723 	3684
f 3723 	3724 	3684
f 3684 	3724 	3685
f 3724 	3725 	3685
f 3685 	3725 	3686
f 3725 	3726 	3686
f 3686 	3726 	3687
f 3726 	3727 	3687
f 3687 	3727 	3688
f 3727 	3728 	3688
f 3688 	3728 	3689
f 3728 	3729 	3689
f 3689 	3729 	3690
f 3729 	3730 	3690
f 3690 	3730 	3691
f 3730 	3731 	3691
f 3691 	3731 	3692
f 3731 	3732 	3692
f 3692 	3732 	3693
f 3732 	3733 	3693
f 3693 	3733 	3694
f 3733 	3734 	3694
f 3694 	3734 	3695
f 3734 	3735 	3695
f 3695 	3735 	3696
f 3735 	3736 	3696
f 3696 	3736 	3697
f 3736 	3737 	3697
f 3697 	3737 	3698
f 3737 	3738 	3698
f 3698 	3738 	3699
f 3738 	3739 	3699
f 3699 	3739 	3700
f 3739 	3740 	3700
f 3700 	3740 	3701
f 3740 	3741 	3701
f 3701 	3741 	3702
f 3741 	3742 	3702
f 3702 	3742 	3703
f 3742 	3743 	3703
f 3703 	3743 	3704
f 3743 	3744 	3704
f 3704 	3744 	3705
f 3744 	3745 	3705
f 3705 	3745 	3706
f 3745 	3746 	3706
f 3706 	3746 	3707
f 3746 	3747 	3707
f 3707 	3747 	3708
f 3747 	3748 	3708
f 3708 	3748 	3709
f 3748 	3749 	3709
f 3709 	3749 	3710
f 3749 	3750 	3710
f 3710 	3750 	3711
f 3750 	3751 	3711
f 3711 	3751 	3712
f 3751 	3752 	3712
f 3712 	3752 	3713
f 3752 	3753 	3713
f 3713 	3753 	3714
f 3753 	3754 	3714
f 3714 	3754 	3715
f 3754 	3755 	3715
f 3715 	3755 	3716
f 3755 	3756 	3716
f 3716 	3756 	3717
f 3756 	3757 	3717
f 3717 	3757 	3718
f 3757 	3758 	3718
f 3718 	3758 	3719
f 3758 	3759 	3719
f 3719 	3759 	3720
f 3759 	3760 	3720
f 3720 	3760 	3721
f 3760 	3761 	3721
f 3721 	3761 	3722
f 3761 	3762 	3722
f 3722 	3762 	3683
f 3762 	3723 	3683
f 3723 	3763 	3724
f 3763 	3764 	3724
f 3724 	3764 	3725
f 3764 	3765 	3725
f 3725 	3765 	3726
f 3765 	3766 	3726
f 3726 	3766 	3727
f 3766 	3767 	3727
f 3727 	3767 	3728
f 3767 	3768 	3728
f 3728 	3768 	3729
f 3768 	3769 	3729
f 3729 	3769 	3730
f 3769 	3770 	3730
f 3730 	3770 	3731
f 3770 	3771 	3731
f 3731 	3771 	3732
f 3771 	3772 	3732
f 3732 	3772 	3733
f 3772 	3773 	3733
f 3733 	3773 	3734
f 3773 	3774 	3734
f 3734 	3774 	3735
f 3774 	3775 	3735
f 3735 	3775 	3736
f 3775 	3776 	3736
f 3736 	3776 	3737
f 3776 	3777 	3737
f 3737 	3777 	3738
f 3777 	3778 	3738
f 3738 	3778 	3739
f 3778 	3779 	3739
f 3739 	3779 	3740
f 3779 	3780 	3740
f 3740 	3780 	3741
f 3780 	3781 	3741
f 3741 	3781 	3742
f 3781 	3782 	3742
f 3742 	3782 	3743
f 3782 	3783 	3743
f 3743 	3783 	3744
f 3783 	3784 	3744
f 3744 	3784 	3745
f 3784 	3785 	3745
f 3745 	3785 	3746
f 3785 	3786 	3746
f 3746 	3786 	3747
f 3786 	3787 	3747
f 3747 	3787 	3748
f 3787 	3788 	3748
f 3748 	3788 	3749
f 3788 	3789 	3749
f 3749 	3789 	3750
f 3789 	3790 	3750
f 3750 	3790 	3751
f 3790 	3791 	3751
f 3751 	3791 	3752
f 3791 	3792 	3752
f 3752 	3792 	3753
f 3792 	3793 	3753
f 3753 	3793 	3754
f 3793 	3794 	3754
f 3754 	3794 	3755
f 3794 	3795 	3755
f 3755 	3795 	3756
f 3795 	3796 	3756
f 3756 	3796 	3757
f 3796 	3797 	3757
f 3757 	3797 	3758
f 3797 	3798 	3758
f 3758 	3798 	3759
f 3798 	3799 	3759
f 3759 	3799 	3760
f 3799 	3800 	3760
f 3760 	3800 	3761
f 3800 	3801 	3761
f 3761 	3801 	3762
f 3801 	3802 	3762
f 3762 	3802 	3723
f 3802 	3763 	3723
f 3763 	3803 	3764
f 3803 	3804 	3764
f 3764 	3804 	3765
f 3804 	3805 	3765
f 3765 	3805 	3766
f 3805 	3806 	3766
f 3766 	3806 	3767
f 3806 	3807 	3767
f 3767 	3807 	3768
f 3807 	3808 	3768
f 3768 	3808 	3769
f 3808 	3809 	3769
f 3769 	3809 	3770
f 3809 	3810 	3770
f 3770 	3810 	3771
f 3810 	3811 	3771
f 3771 	3811 	3772
f 3811 	3812 	3772
f 3772 	3812 	3773
f 3812 	3813 	3773
f 3773 	3813 	3774
f 3813 	3814 	3774
f 3774 	3814 	3775
f 3814 	3815 	3775
f 3775 	3815 	3776
f 3815 	3816 	3776
f 3776 	3816 	3777
f 3816 	3817 	3777
f 3777 	3817 	3778
f 3817 	3818 	3778
f 3778 	3818 	3779
f 3818 	3819 	3779
f 3779 	3819 	3780
f 3819 	3820 	3780
f 3780 	3820 	3781
f 3820 	3821 	3781
f 3781 	3821 	3782
f 3821 	3822 	3782
f 3782 	3822 	3783
f 3822 	3823 	3783
f 3783 	3823 	3784
f 3823 	3824 	3784
f 3784 	3824 	3785
f 3824 	3825 	3785
f 3785 	3825 	3786
f 3825 	3826 	3786
f 3786 	3826 	3787
f 3826 	3827 	3787
f 3787 	3827 	3788
f 3827 	3828 	3788
f 3788 	3828 	3789
f 3828 	3829 	3789
f 3789 	3829 	3790
f 3829 	3830 	3790
f 3790 	3830 	3791
f 3830 	3831 	3791
f 3791 	3831 	3792
f 3831 	3832 	3792
f 3792 	3832 	3793
f 3832 	3833 	3793
f 3793 	3833 	3794
f 3833 	3834 	3794
f 3794 	3834 	3795
f 3834 	3835 	3795
f 3795 	3835 	3796
f 3835 	3836 	3796
f 3796 	3836 	3797
f 3836 	3837 	3797
f 3797 	3837 	3798
f 3837 	3838 	3798
f 3798 	3838 	3799
f 3838 	3839 	3799
f 3799 	3839 	3800
f 3839 	3840 	3800
f 3800 	3840 	3801
f 3840 	3841 	3801
f 3801 	3841 	3802
f 3841 	3842 	3802
f 3802 	3842 	3763
f 3842 	3803 	3763
f 3803 	3843 	3804
f 3843 	3844 	3804
f 3804 	3844 	3805
f 3844 	3845 	3805
f 3805 	3845 	3806
f 3845 	3846 	3806
f 3806 	3846 	3807
f 3846 	3847 	3807
f 3807 	3847 	3808
f 3847 	3848 	3808
f 3808 	3848 	3809
f 3848 	3849 	3809
f 3809 	3849 	3810
f 3849 	3850 	3810
f 3810 	3850 	3811
f 3850 	3851 	3811
f 3811 	3851 	3812
f 3851 	3852 	3812
f 3812 	3852 	3813
f 3852 	3853 	3813
f 3813 	3853 	3814
f 3853 	3854 	3814
f 3814 	3854 	3815
f 3854 	3855 	3815
f 3815 	3855 	3816
f 3855 	3856 	3816
f 3816 	3856 	3817
f 3856 	3857 	3817
f 3817 	3857 	3818
f 3857 	3858 	3818
f 3818 	3858 	3819
f 3858 	3859 	3819
f 3819 	3859 	3820
f 3859 	3860 	3820
f 3820 	3860 	3821
f 3860 	3861 	3821
f 3821 	3861 	3822
f 3861 	3862 	3822
f 3822 	3862 	3823
f 3862 	3863 	3823
f 3823 	3863 	3824
f 3863 	3864 	3824
f 3824 	3864 	3825
f 3864 	3865 	3825
f 3825 	3865 	3826
f 3865 	3866 	3826
f 3826 	3866 	3827
f 3866 	3867 	3827
f 3827 	3867 	3828
f 3867 	3868 	3828
f 3828 	3868 	3829
f 3868 	3869 	3829
f 3829 	3869 	3830
f 3869 	3870 	3830
f 3830 	3870 	3831
f 3870 	3871 	3831
f 3831 	3871 	3832
f 3871 	3872 	3832
f 3832 	3872 	3833
f 3872 	3873 	3833
f 3833 	3873 	3834
f 3873 	3874 	3834
f 3834 	3874 	3835
f 3874 	3875 	3835
f 3835 	3875 	3836
f 3875 	3876 	3836
f 3836 	3876 	3837
f 3876 	3877 	3837
f 3837 	3877 	3838
f 3877 	3878 	3838
f 3838 	3878 	3839
f 3878 	3879 	3839
f 3839 	3879 	3840
f 3879 	3880 	3840
f 3840 	3880 	3841
f 3880 	3881 	3841
f 3841 	3881 	3842
f 3881 	3882 	3842
f 3842 	3882 	3803
f 3882 	3843 	3803
f 3843 	3883 	3844
f 3883 	3884 	3844
f 3844 	3884 	3845
f 3884 	3885 	3845
f 3845 	3885 	3846
f 3885 	3886 	3846
f 3846 	3886 	3847
f 3886 	3887 	3847
f 3847 	3887 	3848
f 3887 	3888 	3848
f 3848 	3888 	3849
f 3888 	3889 	3849
f 3849 	3889 	3850
f 3889 	3890 	3850
f 3850 	3890 	3851
f 3890 	3891 	3851
f 3851 	3891 	3852
f 3891 	3892 	3852
f 3852 	3892 	3853
f 3892 	3893 	3853
f 3853 	3893 	3854
f 3893 	3894 	3854
f 3854 	3894 	3855
f 3894 	3895 	3855
f 3855 	3895 	3856
f 3895 	3896 	3856
f 3856 	3896 	3857
f 3896 	3897 	3857
f 3857 	3897 	3858
f 3897 	3898 	3858
f 3858 	3898 	3859
f 3898 	3899 	3859
f 3859 	3899 	3860
f 3899 	3900 	3860
f 3860 	3900 	3861
f 3900 	3901 	3861
f 3861 	3901 	3862
f 3901 	3902 	3862
f 3862 	3902 	3863
f 3902 	3903 	3863
f 3863 	3903 	3864
f 3903 	3904 	3864
f 3864 	3904 	3865
f 3904 	3905 	3865
f 3865 	3905 	3866
f 3905 	3906 	3866
f 3866 	3906 	3867
f 3906 	3907 	3867
f 3867 	3907 	3868
f 3907 	3908 	3868
f 3868 	3908 	3869
f 3908 	3909 	3869
f 3869 	3909 	3870
f 3909 	3910 	3870
f 3870 	3910 	3871
f 3910 	3911 	3871
f 3871 	3911 	3872
f 3911 	3912 	3872
f 3872 	3912 	3873
f 3912 	3913 	3873
f 3873 	3913 	3874
f 3913 	3914 	3874
f 3874 	3914 	3875
f 3914 	3915 	3875
f 3875 	3915 	3876
f 3915 	3916 	3876
f 3876 	3916 	3877
f 3916 	3917 	3877
f 3877 	3917 	3878
f 3917 	3918 	3878
f 3878 	3918 	3879
f 3918 	3919 	3879
f 3879 	3919 	3880
f 3919 	3920 	3880
f 3880 	3920 	3881
f 3920 	3921 	3881
f 3881 	3921 	3882
f 3921 	3922 	3882
f 3882 	3922 	3843
f 3922 	3883 	3843
f 3883 	3923 	3884
f 3923 	3924 	3884
f 3884 	3924 	3885
f 3924 	3925 	3885
f 3885 	3925 	3886
f 3925 	3926 	3886
f 3886 	3926 	3887
f 3926 	3927 	3887
f 3887 	3927 	3888
f 3927 	3928 	3888
f 3888 	3928 	3889
f 3928 	3929 	3889
f 3889 	3929 	3890
f 3929 	3930 	3890
f 3890 	3930 	3891
f 3930 	3931 	3891
f 3891 	3931 	3892
f 3931 	3932 	3892
f 3892 	3932 	3893
f 3932 	3933 	3893
f 3893 	3933 	3894
f 3933 	3934 	3894
f 3894 	3934 	3895
f 3934 	3935 	3895
f 3895 	3935 	3896
f 3935 	3936 	3896
f 3896 	3936 	3897
f 3936 	3937 	3897
f 3897 	3937 	3898
f 3937 	3938 	3898
f 3898 	3938 	3899
f 3938 	3939 	3899
f 3899 	3939 	3900
f 3939 	3940 	3900
f 3900 	3940 	3901
f 3940 	3941 	3901
f 3901 	3941 	3902
f 3941 	3942 	3902
f 3902 	3942 	3903
f 3942 	3943 	3903
f 3903 	3943 	3904
f 3943 	3944 	3904
f 3904 	3944 	3905
f 3944 	3945 	3905
f 3905 	3945 	3906
f 3945 	3946 	3906
f 3906 	3946 	3907
f 3946 	3947 	3907
f 3907 	3947 	3908
f 3947 	3948 	3908
f 3908 	3948 	3909
f 3948 	3949 	3909
f 3909 	3949 	3910
f 3949 	3950 	3910
f 3910 	3950 	3911
f 3950 	3951 	3911
f 3911 	3951 	3912
f 3951 	3952 	3912
f 3912 	3952 	3913
f 3952 	3953 	3913
f 3913 	3953 	3914
f 3953 	3954 	3914
f 3914 	3954 	3915
f 3954 	3955 	3915
f 3915 	3955 	3916
f 3955 	3956 	3916
f 3916 	3956 	3917
f 3956 	3957 	3917
f 3917 	3957 	3918
f 3957 	3958 	3918
f 3918 	3958 	3919
f 3958 	3959 	3919
f 3919 	3959 	3920
f 3959 	3960 	3920
f 3920 	3960 	3921
f 3960 	3961 	3921
f 3921 	3961 	3922
f 3961 	3962 	3922
f 3922 	3962 	3883
f 3962 	3923 	3883
f 3923 	3963 	3924
f 3963 	3964 	3924
f 3924 	3964 	3925
f 3964 	3965 	3925
f 3925 	3965 	3926
f 3965 	3966 	3926
f 3926 	3966 	3927
f 3966 	3967 	3927
f 3927 	3967 	3928
f 3967 	3968 	3928
f 3928 	3968 	3929
f 3968 	3969 	3929
f 3929 	3969 	3930
f 3969 	3970 	3930
f 3930 	3970 	3931
f 3970 	3971 	3931
f 3931 	3971 	3932
f 3971 	3972 	3932
f 3932 	3972 	3933
f 3972 	3973 	3933
f 3933 	3973 	3934
f 3973 	3974 	3934
f 3934 	3974 	3935
f 3974 	3975 	3935
f 3935 	3975 	3936
f 3975 	3976 	3936
f 3936 	3976 	3937
f 3976 	3977 	3937
f 3937 	3977 	3938
f 3977 	3978 	3938
f 3938 	3978 	3939
f 3978 	3979 	3939
f 3939 	3979 	3940
f 3979 	3980 	3940
f 3940 	3980 	3941
f 3980 	3981 	3941
f 3941 	3981 	3942
f 3981 	3982 	3942
f 3942 	3982 	3943
f 3982 	3983 	3943
f 3943 	3983 	3944
f 3983 	3984 	3944
f 3944 	3984 	3945
f 3984 	3985 	3945
f 3945 	3985 	3946
f 3985 	3986 	3946
f 3946 	3986 	3947
f 3986 	3987 	3947
f 3947 	3987 	3948
f 3987 	3988 	3948
f 3948 	3988 	3949
f 3988 	3989 	3949
f 3949 	3989 	3950
f 3989 	3990 	3950
f 3950 	3990 	3951
f 3990 	3991 	3951
f 3951 	3991 	3952
f 3991 	3992 	3952
f 3952 	3992 	3953
f 3992 	3993 	3953
f 3953 	3993 	3954
f 3993 	3994 	3954
f 3954 	3994 	3955
f 3994 	3995 	3955
f 3955 	3995 	3956
f 3995 	3996 	3956
f 3956 	3996 	3957
f 3996 	3997 	3957
f 3957 	3997 	3958
f 3997 	3998 	3958
f 3958 	3998 	3959
f 3998 	3999 	3959
f 3959 	3999 	3960
f 3999 	4000 	3960
f 3960 	4000 	3961
f 4000 	4001 	3961
f 3961 	4001 	3962
f 4001 	4002 	3962
f 3962 	4002 	3923
f 4002 	3963 	3923
f 3963 	4003 	3964
f 4003 	4004 	3964
f 3964 	4004 	3965
f 4004 	4005 	3965
f 3965 	4005 	3966
f 4005 	4006 	3966
f 3966 	4006 	3967
f 4006 	4007 	3967
f 3967 	4007 	3968
f 4007 	4008 	3968
f 3968 	4008 	3969
f 4008 	4009 	3969
f 3969 	4009 	3970
f 4009 	4010 	3970
f 3970 	4010 	3971
f 4010 	4011 	3971
f 3971 	4011 	3972
f 4011 	4012 	3972
f 3972 	4012 	3973
f 4012 	4013 	3973
f 3973 	4013 	3974
f 4013 	4014 	3974
f 3974 	4014 	3975
f 4014 	4015 	3975
f 3975 	4015 	3976
f 4015 	4016 	3976
f 3976 	4016 	3977
f 4016 	4017 	3977
f 3977 	4017 	3978
f 4017 	4018 	3978
f 3978 	4018 	3979
f 4018 	4019 	3979
f 3979 	4019 	3980
f 4019 	4020 	3980
f 3980 	4020 	3981
f 4020 	4021 	3981
f 3981 	4021 	3982
f 4021 	4022 	3982
f 3982 	4022 	3983
f 4022 	4023 	3983
f 3983 	4023 	3984
f 4023 	4024 	3984
f 3984 	4024 	3985
f 4024 	4025 	3985
f 3985 	4025 	3986
f 4025 	4026 	3986
f 3986 	4026 	3987
f 4026 	4027 	3987
f 3987 	4027 	3988
f 4027 	4028 	3988
f 3988 	4028 	3989
f 4028 	4029 	3989
f 3989 	4029 	3990
f 4029 	4030 	3990
f 3990 	4030 	3991
f 4030 	4031 	3991
f 3991 	4031 	3992
f 4031 	4032 	3992
f 3992 	4032 	3993
f 4032 	4033 	3993
f 3993 	4033 	3994
f 4033 	4034 	3994
f 3994 	4034 	3995
f 4034 	4035 	3995
f 3995 	4035 	3996
f 4035 	4036 	3996
f 3996 	4036 	3997
f 4036 	4037 	3997
f 3997 	4037 	3998
f 4037 	4038 	3998
f 3998 	4038 	3999
f 4038 	4039 	3999
f 3999 	4039 	4000
f 4039 	4040 	4000
f 4000 	4040 	4001
f 4040 	4041 	4001
f 4001 	4041 	4002
f 4041 	4042 	4002
f 4002 	4042 	3963
f 4042 	4003 	3963
f 4003 	4043 	4004
f 4043 	4044 	4004
f 4004 	4044 	4005
f 4044 	4045 	4005
f 4005 	4045 	4006
f 4045 	4046 	4006
f 4006 	4046 	4007
f 4046 	4047 	4007
f 4007 	4047 	4008
f 4047 	4048 	4008
f 4008 	4048 	4009
f 4048 	4049 	4009
f 4009 	4049 	4010
f 4049 	4050 	4010
f 4010 	4050 	4011
f 4050 	4051 	4011
f 4011 	4051 	4012
f 4051 	4052 	4012
f 4012 	4052 	4013
f 4052 	4053 	4013
f 4013 	4053 	4014
f 4053 	4054 	4014
f 4014 	4054 	4015
f 4054 	4055 	4015
f 4015 	4055 	4016
f 4055 	4056 	4016
f 4016 	4056 	4017
f 4056 	4057 	4017
f 4017 	4057 	4018
f 4057 	4058 	4018
f 4018 	4058 	4019
f 4058 	4059 	4019
f 4019 	4059 	4020
f 4059 	4060 	4020
f 4020 	4060 	4021
f 4060 	4061 	4021
f 4021 	4061 	4022
f 4061 	4062 	4022
f 4022 	4062 	4023
f 4062 	4063 	4023
f 4023 	4063 	4024
f 4063 	4064 	4024
f 4024 	4064 	4025
f 4064 	4065 	4025
f 4025 	4065 	4026
f 4065 	4066 	4026
f 4026 	4066 	4027
f 4066 	4067 	4027
f 4027 	4067 	4028
f 4067 	4068 	4028
f 4028 	4068 	4029
f 4068 	4069 	4029
f 4029 	4069 	4030
f 4069 	4070 	4030
f 4030 	4070 	4031
f 4070 	4071 	4031
f 4031 	4071 	4032
f 4071 	4072 	4032
f 4032 	4072 	4033
f 4072 	4073 	4033
f 4033 	4073 	4034
f 4073 	4074 	4034
f 4034 	4074 	4035
f 4074 	4075 	4035
f 4035 	4075 	4036
f 4075 	4076 	4036
f 4036 	4076 	4037
f 4076 	4077 	4037
f 4037 	4077 	4038
f 4077 	4078 	4038
f 4038 	4078 	4039
f 4078 	4079 	4039
f 4039 	4079 	4040
f 4079 	4080 	4040
f 4040 	4080 	4041
f 4080 	4081 	4041
f 4041 	4081 	4042
f 4081 	4082 	4042
f 4042 	4082 	4003
f 4082 	4043 	4003
f 4043 	4083 	4044
f 4083 	4084 	4044
f 4044 	4084 	4045
f 4084 	4085 	4045
f 4045 	4085 	4046
f 4085 	4086 	4046
f 4046 	4086 	4047
f 4086 	4087 	4047
f 4047 	4087 	4048
f 4087 	4088 	4048
f 4048 	4088 	4049
f 4088 	4089 	4049
f 4049 	4089 	4050
f 4089 	4090 	4050
f 4050 	4090 	4051
f 4090 	4091 	4051
f 4051 	4091 	4052
f 4091 	4092 	4052
f 4052 	4092 	4053
f 4092 	4093 	4053
f 4053 	4093 	4054
f 4093 	4094 	4054
f 4054 	4094 	4055
f 4094 	4095 	4055
f 4055 	4095 	4056
f 4095 	4096 	4056
f 4056 	4096 	4057
f 4096 	4097 	4057
f 4057 	4097 	4058
f 4097 	4098 	4058
f 4058 	4098 	4059
f 4098 	4099 	4059
f 4059 	4099 	4060
f 4099 	4100 	4060
f 4060 	4100 	4061
f 4100 	4101 	4061
f 4061 	4101 	4062
f 4101 	4102 	4062
f 4062 	4102 	4063
f 4102 	4103 	4063
f 4063 	4103 	4064
f 4103 	4104 	4064
f 4064 	4104 	4065
f 4104 	4105 	4065
f 4065 	4105 	4066
f 4105 	4106 	4066
f 4066 	4106 	4067
f 4106 	4107 	4067
f 4067 	4107 	4068
f 4107 	4108 	4068
f 4068 	4108 	4069
f 4108 	4109 	4069
f 4069 	4109 	4070
f 4109 	4110 	4070
f 4070 	4110 	4071
f 4110 	4111 	4071
f 4071 	4111 	4072
f 4111 	4112 	4072
f 4072 	4112 	4073
f 4112 	4113 	4073
f 4073 	4113 	4074
f 4113 	4114 	4074
f 4074 	4114 	4075
f 4114 	4115 	4075
f 4075 	4115 	4076
f 4115 	4116 	4076
f 4076 	4116 	4077
f 4116 	4117 	4077
f 4077 	4117 	4078
f 4117 	4118 	4078
f 4078 	4118 	4079
f 4118 	4119 	4079
f 4079 	4119 	4080
f 4119 	4120 	4080
f 4080 	4120 	4081
f 4120 	4121 	4081
f 4081 	4121 	4082
f 4121 	4122 	4082
f 4082 	4122 	4043
f 4122 	4083 	4043
f 4083 	3163 	4084
f 3163 	3164 	4084
f 4084 	3164 	4085
f 3164 	3165 	4085
f 4085 	3165 	4086
f 3165 	3166 	4086
f 4086 	3166 	4087
f 3166 	3167 	4087
f 4087 	3167 	4088
f 3167 	3168 	4088
f 4088 	3168 	4089
f 3168 	3169 	4089
f 4089 	3169 	4090
f 3169 	3170 	4090
f 4090 	3170 	4091
f 3170 	3171 	4091
f 4091 	3171 	4092
f 3171 	3172 	4092
f 4092 	3172 	4093
f 3172 	3173 	4093
f 4093 	3173 	4094
f 3173 	3174 	4094
f 4094 	3174 	4095
f 3174 	3175 	4095
f 4095 	3175 	4096
f 3175 	3176 	4096
f 4096 	3176 	4097
f 3176 	3177 	4097
f 4097 	3177 	4098
f 3177 	3178 	4098
f 4098 	3178 	4099
f 3178 	3179 	4099
f 4099 	3179 	4100
f 3179 	3180 	4100
f 4100 	3180 	4101
f 3180 	3181 	4101
f 4101 	3181 	4102
f 3181 	3182 	4102
f 4102 	3182 	4103
f 3182 	3183 	4103
f 4103 	3183 	4104
f 3183 	3184 	4104
f 4104 	3184 	4105
f 3184 	3185 	4105
f 4105 	3185 	4106
f 3185 	3186 	4106
f 4106 	3186 	4107
f 3186 	3187 	4107
f 4107 	3187 	4108
f 3187 	3188 	4108
f 4108 	3188 	4109
f 3188 	3189 	4109
f 4109 	3189 	4110
f 3189 	3190 	4110
f 4110 	3190 	4111
f 3190 	3191 	4111
f 4111 	3191 	4112
f 3191 	3192 	4112
f 4112 	3192 	4113
f 3192 	3193 	4113
f 4113 	3193 	4114
f 3193 	3194 	4114
f 4114 	3194 	4115
f 3194 	3195 	4115
f 4115 	3195 	4116
f 3195 	3196 	4116
f 4116 	3196 	4117
f 3196 	3197 	4117
f 4117 	3197 	4118
f 3197 	3198 	4118
f 4118 	3198 	4119
f 3198 	3199 	4119
f 4119 	3199 	4120
f 3199 	3200 	4120
f 4120 	3200 	4121
f 3200 	3201 	4121
f 4121 	3201 	4122
f 3201 	3202 	4122
f 4122 	3202 	4083
f 3202 	3163 	4083
# 1920 faces

 #end of obj_12

o obj_13
v 100 		-11.7434 		13
v 100 		8.2566 		13
v 100 		-11.7434 		12
v 100 		8.2566 		12
v -101 		8.2566 		13
v -101 		-11.7434 		13
v -101 		8.2566 		12
v -101 		-11.7434 		12
# 8 vertices

g group_13_-1027618868

usemtl color_-1027618868
s 0

f 4123 	4125 	4124
f 4125 	4126 	4124
f 4127 	4129 	4128
f 4129 	4130 	4128
f 4127 	4128 	4124
f 4128 	4123 	4124
f 4130 	4129 	4125
f 4129 	4126 	4125
f 4128 	4130 	4123
f 4130 	4125 	4123
f 4124 	4126 	4127
f 4126 	4129 	4127
# 12 faces

 #end of obj_13

o obj_14
v 126.1668 		-98.8284 		15
v 126.1668 		102.1716 		15
v 126.1668 		-98.8284 		14
v 126.1668 		102.1716 		14
v 106.1668 		102.1716 		15
v 106.1668 		-98.8284 		15
v 106.1668 		102.1716 		14
v 106.1668 		-98.8284 		14
# 8 vertices

g group_14_14860437

usemtl color_14860437
s 0

f 4131 	4133 	4132
f 4133 	4134 	4132
f 4135 	4137 	4136
f 4137 	4138 	4136
f 4135 	4136 	4132
f 4136 	4131 	4132
f 4138 	4137 	4133
f 4137 	4134 	4133
f 4136 	4138 	4131
f 4138 	4133 	4131
f 4132 	4134 	4135
f 4134 	4137 	4135
# 12 faces

 #end of obj_14

o obj_15
v -105 		-100 		15
v -105 		101 		15
v -105 		-100 		14
v -105 		101 		14
v -125 		101 		15
v -125 		-100 		15
v -125 		101 		14
v -125 		-100 		14
# 8 vertices

g group_15_14860437

usemtl color_14860437
s 0

f 4139 	4141 	4140
f 4141 	4142 	4140
f 4143 	4145 	4144
f 4145 	4146 	4144
f 4143 	4144 	4140
f 4144 	4139 	4140
f 4146 	4145 	4141
f 4145 	4142 	4141
f 4144 	4146 	4139
f 4146 	4141 	4139
f 4140 	4142 	4143
f 4142 	4145 	4143
# 12 faces

 #end of obj_15

o obj_16
v 147.1916 		-71.6837 		41.9452
v 151.2213 		-67.2824 		32.6694
v 146.4572 		-73.8322 		52.1239
v 146.633 		-73.6918 		52.0446
v 147.5344 		-73.6247 		55.7531
v 149.8512 		-75.8417 		36.0079
v 151.1082 		-76.2008 		34.6399
v 152.1472 		-77.6776 		41.9452
v 149.2403 		-74.3921 		41.9452
v 155.1808 		-74.5254 		41.9452
v 150.1167 		-78.2011 		52.0439
v 150.626 		-78.943 		55.7531
v 148.9687 		-74.448 		43.9926
v 148.9243 		-74.6674 		44.1505
v 150.127 		-75.4303 		49.8986
v 150.1369 		-77.0298 		56.7177
v 149.9067 		-78.1202 		52.123
v 148.9805 		-77.3376 		61.5429
v 151.4884 		-71.9457 		49.8986
v 149.3403 		-76.9281 		61.735
v 148.692 		-76.5066 		58.5563
v 149.1513 		-77.523 		62.5621
v 150.7855 		-75.3063 		62.5621
v 148.3445 		-73.1572 		49.8986
v 147.4941 		-74.2578 		55.5287
v 148.4986 		-76.5109 		58.6242
v 147.9261 		-78.0161 		68.9264
v 147.7848 		-74.309 		56.7177
v 148.3209 		-75.5726 		62.5621
v 147.788 		-77.9826 		68.9762
v 147.6563 		-75.7514 		66.8648
v 147.5065 		-76.1932 		66.6999
v 147.0036 		-75.6289 		64.1398
v 147.7032 		-76.2845 		67.5743
v 146.852 		-75.6953 		64.1979
v 147.8418 		-77.2827 		71.8702
v 147.3357 		-77.2842 		75.0319
v 146.8956 		-77.0739 		73.0286
v 147.1449 		-77.5694 		74.9107
v 146.7755 		-77.0923 		73.0712
v 150.313 		-75.5769 		32.6694
v 158 		-78.943 		32.6694
v 142.8731 		-72.5412 		41.9452
v 144.4427 		-72.7405 		36.0081
v 144.4427 		-72.2109 		32.6694
v 142.7857 		-72.8024 		43.9929
v 142.9552 		-72.9507 		44.1511
v 143.7411 		-76.3417 		14
v 144.4427 		-76.2501 		14
v 145.1443 		-76.3417 		14
v 145.7984 		-76.611 		14
v 146.3597 		-77.0391 		14
v 146.7908 		-77.5965 		14
v 147.0619 		-78.2462 		14
v 147.1541 		-78.943 		14
v 147.0619 		-79.6397 		14
v 146.7908 		-80.2894 		14
v 146.3597 		-80.8468 		14
v 146.776 		-78.943 		20.3591
v 146.6229 		-78.363 		21.6439
v 146.3468 		-77.8512 		22.623
v 146.0383 		-77.3583 		21.6436
v 145.6093 		-76.9362 		20.3592
v 145.6093 		-76.9362 		20.3591
v 141.8234 		-78.2462 		14
v 142.0945 		-77.5965 		14
v 142.5257 		-77.0391 		14
v 143.0869 		-76.611 		14
v 145.0266 		-76.7778 		21.6445
v 144.4427 		-76.7594 		22.623
v 143.8587 		-76.7778 		21.6445
v 143.276 		-76.9362 		20.3591
v 137.664 		-67.2824 		32.6694
v 141.7312 		-78.943 		14
v 143.276 		-76.9362 		20.3592
v 142.5257 		-80.8468 		14
v 142.0945 		-80.2894 		14
v 141.8234 		-79.6397 		14
v 142.847 		-77.3583 		21.6436
v 142.5386 		-77.8512 		22.623
v 142.2625 		-78.363 		21.6439
v 142.1093 		-78.943 		20.3591
v 130.8853 		-78.943 		32.6694
v 138.5723 		-75.5769 		32.6694
v 144.4427 		-81.6358 		14
v 143.7411 		-81.5442 		14
v 143.0869 		-81.2749 		14
v 145.1443 		-81.5442 		14
v 142.2625 		-79.5229 		21.6439
v 142.5386 		-80.0347 		22.623
v 142.847 		-80.5276 		21.6436
v 143.276 		-80.9497 		20.3592
v 143.276 		-80.9497 		20.3591
v 137.664 		-90.6035 		32.6694
v 138.5723 		-82.309 		32.6694
v 145.7984 		-81.2749 		14
v 145.0266 		-81.1081 		21.6445
v 144.4427 		-81.1265 		22.623
v 145.6093 		-80.9497 		20.3591
v 143.8587 		-81.1081 		21.6445
v 151.2213 		-90.6035 		32.6694
v 144.4427 		-85.675 		32.6694
v 145.6093 		-80.9497 		20.3592
v 146.0383 		-80.5276 		21.6436
v 146.3468 		-80.0347 		22.623
v 146.6229 		-79.5229 		21.6439
v 150.1666 		-83.3049 		34.64
v 149.8512 		-82.0442 		36.008
v 149.3983 		-84.9369 		41.9452
v 147.9266 		-83.4518 		52.0439
v 147.5342 		-84.261 		55.7538
v 147.8922 		-83.2312 		52.1228
v 153.6637 		-85.9698 		41.9452
v 149.6433 		-85.6736 		56.7177
v 150.8098 		-80.7939 		41.9452
v 150.4118 		-80.6598 		44.1501
v 150.6253 		-80.5884 		43.9922
v 146.8457 		-84.7042 		67.5743
v 150.3478 		-82.0757 		49.8986
v 148.9583 		-82.884 		56.7177
v 148.1116 		-82.0431 		61.5438
v 145.0453 		-83.4871 		75.5524
v 148.6917 		-81.3791 		58.5555
v 148.6482 		-82.1478 		61.7358
v 148.0352 		-82.2825 		62.5621
v 148.5916 		-81.2156 		58.6232
v 146.8935 		-82.5939 		67.5743
v 154.0677 		-81.5045 		49.8986
v 150.7855 		-82.5796 		62.5621
v 151.4389 		-79.406 		49.8986
v 150.0539 		-79.2248 		55.5288
v 146.9927 		-81.4755 		68.9262
v 146.8146 		-82.0128 		71.263
v 146.4534 		-81.8369 		71.1218
v 146.3534 		-81.9925 		71.8702
v 148.2489 		-82.723 		71.8702
v 150.1546 		-79.5004 		56.7177
v 152.9126 		-77.8355 		56.7177
v 149.3213 		-80.5935 		62.5621
v 148.8323 		-80.1112 		66.8662
v 148.6128 		-79.4882 		64.1393
v 148.3724 		-80.2031 		66.7014
v 148.3911 		-80.4176 		67.5743
v 150.6675 		-79.7568 		67.5743
v 148.4794 		-79.3913 		64.1973
v 147.3357 		-80.6017 		75.0318
v 147.299 		-80.1178 		73.028
v 146.9913 		-80.5801 		74.9105
v 147.5898 		-81.0361 		71.8702
v 146.9635 		-80.736 		75.5524
v 145.4833 		-81.9983 		75.5524
v 148.7064 		-80.6966 		75.5524
v 148.8518 		-78.6607 		67.5743
v 148.3058 		-78.4379 		71.263
v 147.9717 		-78.6607 		71.1216
v 148.0574 		-78.8246 		71.8702
v 149.6419 		-77.5595 		71.8702
v 147.2668 		-77.6713 		75.5524
v 147.6272 		-79.5756 		75.5524
v 147.2229 		-80.0238 		73.0707
v 144.0781 		-78.5809 		87.1072
v 144.0939 		-78.4916 		86.4125
v 144.4427 		-78.943 		90
v 144.5762 		-78.448 		87.1059
v 145.417 		-77.682 		82.2196
v 144.6621 		-78.4168 		86.4098
v 144.941 		-78.8103 		87.1061
v 146.0294 		-79.1504 		82.2196
v 146.1948 		-78.9458 		80.1866
v 145.0111 		-78.8687 		86.4101
v 144.8075 		-79.3053 		87.106
v 145.3163 		-80.4511 		80.1872
v 145.055 		-80.411 		82.2212
v 144.7918 		-79.3949 		86.409
v 144.3091 		-79.4379 		87.1059
v 144.2232 		-79.4691 		86.4098
v 143.9443 		-79.0756 		87.1061
v 143.8742 		-79.0172 		86.4101
v 150.313 		-82.309 		32.6694
v 141.6938 		-86.2022 		41.9452
v 143.5009 		-86.0471 		34.64
v 144.4427 		-85.1454 		36.0081
v 142.9256 		-90.3874 		41.9452
v 141.1733 		-86.781 		56.7177
v 141.351 		-84.2612 		55.7531
v 142.2524 		-84.1941 		52.0446
v 146.0122 		-85.3447 		41.9452
v 145.9301 		-84.9352 		44.1511
v 146.0996 		-85.0835 		43.9929
v 142.4281 		-84.0537 		52.1239
v 140.6202 		-83.8903 		67.5743
v 144.6636 		-85.588 		49.8986
v 143.2636 		-84.7967 		56.7177
v 143.5735 		-83.6481 		61.5435
v 140.7815 		-81.7327 		75.5524
v 142.1098 		-80.7936 		73.0712
v 141.9898 		-80.812 		73.0286
v 141.6185 		-80.2146 		75.5524
v 142.8559 		-78.7355 		82.2196
v 140.5408 		-84.7287 		49.8986
v 141.3912 		-83.6281 		55.5287
v 147.5373 		-85.192 		49.8986
v 147.0026 		-83.9101 		55.5295
v 136.7381 		-80.2083 		41.9452
v 137.7771 		-81.6851 		34.6399
v 133.7046 		-83.3605 		41.9452
v 139.0341 		-82.0442 		36.0079
v 138.2593 		-78.943 		55.7531
v 138.7686 		-79.6848 		52.0439
v 135.9727 		-80.0504 		56.7177
v 139.645 		-83.4938 		41.9452
v 138.9786 		-79.7657 		52.123
v 139.9611 		-83.2185 		44.1505
v 139.9166 		-83.4379 		43.9926
v 138.2178 		-78.1291 		67.5743
v 138.7584 		-82.4556 		49.8986
v 138.7484 		-80.8561 		56.7177
v 139.545 		-80.9578 		61.735
v 140.1933 		-81.3793 		58.5563
v 139.9048 		-80.5483 		61.5429
v 139.7341 		-80.3629 		62.5621
v 138.0999 		-82.5796 		62.5621
v 140.3867 		-81.375 		58.6242
v 140.0335 		-79.2252 		67.5743
v 140.5795 		-79.448 		71.263
v 140.9592 		-79.8698 		68.9264
v 140.9136 		-79.2252 		71.1216
v 140.828 		-79.0613 		71.8702
v 139.2434 		-80.3264 		71.8702
v 140.5644 		-82.3133 		62.5621
v 139.487 		-72.949 		41.9452
v 138.7187 		-74.581 		34.64
v 135.2216 		-71.9161 		41.9452
v 139.0341 		-75.8417 		36.008
v 139.2421 		-72.2123 		56.7177
v 141.3511 		-73.6249 		55.7538
v 140.9588 		-74.4341 		52.0439
v 138.0756 		-77.092 		41.9452
v 138.4735 		-77.2261 		44.1501
v 138.5375 		-75.8102 		49.8986
v 138.26 		-77.2975 		43.9922
v 134.8176 		-76.3814 		49.8986
v 139.927 		-75.0019 		56.7177
v 140.9932 		-74.6547 		52.1228
v 140.2372 		-75.7381 		61.7358
v 140.1937 		-76.5068 		58.5555
v 140.7738 		-75.8428 		61.5438
v 140.8501 		-75.6034 		62.5621
v 138.0999 		-75.3063 		62.5621
v 137.4465 		-78.4799 		49.8986
v 138.8314 		-78.6611 		55.5288
v 138.7308 		-78.3855 		56.7177
v 139.564 		-77.2924 		62.5621
v 140.2938 		-76.6703 		58.6232
v 140.053 		-77.7747 		66.8662
v 140.2726 		-78.3977 		64.1393
v 140.5129 		-77.6828 		66.7014
v 140.4943 		-77.4683 		67.5743
v 140.4059 		-78.4946 		64.1973
v 141.6624 		-77.8621 		73.0707
v 141.5863 		-77.7681 		73.028
v 142.0396 		-73.1824 		67.5743
v 143.84 		-74.3988 		75.5524
v 141.9325 		-76.546 		68.9763
v 141.8926 		-76.4104 		68.9262
v 141.2956 		-76.8498 		71.8702
v 140.6364 		-75.1629 		71.8702
v 141.9919 		-75.292 		67.5743
v 142.0707 		-75.8731 		71.263
v 142.432 		-76.049 		71.1218
v 142.532 		-75.8934 		71.8702
v 143.4021 		-75.8879 		75.5524
v 141.5498 		-77.2843 		75.0324
v 141.8941 		-77.3059 		74.9113
v 141.9219 		-77.1503 		75.5524
v 143.8304 		-77.4751 		82.2214
v 143.5694 		-77.4353 		80.1896
v 141.348 		-72.6939 		49.8986
v 141.8827 		-73.9758 		55.5295
v 142.0725 		-73.7516 		56.7177
v 141.8634 		-69.3842 		49.8986
v 143.9952 		-76.0111 		73.0703
v 144.039 		-75.899 		73.0277
v 144.7458 		-75.8782 		75.5524
v 145.3844 		-71.8388 		34.64
v 144.2217 		-72.2979 		49.8986
v 145.9597 		-67.4985 		41.9452
v 147.712 		-71.1049 		56.7177
v 148.2652 		-73.9963 		67.5743
v 145.6217 		-73.0892 		56.7177
v 145.3118 		-74.2378 		61.5435
v 148.1038 		-76.1532 		75.5524
v 144.3499 		-74.2386 		58.6241
v 144.4427 		-74.0703 		58.5562
v 145.1346 		-73.7234 		61.7357
v 145.5588 		-74.1837 		62.5621
v 146.4012 		-75.0097 		67.5743
v 144.4427 		-71.6697 		62.5621
v 145.9338 		-75.368 		71.2631
v 145.9611 		-75.7667 		71.1216
v 145.3759 		-75.4839 		68.9257
v 147.0219 		-88.5017 		49.8986
v 144.4427 		-83.8156 		58.5562
v 143.7508 		-84.1625 		61.7357
v 143.3266 		-83.7022 		62.5621
v 144.4427 		-86.2162 		62.5621
v 144.5355 		-83.6473 		58.6241
v 142.4842 		-82.8767 		67.5743
v 142.9515 		-82.5179 		71.2631
v 143.5095 		-82.402 		68.9257
v 142.9243 		-82.1196 		71.1217
v 142.7385 		-82.1114 		71.8702
v 143.0496 		-84.1064 		71.8702
v 146.8128 		-84.1343 		56.7177
v 145.4427 		-83.9637 		62.5621
v 143.6074 		-82.3003 		68.9754
v 146.0524 		-82.8024 		64.1391
v 145.6191 		-83.3026 		66.8653
v 145.3087 		-82.9528 		66.7004
v 145.1308 		-83.0762 		67.5743
v 146.0703 		-82.6391 		64.1972
v 144.191 		-82.6965 		71.8702
v 144.4427 		-82.2604 		75.0318
v 144.8463 		-81.9869 		73.0277
v 144.2894 		-81.9537 		74.9105
v 144.1396 		-82.0077 		75.5524
v 142.2986 		-81.3654 		75.5524
v 144.8902 		-81.8747 		73.0704
v 143.4688 		-80.2034 		82.222
v 143.5644 		-80.448 		80.19
v 137.3969 		-85.9402 		49.8986
v 141.1006 		-83.5769 		56.7177
v 141.2291 		-82.1344 		66.865
v 141.8821 		-82.257 		64.1388
v 141.3789 		-81.6927 		66.7001
v 141.1822 		-81.6014 		67.5743
v 142.0332 		-82.1908 		64.1968
v 146.9528 		-81.3399 		68.9763
v 141.0435 		-80.6032 		71.8702
v 141.0973 		-79.9033 		68.9762
v 141.2581 		-78.3103 		75.5524
v 140.1789 		-77.1893 		75.5524
v 142.6905 		-78.9401 		80.1866
v 142.815 		-75.2468 		64.1973
v 142.8328 		-75.0839 		64.1393
v 143.2663 		-74.5833 		66.8656
v 143.5767 		-74.9331 		66.7004
v 143.7546 		-74.8096 		67.5743
v 144.4427 		-75.6255 		75.0318
v 144.5959 		-75.9322 		74.9105
v 146.1469 		-75.7749 		71.8702
v 145.8357 		-73.7795 		71.8702
v 143.4426 		-73.9222 		62.5621
v 145.278 		-75.5856 		68.9754
v 144.6944 		-75.1894 		71.8702
v 146.5868 		-76.5205 		75.5524
v 145.3213 		-77.4373 		80.1857
v 141.5496 		-80.6017 		75.0319
v 141.7405 		-80.3165 		74.9107
# 359 vertices

g group_16_1206582

usemtl color_1206582
s 0

f 4149 	4150 	4147
f 4147 	4151 	4148
f 4151 	4147 	4150
f 4156 	4153 	4152
f 4156 	4154 	4153
f 4166 	4162 	4156
f 4157 	4284 	4158
f 4161 	4156 	4160
f 4156 	4152 	4155
f 4155 	4160 	4156
f 4159 	4161 	4160
f 4154 	4156 	4163
f 4162 	4163 	4156
f 4156 	4161 	4166
f 4284 	4157 	4162
f 4163 	4162 	4157
f 4162 	4164 	4284
f 4172 	4167 	4161
f 4162 	4166 	4164
f 4168 	4284 	4164
f 4168 	4164 	4166
f 4165 	4161 	4159
f 4170 	4165 	4159
f 4166 	4161 	4167
f 4172 	4161 	4165
f 4165 	4175 	4172
f 4167 	4169 	4166
f 4169 	4168 	4166
f 4171 	4165 	4170
f 4174 	4165 	4171
f 4169 	4167 	4175
f 4172 	4175 	4167
f 4173 	4300 	4168
f 4176 	4173 	4168
f 4176 	4168 	4169
f 4171 	4151 	4174
f 4174 	4151 	4434
f 4181 	4179 	4174
f 4165 	4177 	4175
f 4179 	4177 	4174
f 4180 	4169 	4178
f 4176 	4182 	4173
f 4175 	4177 	4178
f 4165 	4174 	4177
f 4175 	4178 	4169
f 4180 	4178 	4177
f 4180 	4177 	4435
f 4177 	4179 	4435
f 4169 	4182 	4176
f 4184 	4183 	4180
f 4169 	4180 	4183
f 4183 	4185 	4182
f 4183 	4182 	4169
f 4184 	4438 	4183
f 4185 	4183 	4304
f 4180 	4186 	4184
f 4153 	4187 	4152
f 4188 	4187 	4153
f 4154 	4188 	4153
f 4157 	4158 	4154
f 4188 	4154 	4158
f 4154 	4163 	4157
f 4187 	4148 	4152
f 4152 	4148 	4155
f 4160 	4155 	4159
f 4148 	4170 	4159
f 4159 	4155 	4148
f 4170 	4148 	4151
f 4171 	4170 	4151
f 4191 	4219 	4190
f 4193 	4189 	4192
f 4219 	4192 	4189
f 4207 	4208 	4187
f 4148 	4187 	4208
f 4208 	4209 	4148
f 4210 	4148 	4209
f 4216 	4217 	4191
f 4219 	4191 	4217
f 4217 	4218 	4219
f 4218 	4221 	4219
f 4191 	4148 	4215
f 4216 	4191 	4215
f 4215 	4148 	4210
f 4205 	4206 	4188
f 4207 	4187 	4206
f 4187 	4188 	4206
f 4230 	4226 	4227
f 4229 	4230 	4227
f 4227 	4228 	4229
f 4236 	4237 	4241
f 4240 	4241 	4237
f 4237 	4238 	4240
f 4238 	4239 	4240
f 4240 	4246 	4248
f 4229 	4235 	4241
f 4235 	4229 	4228
f 4236 	4241 	4235
f 4230 	4219 	4225
f 4230 	4225 	4226
f 4221 	4225 	4219
f 4244 	4243 	4248
f 4247 	4248 	4243
f 4245 	4247 	4243
f 4245 	4249 	4247
f 4249 	4250 	4247
f 4251 	4325 	4250
f 4244 	4248 	4246
f 4239 	4246 	4240
f 4261 	4259 	4254
f 4256 	4260 	4257
f 4253 	4259 	4255
f 4253 	4254 	4259
f 4262 	4259 	4261
f 4265 	4259 	4262
f 4255 	4259 	4258
f 4258 	4266 	4256
f 4263 	4265 	4262
f 4260 	4256 	4266
f 4467 	4460 	4260
f 4259 	4266 	4258
f 4272 	4269 	4265
f 4259 	4270 	4266
f 4266 	4267 	4260
f 4271 	4260 	4267
f 4264 	4463 	4273
f 4274 	4263 	4276
f 4259 	4265 	4270
f 4269 	4270 	4265
f 4267 	4266 	4270
f 4270 	4269 	4275
f 4271 	4270 	4275
f 4267 	4270 	4271
f 4269 	4272 	4285
f 4285 	4275 	4269
f 4484 	4278 	4271
f 4273 	4467 	4260
f 4260 	4279 	4273
f 4281 	4264 	4280
f 4263 	4274 	4265
f 4285 	4272 	4274
f 4272 	4265 	4274
f 4276 	4277 	4274
f 4275 	4484 	4271
f 4278 	4279 	4271
f 4260 	4271 	4279
f 4280 	4273 	4279
f 4273 	4280 	4264
f 4278 	4282 	4279
f 4281 	4279 	4282
f 4280 	4279 	4281
f 4277 	4283 	4274
f 4283 	4277 	4158
f 4283 	4158 	4284
f 4291 	4287 	4283
f 4287 	4286 	4283
f 4274 	4283 	4286
f 4286 	4288 	4285
f 4286 	4285 	4274
f 4289 	4275 	4288
f 4285 	4288 	4275
f 4287 	4290 	4286
f 4289 	4288 	4286
f 4289 	4286 	4290
f 4293 	4292 	4289
f 4275 	4289 	4292
f 4292 	4294 	4295
f 4292 	4295 	4275
f 4282 	4295 	4294
f 4282 	4294 	4296
f 4474 	4264 	4297
f 4293 	4298 	4292
f 4296 	4292 	4298
f 4294 	4292 	4296
f 4299 	4291 	4284
f 4291 	4283 	4284
f 4284 	4168 	4300
f 4300 	4301 	4299
f 4300 	4299 	4284
f 4302 	4290 	4301
f 4290 	4299 	4301
f 4173 	4303 	4300
f 4302 	4300 	4303
f 4302 	4301 	4300
f 4173 	4182 	4303
f 4304 	4303 	4185
f 4182 	4185 	4303
f 4293 	4306 	4305
f 4293 	4305 	4298
f 4268 	4470 	4297
f 4309 	4438 	4312
f 4311 	4312 	4438
f 4430 	4409 	4310
f 4312 	4310 	4309
f 4308 	4307 	4309
f 4313 	4303 	4304
f 4316 	4315 	4303
f 4313 	4316 	4303
f 4302 	4315 	4290
f 4314 	4290 	4315
f 4314 	4305 	4290
f 4315 	4302 	4303
f 4309 	4298 	4316
f 4314 	4316 	4298
f 4315 	4316 	4314
f 4305 	4314 	4298
f 4317 	4282 	4296
f 4281 	4318 	4264
f 4319 	4264 	4318
f 4319 	4297 	4264
f 4318 	4282 	4320
f 4281 	4282 	4318
f 4317 	4320 	4282
f 4318 	4320 	4319
f 4268 	4319 	4320
f 4268 	4320 	4309
f 4297 	4319 	4268
f 4309 	4321 	4268
f 4298 	4309 	4317
f 4317 	4296 	4298
f 4320 	4317 	4309
f 4304 	4438 	4313
f 4309 	4313 	4438
f 4309 	4316 	4313
f 4309 	4341 	4322
f 4309 	4324 	4323
f 4309 	4323 	4341
f 4322 	4321 	4309
f 4472 	4268 	4321
f 4254 	4253 	4325
f 4325 	4253 	4247
f 4255 	4247 	4253
f 4256 	4257 	4255
f 4258 	4256 	4255
f 4247 	4255 	4257
f 4326 	4327 	4329
f 4327 	4328 	4329
f 4333 	4329 	4328
f 4326 	4329 	4336
f 4332 	4330 	4331
f 4333 	4334 	4329
f 4332 	4339 	4330
f 4336 	4339 	4332
f 4338 	4329 	4334
f 4448 	4338 	4335
f 4453 	4449 	4338
f 4336 	4329 	4339
f 4339 	4340 	4330
f 4451 	4330 	4340
f 4489 	4324 	4345
f 4345 	4324 	4488
f 4331 	4346 	4240
f 4346 	4360 	4240
f 4331 	4347 	4346
f 4328 	4248 	4247
f 4334 	4333 	4335
f 4333 	4247 	4335
f 4333 	4328 	4247
f 4335 	4247 	4348
f 4257 	4349 	4348
f 4257 	4348 	4247
f 4276 	4263 	4188
f 4188 	4158 	4276
f 4277 	4276 	4158
f 4188 	4263 	4261
f 4262 	4261 	4263
f 4261 	4254 	4188
f 4188 	4254 	4325
f 4350 	4351 	4352
f 4351 	4353 	4352
f 4355 	4356 	4354
f 4352 	4353 	4357
f 4357 	4359 	4352
f 4358 	4350 	4352
f 4358 	4363 	4355
f 4359 	4362 	4352
f 4356 	4355 	4363
f 4359 	4360 	4362
f 4363 	4358 	4352
f 4369 	4365 	4362
f 4365 	4364 	4362
f 4352 	4362 	4364
f 4364 	4366 	4363
f 4364 	4363 	4352
f 4367 	4356 	4366
f 4363 	4366 	4356
f 4365 	4368 	4364
f 4367 	4366 	4364
f 4367 	4364 	4368
f 4369 	4376 	4365
f 4356 	4370 	4405
f 4361 	4402 	4370
f 4486 	4372 	4367
f 4372 	4371 	4367
f 4356 	4367 	4371
f 4356 	4371 	4370
f 4373 	4370 	4371
f 4374 	4361 	4373
f 4370 	4373 	4361
f 4372 	4375 	4371
f 4374 	4371 	4375
f 4374 	4373 	4371
f 4368 	4365 	4376
f 4482 	4368 	4481
f 4376 	4481 	4368
f 4355 	4354 	4350
f 4358 	4355 	4350
f 4229 	4350 	4354
f 4377 	4378 	4379
f 4380 	4379 	4378
f 4384 	4379 	4380
f 4383 	4381 	4382
f 4385 	4386 	4379
f 4385 	4379 	4384
f 4386 	4385 	4387
f 4386 	4387 	4388
f 4389 	4390 	4379
f 4377 	4379 	4390
f 4381 	4383 	4389
f 4390 	4389 	4383
f 4400 	4392 	4386
f 4392 	4391 	4386
f 4379 	4386 	4391
f 4379 	4391 	4389
f 4393 	4389 	4391
f 4394 	4381 	4393
f 4389 	4393 	4381
f 4392 	4395 	4391
f 4394 	4393 	4391
f 4394 	4391 	4395
f 4388 	4387 	4396
f 4398 	4388 	4397
f 4397 	4388 	4396
f 4398 	4397 	4354
f 4398 	4354 	4356
f 4405 	4402 	4398
f 4400 	4386 	4388
f 4399 	4400 	4388
f 4395 	4392 	4399
f 4400 	4399 	4392
f 4402 	4401 	4398
f 4388 	4398 	4401
f 4388 	4401 	4399
f 4403 	4399 	4401
f 4404 	4395 	4403
f 4399 	4403 	4395
f 4401 	4402 	4361
f 4404 	4401 	4361
f 4404 	4403 	4401
f 4398 	4356 	4405
f 4405 	4370 	4402
f 4410 	4411 	4394
f 4412 	4410 	4395
f 4404 	4406 	4407
f 4407 	4419 	4404
f 4406 	4404 	4361
f 4406 	4487 	4407
f 4415 	4414 	4381
f 4408 	4491 	4414
f 4417 	4408 	4416
f 4411 	4415 	4394
f 4381 	4394 	4415
f 4394 	4395 	4410
f 4410 	4412 	4411
f 4412 	4413 	4411
f 4415 	4416 	4414
f 4414 	4416 	4408
f 4411 	4413 	4415
f 4417 	4415 	4413
f 4417 	4416 	4415
f 4428 	4408 	4418
f 4423 	4408 	4417
f 4395 	4404 	4419
f 4395 	4419 	4412
f 4420 	4412 	4419
f 4420 	4413 	4412
f 4421 	4413 	4420
f 4407 	4488 	4419
f 4421 	4420 	4419
f 4409 	4429 	4418
f 4408 	4422 	4418
f 4408 	4423 	4422
f 4417 	4413 	4423
f 4418 	4422 	4409
f 4310 	4498 	4430
f 4309 	4310 	4409
f 4378 	4377 	4219
f 4230 	4378 	4219
f 4380 	4378 	4230
f 4383 	4382 	4377
f 4219 	4377 	4382
f 4390 	4383 	4377
f 4424 	4425 	4427
f 4426 	4427 	4425
f 4426 	4425 	4382
f 4426 	4382 	4381
f 4490 	4491 	4426
f 4414 	4490 	4381
f 4426 	4381 	4490
f 4428 	4418 	4429
f 4497 	4503 	4435
f 4503 	4498 	4312
f 4312 	4311 	4503
f 4189 	4190 	4219
f 4424 	4192 	4219
f 4219 	4382 	4424
f 4425 	4424 	4382
f 4230 	4229 	4380
f 4384 	4380 	4229
f 4385 	4384 	4387
f 4396 	4387 	4229
f 4384 	4229 	4387
f 4229 	4354 	4396
f 4354 	4397 	4396
f 4241 	4240 	4353
f 4357 	4353 	4240
f 4360 	4357 	4240
f 4359 	4357 	4360
f 4189 	4433 	4190
f 4192 	4424 	4427
f 4431 	4190 	4433
f 4189 	4193 	4433
f 4432 	4433 	4193
f 4149 	4436 	4150
f 4150 	4434 	4151
f 4147 	4431 	4433
f 4147 	4433 	4149
f 4441 	4436 	4433
f 4149 	4433 	4436
f 4433 	4432 	4441
f 4434 	4150 	4436
f 4437 	4434 	4436
f 4434 	4437 	4442
f 4181 	4443 	4179
f 4304 	4183 	4438
f 4193 	4192 	4432
f 4432 	4439 	4440
f 4499 	4439 	4427
f 4440 	4439 	4499
f 4441 	4432 	4440
f 4437 	4436 	4441
f 4444 	4441 	4440
f 4437 	4441 	4442
f 4443 	4181 	4434
f 4181 	4174 	4434
f 4435 	4179 	4443
f 4434 	4445 	4443
f 4443 	4446 	4435
f 4446 	4497 	4435
f 4502 	4186 	4435
f 4186 	4502 	4184
f 4438 	4184 	4502
f 4427 	4432 	4192
f 4432 	4427 	4439
f 4444 	4440 	4499
f 4442 	4441 	4444
f 4500 	4447 	4442
f 4494 	4444 	4493
f 4446 	4443 	4445
f 4447 	4445 	4442
f 4434 	4442 	4445
f 4334 	4335 	4338
f 4478 	4330 	4483
f 4448 	4335 	4348
f 4329 	4338 	4450
f 4449 	4450 	4338
f 4329 	4450 	4339
f 4340 	4339 	4450
f 4450 	4449 	4452
f 4451 	4450 	4452
f 4340 	4450 	4451
f 4448 	4348 	4349
f 4453 	4338 	4448
f 4452 	4449 	4461
f 4453 	4461 	4449
f 4462 	4456 	4451
f 4456 	4455 	4451
f 4330 	4451 	4455
f 4455 	4457 	4454
f 4455 	4454 	4330
f 4458 	4337 	4457
f 4454 	4457 	4337
f 4456 	4459 	4455
f 4458 	4457 	4455
f 4458 	4455 	4459
f 4349 	4460 	4448
f 4260 	4460 	4257
f 4349 	4257 	4460
f 4448 	4461 	4453
f 4467 	4463 	4460
f 4448 	4464 	4461
f 4462 	4451 	4452
f 4462 	4468 	4456
f 4463 	4464 	4460
f 4448 	4460 	4464
f 4465 	4461 	4464
f 4461 	4465 	4452
f 4466 	4452 	4465
f 4463 	4264 	4464
f 4466 	4465 	4464
f 4466 	4464 	4264
f 4467 	4273 	4463
f 4468 	4462 	4452
f 4459 	4456 	4468
f 4474 	4470 	4466
f 4470 	4469 	4466
f 4452 	4466 	4469
f 4452 	4469 	4468
f 4471 	4468 	4469
f 4466 	4264 	4474
f 4459 	4468 	4471
f 4459 	4471 	4472
f 4469 	4470 	4268
f 4472 	4469 	4268
f 4472 	4471 	4469
f 4474 	4297 	4470
f 4341 	4343 	4473
f 4342 	4473 	4343
f 4321 	4459 	4472
f 4321 	4322 	4459
f 4458 	4476 	4337
f 4475 	4337 	4476
f 4475 	4473 	4337
f 4476 	4459 	4322
f 4458 	4459 	4476
f 4476 	4322 	4475
f 4473 	4475 	4341
f 4322 	4341 	4475
f 4344 	4323 	4375
f 4324 	4489 	4375
f 4323 	4324 	4375
f 4309 	4488 	4324
f 4323 	4344 	4341
f 4326 	4240 	4327
f 4248 	4327 	4240
f 4327 	4248 	4328
f 4332 	4331 	4326
f 4336 	4332 	4326
f 4240 	4326 	4331
f 4362 	4360 	4477
f 4477 	4360 	4346
f 4478 	4477 	4347
f 4346 	4347 	4477
f 4369 	4362 	4477
f 4347 	4331 	4478
f 4330 	4478 	4331
f 4483 	4480 	4478
f 4477 	4376 	4369
f 4480 	4479 	4478
f 4477 	4478 	4479
f 4477 	4479 	4376
f 4481 	4376 	4479
f 4479 	4480 	4337
f 4482 	4481 	4479
f 4482 	4479 	4337
f 4454 	4483 	4330
f 4325 	4252 	4188
f 4251 	4252 	4325
f 4205 	4188 	4252
f 4247 	4250 	4325
f 4291 	4299 	4287
f 4290 	4287 	4299
f 4289 	4290 	4306
f 4305 	4306 	4290
f 4306 	4293 	4289
f 4295 	4484 	4275
f 4278 	4484 	4295
f 4278 	4295 	4282
f 4485 	4486 	4368
f 4367 	4368 	4486
f 4375 	4372 	4485
f 4486 	4485 	4372
f 4485 	4505 	4375
f 4487 	4406 	4361
f 4407 	4487 	4488
f 4421 	4419 	4488
f 4307 	4308 	4413
f 4423 	4413 	4308
f 4413 	4421 	4307
f 4422 	4308 	4409
f 4423 	4308 	4422
f 4309 	4409 	4308
f 4309 	4307 	4488
f 4421 	4488 	4307
f 4374 	4489 	4361
f 4361 	4489 	4345
f 4345 	4487 	4361
f 4489 	4374 	4375
f 4487 	4345 	4488
f 4241 	4351 	4229
f 4229 	4351 	4350
f 4353 	4351 	4241
f 4491 	4492 	4426
f 4427 	4426 	4492
f 4490 	4414 	4491
f 4493 	4499 	4492
f 4499 	4493 	4444
f 4492 	4491 	4408
f 4494 	4492 	4408
f 4494 	4493 	4492
f 4428 	4429 	4494
f 4494 	4408 	4428
f 4496 	4501 	4495
f 4444 	4495 	4501
f 4429 	4495 	4494
f 4444 	4494 	4495
f 4430 	4498 	4496
f 4430 	4496 	4495
f 4430 	4495 	4409
f 4495 	4429 	4409
f 4500 	4442 	4444
f 4497 	4446 	4445
f 4497 	4445 	4498
f 4447 	4498 	4445
f 4427 	4492 	4499
f 4501 	4500 	4444
f 4447 	4500 	4501
f 4447 	4501 	4498
f 4501 	4496 	4498
f 4180 	4435 	4186
f 4311 	4435 	4503
f 4502 	4435 	4311
f 4310 	4312 	4498
f 4498 	4503 	4497
f 4502 	4311 	4438
f 4431 	4147 	4148
f 4191 	4431 	4148
f 4190 	4431 	4191
f 4480 	4483 	4454
f 4480 	4454 	4337
f 4342 	4343 	4482
f 4473 	4342 	4337
f 4343 	4504 	4482
f 4368 	4482 	4504
f 4504 	4505 	4485
f 4368 	4504 	4485
f 4482 	4337 	4342
f 4344 	4375 	4505
f 4343 	4341 	4504
f 4341 	4344 	4504
f 4344 	4505 	4504
# 640 faces

g group_16_11107152

usemtl color_11107152
s 0

f 4196 	4197 	4195
f 4197 	4198 	4195
f 4194 	4195 	4198
f 4194 	4198 	4199
f 4194 	4199 	4200
f 4194 	4200 	4201
f 4194 	4201 	4202
f 4194 	4202 	4203
f 4194 	4203 	4204
f 4194 	4204 	4214
f 4201 	4205 	4202
f 4200 	4206 	4205
f 4200 	4205 	4201
f 4199 	4207 	4206
f 4199 	4206 	4200
f 4207 	4199 	4208
f 4198 	4208 	4199
f 4198 	4197 	4209
f 4198 	4209 	4208
f 4197 	4196 	4210
f 4197 	4210 	4209
f 4195 	4194 	4217
f 4213 	4220 	4212
f 4214 	4222 	4213
f 4196 	4215 	4210
f 4216 	4215 	4195
f 4196 	4195 	4215
f 4195 	4217 	4216
f 4221 	4218 	4214
f 4214 	4218 	4194
f 4217 	4194 	4218
f 4211 	4212 	4220
f 4221 	4214 	4213
f 4226 	4225 	4212
f 4226 	4212 	4227
f 4211 	4227 	4212
f 4220 	4228 	4211
f 4224 	4213 	4223
f 4220 	4213 	4224
f 4223 	4213 	4222
f 4204 	4242 	4214
f 4213 	4225 	4221
f 4213 	4212 	4225
f 4227 	4211 	4228
f 4224 	4228 	4220
f 4236 	4235 	4223
f 4222 	4237 	4223
f 4233 	4214 	4232
f 4222 	4214 	4233
f 4232 	4214 	4231
f 4242 	4234 	4214
f 4224 	4235 	4228
f 4224 	4223 	4235
f 4236 	4223 	4237
f 4238 	4222 	4233
f 4222 	4238 	4237
f 4246 	4239 	4232
f 4233 	4239 	4238
f 4231 	4214 	4234
f 4234 	4243 	4231
f 4249 	4245 	4242
f 4234 	4242 	4245
f 4242 	4204 	4249
f 4250 	4249 	4204
f 4233 	4232 	4239
f 4244 	4246 	4231
f 4232 	4231 	4246
f 4231 	4243 	4244
f 4243 	4234 	4245
f 4250 	4204 	4203
f 4250 	4203 	4251
f 4251 	4203 	4252
f 4202 	4252 	4203
f 4202 	4205 	4252
# 74 faces

 #end of obj_16

o obj_17
v 168.1916 		-55.4012 		41.9452
v 172.2213 		-51 		32.6694
v 167.4572 		-57.5497 		52.1239
v 167.633 		-57.4094 		52.0446
v 168.5344 		-57.3423 		55.7531
v 170.8512 		-59.5593 		36.0079
v 172.1082 		-59.9183 		34.6399
v 173.1472 		-61.3952 		41.9452
v 170.2403 		-58.1097 		41.9452
v 176.1808 		-58.243 		41.9452
v 171.1167 		-61.9186 		52.0439
v 171.626 		-62.6605 		55.7531
v 169.9687 		-58.1656 		43.9926
v 169.9243 		-58.3849 		44.1505
v 171.127 		-59.1479 		49.8986
v 171.1369 		-60.7474 		56.7177
v 170.9067 		-61.8378 		52.123
v 169.9805 		-61.0551 		61.5429
v 172.4884 		-55.6633 		49.8986
v 170.3403 		-60.6457 		61.735
v 169.692 		-60.2241 		58.5563
v 170.1513 		-61.2406 		62.5621
v 171.7855 		-59.0239 		62.5621
v 169.3445 		-56.8747 		49.8986
v 168.4941 		-57.9753 		55.5287
v 169.4986 		-60.2285 		58.6242
v 168.9261 		-61.7336 		68.9264
v 168.7848 		-58.0265 		56.7177
v 169.3209 		-59.2901 		62.5621
v 168.788 		-61.7002 		68.9762
v 168.6563 		-59.469 		66.8648
v 168.5065 		-59.9107 		66.6999
v 168.0036 		-59.3464 		64.1398
v 168.7032 		-60.0021 		67.5743
v 167.852 		-59.4128 		64.1979
v 168.8418 		-61.0002 		71.8702
v 168.3357 		-61.0018 		75.0319
v 167.8956 		-60.7914 		73.0286
v 168.1449 		-61.2869 		74.9107
v 167.7755 		-60.8099 		73.0712
v 171.313 		-59.2945 		32.6694
v 179 		-62.6605 		32.6694
v 163.8731 		-56.2587 		41.9452
v 165.4427 		-56.4581 		36.0081
v 165.4427 		-55.9285 		32.6694
v 163.7857 		-56.52 		43.9929
v 163.9552 		-56.6683 		44.1511
v 164.7411 		-60.0593 		14
v 165.4427 		-59.9677 		14
v 166.1443 		-60.0593 		14
v 166.7984 		-60.3285 		14
v 167.3597 		-60.7567 		14
v 167.7908 		-61.3141 		14
v 168.0619 		-61.9637 		14
v 168.1541 		-62.6605 		14
v 168.0619 		-63.3573 		14
v 167.7908 		-64.0069 		14
v 167.3597 		-64.5643 		14
v 167.776 		-62.6605 		20.3591
v 167.6229 		-62.0805 		21.6439
v 167.3468 		-61.5687 		22.623
v 167.0383 		-61.0758 		21.6436
v 166.6093 		-60.6537 		20.3592
v 166.6093 		-60.6537 		20.3591
v 162.8234 		-61.9637 		14
v 163.0945 		-61.3141 		14
v 163.5257 		-60.7567 		14
v 164.0869 		-60.3285 		14
v 166.0266 		-60.4953 		21.6445
v 165.4427 		-60.4769 		22.623
v 164.8587 		-60.4953 		21.6445
v 164.276 		-60.6537 		20.3591
v 158.664 		-51 		32.6694
v 162.7312 		-62.6605 		14
v 164.276 		-60.6537 		20.3592
v 163.5257 		-64.5643 		14
v 163.0945 		-64.0069 		14
v 162.8234 		-63.3573 		14
v 163.847 		-61.0758 		21.6436
v 163.5386 		-61.5687 		22.623
v 163.2625 		-62.0805 		21.6439
v 163.1093 		-62.6605 		20.3591
v 151.8853 		-62.6605 		32.6694
v 159.5723 		-59.2945 		32.6694
v 165.4427 		-65.3533 		14
v 164.7411 		-65.2617 		14
v 164.0869 		-64.9925 		14
v 166.1443 		-65.2617 		14
v 163.2625 		-63.2405 		21.6439
v 163.5386 		-63.7523 		22.623
v 163.847 		-64.2452 		21.6436
v 164.276 		-64.6673 		20.3592
v 164.276 		-64.6673 		20.3591
v 158.664 		-74.321 		32.6694
v 159.5723 		-66.0265 		32.6694
v 166.7984 		-64.9925 		14
v 166.0266 		-64.8257 		21.6445
v 165.4427 		-64.8441 		22.623
v 166.6093 		-64.6673 		20.3591
v 164.8587 		-64.8257 		21.6445
v 172.2213 		-74.321 		32.6694
v 165.4427 		-69.3925 		32.6694
v 166.6093 		-64.6673 		20.3592
v 167.0383 		-64.2452 		21.6436
v 167.3468 		-63.7523 		22.623
v 167.6229 		-63.2405 		21.6439
v 171.1666 		-67.0224 		34.64
v 170.8512 		-65.7617 		36.008
v 170.3983 		-68.6544 		41.9452
v 168.9266 		-67.1694 		52.0439
v 168.5342 		-67.9786 		55.7538
v 168.8922 		-66.9487 		52.1228
v 174.6637 		-69.6874 		41.9452
v 170.6433 		-69.3912 		56.7177
v 171.8098 		-64.5115 		41.9452
v 171.4118 		-64.3773 		44.1501
v 171.6253 		-64.3059 		43.9922
v 167.8457 		-68.4217 		67.5743
v 171.3478 		-65.7933 		49.8986
v 169.9583 		-66.6016 		56.7177
v 169.1116 		-65.7606 		61.5438
v 166.0453 		-67.2046 		75.5524
v 169.6917 		-65.0967 		58.5555
v 169.6482 		-65.8653 		61.7358
v 169.0352 		-66 		62.5621
v 169.5916 		-64.9331 		58.6232
v 167.8935 		-66.3115 		67.5743
v 175.0677 		-65.222 		49.8986
v 171.7855 		-66.2971 		62.5621
v 172.4389 		-63.1235 		49.8986
v 171.0539 		-62.9424 		55.5288
v 167.9927 		-65.193 		68.9262
v 167.8146 		-65.7303 		71.263
v 167.4534 		-65.5545 		71.1218
v 167.3534 		-65.71 		71.8702
v 169.2489 		-66.4405 		71.8702
v 171.1546 		-63.2179 		56.7177
v 173.9126 		-61.5531 		56.7177
v 170.3213 		-64.311 		62.5621
v 169.8323 		-63.8287 		66.8662
v 169.6128 		-63.2057 		64.1393
v 169.3724 		-63.9207 		66.7014
v 169.3911 		-64.1351 		67.5743
v 171.6675 		-63.4744 		67.5743
v 169.4794 		-63.1088 		64.1973
v 168.3357 		-64.3192 		75.0318
v 168.299 		-63.8353 		73.028
v 167.9913 		-64.2977 		74.9105
v 168.5898 		-64.7537 		71.8702
v 167.9635 		-64.4536 		75.5524
v 166.4833 		-65.7159 		75.5524
v 169.7064 		-64.4142 		75.5524
v 169.8518 		-62.3783 		67.5743
v 169.3058 		-62.1554 		71.263
v 168.9717 		-62.3783 		71.1216
v 169.0574 		-62.5421 		71.8702
v 170.6419 		-61.2771 		71.8702
v 168.2668 		-61.3888 		75.5524
v 168.6272 		-63.2931 		75.5524
v 168.2229 		-63.7413 		73.0707
v 165.0781 		-62.2984 		87.1072
v 165.0939 		-62.2092 		86.4125
v 165.4427 		-62.6605 		90
v 165.5762 		-62.1655 		87.1059
v 166.417 		-61.3996 		82.2196
v 165.6621 		-62.1344 		86.4098
v 165.941 		-62.5279 		87.1061
v 167.0294 		-62.868 		82.2196
v 167.1948 		-62.6633 		80.1866
v 166.0111 		-62.5862 		86.4101
v 165.8075 		-63.0228 		87.106
v 166.3163 		-64.1687 		80.1872
v 166.055 		-64.1286 		82.2212
v 165.7918 		-63.1124 		86.409
v 165.3091 		-63.1555 		87.1059
v 165.2232 		-63.1866 		86.4098
v 164.9443 		-62.7931 		87.1061
v 164.8742 		-62.7348 		86.4101
v 171.313 		-66.0265 		32.6694
v 162.6938 		-69.9198 		41.9452
v 164.5009 		-69.7646 		34.64
v 165.4427 		-68.8629 		36.0081
v 163.9256 		-74.1049 		41.9452
v 162.1733 		-70.4986 		56.7177
v 162.351 		-67.9787 		55.7531
v 163.2524 		-67.9116 		52.0446
v 167.0122 		-69.0623 		41.9452
v 166.9301 		-68.6527 		44.1511
v 167.0996 		-68.801 		43.9929
v 163.4281 		-67.7713 		52.1239
v 161.6202 		-67.6078 		67.5743
v 165.6636 		-69.3055 		49.8986
v 164.2636 		-68.5142 		56.7177
v 164.5735 		-67.3657 		61.5435
v 161.7815 		-65.4502 		75.5524
v 163.1098 		-64.5111 		73.0712
v 162.9898 		-64.5296 		73.0286
v 162.6185 		-63.9322 		75.5524
v 163.8559 		-62.453 		82.2196
v 161.5408 		-68.4463 		49.8986
v 162.3912 		-67.3457 		55.5287
v 168.5373 		-68.9095 		49.8986
v 168.0026 		-67.6276 		55.5295
v 157.7381 		-63.9258 		41.9452
v 158.7771 		-65.4027 		34.6399
v 154.7046 		-67.078 		41.9452
v 160.0341 		-65.7617 		36.0079
v 159.2593 		-62.6605 		55.7531
v 159.7686 		-63.4024 		52.0439
v 156.9727 		-63.7679 		56.7177
v 160.645 		-67.2113 		41.9452
v 159.9786 		-63.4832 		52.123
v 160.9611 		-66.9361 		44.1505
v 160.9166 		-67.1554 		43.9926
v 159.2178 		-61.8466 		67.5743
v 159.7584 		-66.1731 		49.8986
v 159.7484 		-64.5736 		56.7177
v 160.545 		-64.6753 		61.735
v 161.1933 		-65.0969 		58.5563
v 160.9048 		-64.2659 		61.5429
v 160.7341 		-64.0804 		62.5621
v 159.0999 		-66.2971 		62.5621
v 161.3867 		-65.0925 		58.6242
v 161.0335 		-62.9427 		67.5743
v 161.5795 		-63.1656 		71.263
v 161.9592 		-63.5874 		68.9264
v 161.9136 		-62.9427 		71.1216
v 161.828 		-62.7789 		71.8702
v 160.2434 		-64.0439 		71.8702
v 161.5644 		-66.0309 		62.5621
v 160.487 		-56.6666 		41.9452
v 159.7187 		-58.2986 		34.64
v 156.2216 		-55.6336 		41.9452
v 160.0341 		-59.5593 		36.008
v 160.2421 		-55.9298 		56.7177
v 162.3511 		-57.3424 		55.7538
v 161.9588 		-58.1516 		52.0439
v 159.0756 		-60.8095 		41.9452
v 159.4735 		-60.9437 		44.1501
v 159.5375 		-59.5277 		49.8986
v 159.26 		-61.0151 		43.9922
v 155.8176 		-60.099 		49.8986
v 160.927 		-58.7194 		56.7177
v 161.9932 		-58.3723 		52.1228
v 161.2372 		-59.4557 		61.7358
v 161.1937 		-60.2243 		58.5555
v 161.7738 		-59.5604 		61.5438
v 161.8501 		-59.321 		62.5621
v 159.0999 		-59.0239 		62.5621
v 158.4465 		-62.1975 		49.8986
v 159.8314 		-62.3786 		55.5288
v 159.7308 		-62.1031 		56.7177
v 160.564 		-61.01 		62.5621
v 161.2938 		-60.3878 		58.6232
v 161.053 		-61.4923 		66.8662
v 161.2726 		-62.1153 		64.1393
v 161.5129 		-61.4003 		66.7014
v 161.4943 		-61.1859 		67.5743
v 161.4059 		-62.2122 		64.1973
v 162.6624 		-61.5797 		73.0707
v 162.5863 		-61.4857 		73.028
v 163.0396 		-56.8999 		67.5743
v 164.84 		-58.1164 		75.5524
v 162.9325 		-60.2636 		68.9763
v 162.8926 		-60.128 		68.9262
v 162.2956 		-60.5673 		71.8702
v 161.6364 		-58.8805 		71.8702
v 162.9919 		-59.0095 		67.5743
v 163.0707 		-59.5907 		71.263
v 163.432 		-59.7665 		71.1218
v 163.532 		-59.611 		71.8702
v 164.4021 		-59.6054 		75.5524
v 162.5498 		-61.0019 		75.0324
v 162.8941 		-61.0235 		74.9113
v 162.9219 		-60.8678 		75.5524
v 164.8304 		-61.1927 		82.2214
v 164.5694 		-61.1528 		80.1896
v 162.348 		-56.4115 		49.8986
v 162.8827 		-57.6934 		55.5295
v 163.0725 		-57.4691 		56.7177
v 162.8634 		-53.1017 		49.8986
v 164.9952 		-59.7287 		73.0703
v 165.039 		-59.6165 		73.0277
v 165.7458 		-59.5957 		75.5524
v 166.3844 		-55.5564 		34.64
v 165.2217 		-56.0155 		49.8986
v 166.9597 		-51.2161 		41.9452
v 168.712 		-54.8224 		56.7177
v 169.2652 		-57.7138 		67.5743
v 166.6217 		-56.8068 		56.7177
v 166.3118 		-57.9553 		61.5435
v 169.1038 		-59.8708 		75.5524
v 165.3499 		-57.9562 		58.6241
v 165.4427 		-57.7878 		58.5562
v 166.1346 		-57.4409 		61.7357
v 166.5588 		-57.9012 		62.5621
v 167.4012 		-58.7273 		67.5743
v 165.4427 		-55.3872 		62.5621
v 166.9338 		-59.0856 		71.2631
v 166.9611 		-59.4842 		71.1216
v 166.3759 		-59.2014 		68.9257
v 168.0219 		-72.2193 		49.8986
v 165.4427 		-67.5332 		58.5562
v 164.7508 		-67.8801 		61.7357
v 164.3266 		-67.4198 		62.5621
v 165.4427 		-69.9338 		62.5621
v 165.5355 		-67.3648 		58.6241
v 163.4842 		-66.5942 		67.5743
v 163.9515 		-66.2354 		71.2631
v 164.5095 		-66.1196 		68.9257
v 163.9243 		-65.8372 		71.1217
v 163.7385 		-65.8289 		71.8702
v 164.0496 		-67.8239 		71.8702
v 167.8128 		-67.8519 		56.7177
v 166.4427 		-67.6813 		62.5621
v 164.6074 		-66.0178 		68.9754
v 167.0524 		-66.5199 		64.1391
v 166.6191 		-67.0202 		66.8653
v 166.3087 		-66.6704 		66.7004
v 166.1308 		-66.7938 		67.5743
v 167.0703 		-66.3566 		64.1972
v 165.191 		-66.414 		71.8702
v 165.4427 		-65.978 		75.0318
v 165.8463 		-65.7045 		73.0277
v 165.2894 		-65.6713 		74.9105
v 165.1396 		-65.7253 		75.5524
v 163.2986 		-65.0829 		75.5524
v 165.8902 		-65.5923 		73.0704
v 164.4688 		-63.921 		82.222
v 164.5644 		-64.1655 		80.19
v 158.3969 		-69.6577 		49.8986
v 162.1006 		-67.2945 		56.7177
v 162.2291 		-65.852 		66.865
v 162.8821 		-65.9746 		64.1388
v 162.3789 		-65.4102 		66.7001
v 162.1822 		-65.3189 		67.5743
v 163.0332 		-65.9084 		64.1968
v 167.9528 		-65.0574 		68.9763
v 162.0435 		-64.3208 		71.8702
v 162.0973 		-63.6208 		68.9762
v 162.2581 		-62.0279 		75.5524
v 161.1789 		-60.9068 		75.5524
v 163.6905 		-62.6577 		80.1866
v 163.815 		-58.9644 		64.1973
v 163.8328 		-58.8014 		64.1393
v 164.2663 		-58.3009 		66.8656
v 164.5767 		-58.6506 		66.7004
v 164.7546 		-58.5271 		67.5743
v 165.4427 		-59.343 		75.0318
v 165.5959 		-59.6497 		74.9105
v 167.1469 		-59.4925 		71.8702
v 166.8357 		-57.4971 		71.8702
v 164.4426 		-57.6397 		62.5621
v 166.278 		-59.3032 		68.9754
v 165.6944 		-58.907 		71.8702
v 167.5868 		-60.238 		75.5524
v 166.3213 		-61.1548 		80.1857
v 162.5496 		-64.3192 		75.0319
v 162.7405 		-64.0341 		74.9107
# 359 vertices

g group_17_1206582

usemtl color_1206582
s 0

f 4508 	4509 	4506
f 4506 	4510 	4507
f 4510 	4506 	4509
f 4515 	4512 	4511
f 4515 	4513 	4512
f 4525 	4521 	4515
f 4516 	4643 	4517
f 4520 	4515 	4519
f 4515 	4511 	4514
f 4514 	4519 	4515
f 4518 	4520 	4519
f 4513 	4515 	4522
f 4521 	4522 	4515
f 4515 	4520 	4525
f 4643 	4516 	4521
f 4522 	4521 	4516
f 4521 	4523 	4643
f 4531 	4526 	4520
f 4521 	4525 	4523
f 4527 	4643 	4523
f 4527 	4523 	4525
f 4524 	4520 	4518
f 4529 	4524 	4518
f 4525 	4520 	4526
f 4531 	4520 	4524
f 4524 	4534 	4531
f 4526 	4528 	4525
f 4528 	4527 	4525
f 4530 	4524 	4529
f 4533 	4524 	4530
f 4528 	4526 	4534
f 4531 	4534 	4526
f 4532 	4659 	4527
f 4535 	4532 	4527
f 4535 	4527 	4528
f 4530 	4510 	4533
f 4533 	4510 	4793
f 4540 	4538 	4533
f 4524 	4536 	4534
f 4538 	4536 	4533
f 4539 	4528 	4537
f 4535 	4541 	4532
f 4534 	4536 	4537
f 4524 	4533 	4536
f 4534 	4537 	4528
f 4539 	4537 	4536
f 4539 	4536 	4794
f 4536 	4538 	4794
f 4528 	4541 	4535
f 4543 	4542 	4539
f 4528 	4539 	4542
f 4542 	4544 	4541
f 4542 	4541 	4528
f 4543 	4797 	4542
f 4544 	4542 	4663
f 4539 	4545 	4543
f 4512 	4546 	4511
f 4547 	4546 	4512
f 4513 	4547 	4512
f 4516 	4517 	4513
f 4547 	4513 	4517
f 4513 	4522 	4516
f 4546 	4507 	4511
f 4511 	4507 	4514
f 4519 	4514 	4518
f 4507 	4529 	4518
f 4518 	4514 	4507
f 4529 	4507 	4510
f 4530 	4529 	4510
f 4550 	4578 	4549
f 4552 	4548 	4551
f 4578 	4551 	4548
f 4566 	4567 	4546
f 4507 	4546 	4567
f 4567 	4568 	4507
f 4569 	4507 	4568
f 4575 	4576 	4550
f 4578 	4550 	4576
f 4576 	4577 	4578
f 4577 	4580 	4578
f 4550 	4507 	4574
f 4575 	4550 	4574
f 4574 	4507 	4569
f 4564 	4565 	4547
f 4566 	4546 	4565
f 4546 	4547 	4565
f 4589 	4585 	4586
f 4588 	4589 	4586
f 4586 	4587 	4588
f 4595 	4596 	4600
f 4599 	4600 	4596
f 4596 	4597 	4599
f 4597 	4598 	4599
f 4599 	4605 	4607
f 4588 	4594 	4600
f 4594 	4588 	4587
f 4595 	4600 	4594
f 4589 	4578 	4584
f 4589 	4584 	4585
f 4580 	4584 	4578
f 4603 	4602 	4607
f 4606 	4607 	4602
f 4604 	4606 	4602
f 4604 	4608 	4606
f 4608 	4609 	4606
f 4610 	4684 	4609
f 4603 	4607 	4605
f 4598 	4605 	4599
f 4620 	4618 	4613
f 4615 	4619 	4616
f 4612 	4618 	4614
f 4612 	4613 	4618
f 4621 	4618 	4620
f 4624 	4618 	4621
f 4614 	4618 	4617
f 4617 	4625 	4615
f 4622 	4624 	4621
f 4619 	4615 	4625
f 4826 	4819 	4619
f 4618 	4625 	4617
f 4631 	4628 	4624
f 4618 	4629 	4625
f 4625 	4626 	4619
f 4630 	4619 	4626
f 4623 	4822 	4632
f 4633 	4622 	4635
f 4618 	4624 	4629
f 4628 	4629 	4624
f 4626 	4625 	4629
f 4629 	4628 	4634
f 4630 	4629 	4634
f 4626 	4629 	4630
f 4628 	4631 	4644
f 4644 	4634 	4628
f 4843 	4637 	4630
f 4632 	4826 	4619
f 4619 	4638 	4632
f 4640 	4623 	4639
f 4622 	4633 	4624
f 4644 	4631 	4633
f 4631 	4624 	4633
f 4635 	4636 	4633
f 4634 	4843 	4630
f 4637 	4638 	4630
f 4619 	4630 	4638
f 4639 	4632 	4638
f 4632 	4639 	4623
f 4637 	4641 	4638
f 4640 	4638 	4641
f 4639 	4638 	4640
f 4636 	4642 	4633
f 4642 	4636 	4517
f 4642 	4517 	4643
f 4650 	4646 	4642
f 4646 	4645 	4642
f 4633 	4642 	4645
f 4645 	4647 	4644
f 4645 	4644 	4633
f 4648 	4634 	4647
f 4644 	4647 	4634
f 4646 	4649 	4645
f 4648 	4647 	4645
f 4648 	4645 	4649
f 4652 	4651 	4648
f 4634 	4648 	4651
f 4651 	4653 	4654
f 4651 	4654 	4634
f 4641 	4654 	4653
f 4641 	4653 	4655
f 4833 	4623 	4656
f 4652 	4657 	4651
f 4655 	4651 	4657
f 4653 	4651 	4655
f 4658 	4650 	4643
f 4650 	4642 	4643
f 4643 	4527 	4659
f 4659 	4660 	4658
f 4659 	4658 	4643
f 4661 	4649 	4660
f 4649 	4658 	4660
f 4532 	4662 	4659
f 4661 	4659 	4662
f 4661 	4660 	4659
f 4532 	4541 	4662
f 4663 	4662 	4544
f 4541 	4544 	4662
f 4652 	4665 	4664
f 4652 	4664 	4657
f 4627 	4829 	4656
f 4668 	4797 	4671
f 4670 	4671 	4797
f 4789 	4768 	4669
f 4671 	4669 	4668
f 4667 	4666 	4668
f 4672 	4662 	4663
f 4675 	4674 	4662
f 4672 	4675 	4662
f 4661 	4674 	4649
f 4673 	4649 	4674
f 4673 	4664 	4649
f 4674 	4661 	4662
f 4668 	4657 	4675
f 4673 	4675 	4657
f 4674 	4675 	4673
f 4664 	4673 	4657
f 4676 	4641 	4655
f 4640 	4677 	4623
f 4678 	4623 	4677
f 4678 	4656 	4623
f 4677 	4641 	4679
f 4640 	4641 	4677
f 4676 	4679 	4641
f 4677 	4679 	4678
f 4627 	4678 	4679
f 4627 	4679 	4668
f 4656 	4678 	4627
f 4668 	4680 	4627
f 4657 	4668 	4676
f 4676 	4655 	4657
f 4679 	4676 	4668
f 4663 	4797 	4672
f 4668 	4672 	4797
f 4668 	4675 	4672
f 4668 	4700 	4681
f 4668 	4683 	4682
f 4668 	4682 	4700
f 4681 	4680 	4668
f 4831 	4627 	4680
f 4613 	4612 	4684
f 4684 	4612 	4606
f 4614 	4606 	4612
f 4615 	4616 	4614
f 4617 	4615 	4614
f 4606 	4614 	4616
f 4685 	4686 	4688
f 4686 	4687 	4688
f 4692 	4688 	4687
f 4685 	4688 	4695
f 4691 	4689 	4690
f 4692 	4693 	4688
f 4691 	4698 	4689
f 4695 	4698 	4691
f 4697 	4688 	4693
f 4807 	4697 	4694
f 4812 	4808 	4697
f 4695 	4688 	4698
f 4698 	4699 	4689
f 4810 	4689 	4699
f 4848 	4683 	4704
f 4704 	4683 	4847
f 4690 	4705 	4599
f 4705 	4719 	4599
f 4690 	4706 	4705
f 4687 	4607 	4606
f 4693 	4692 	4694
f 4692 	4606 	4694
f 4692 	4687 	4606
f 4694 	4606 	4707
f 4616 	4708 	4707
f 4616 	4707 	4606
f 4635 	4622 	4547
f 4547 	4517 	4635
f 4636 	4635 	4517
f 4547 	4622 	4620
f 4621 	4620 	4622
f 4620 	4613 	4547
f 4547 	4613 	4684
f 4709 	4710 	4711
f 4710 	4712 	4711
f 4714 	4715 	4713
f 4711 	4712 	4716
f 4716 	4718 	4711
f 4717 	4709 	4711
f 4717 	4722 	4714
f 4718 	4721 	4711
f 4715 	4714 	4722
f 4718 	4719 	4721
f 4722 	4717 	4711
f 4728 	4724 	4721
f 4724 	4723 	4721
f 4711 	4721 	4723
f 4723 	4725 	4722
f 4723 	4722 	4711
f 4726 	4715 	4725
f 4722 	4725 	4715
f 4724 	4727 	4723
f 4726 	4725 	4723
f 4726 	4723 	4727
f 4728 	4735 	4724
f 4715 	4729 	4764
f 4720 	4761 	4729
f 4845 	4731 	4726
f 4731 	4730 	4726
f 4715 	4726 	4730
f 4715 	4730 	4729
f 4732 	4729 	4730
f 4733 	4720 	4732
f 4729 	4732 	4720
f 4731 	4734 	4730
f 4733 	4730 	4734
f 4733 	4732 	4730
f 4727 	4724 	4735
f 4841 	4727 	4840
f 4735 	4840 	4727
f 4714 	4713 	4709
f 4717 	4714 	4709
f 4588 	4709 	4713
f 4736 	4737 	4738
f 4739 	4738 	4737
f 4743 	4738 	4739
f 4742 	4740 	4741
f 4744 	4745 	4738
f 4744 	4738 	4743
f 4745 	4744 	4746
f 4745 	4746 	4747
f 4748 	4749 	4738
f 4736 	4738 	4749
f 4740 	4742 	4748
f 4749 	4748 	4742
f 4759 	4751 	4745
f 4751 	4750 	4745
f 4738 	4745 	4750
f 4738 	4750 	4748
f 4752 	4748 	4750
f 4753 	4740 	4752
f 4748 	4752 	4740
f 4751 	4754 	4750
f 4753 	4752 	4750
f 4753 	4750 	4754
f 4747 	4746 	4755
f 4757 	4747 	4756
f 4756 	4747 	4755
f 4757 	4756 	4713
f 4757 	4713 	4715
f 4764 	4761 	4757
f 4759 	4745 	4747
f 4758 	4759 	4747
f 4754 	4751 	4758
f 4759 	4758 	4751
f 4761 	4760 	4757
f 4747 	4757 	4760
f 4747 	4760 	4758
f 4762 	4758 	4760
f 4763 	4754 	4762
f 4758 	4762 	4754
f 4760 	4761 	4720
f 4763 	4760 	4720
f 4763 	4762 	4760
f 4757 	4715 	4764
f 4764 	4729 	4761
f 4769 	4770 	4753
f 4771 	4769 	4754
f 4763 	4765 	4766
f 4766 	4778 	4763
f 4765 	4763 	4720
f 4765 	4846 	4766
f 4774 	4773 	4740
f 4767 	4850 	4773
f 4776 	4767 	4775
f 4770 	4774 	4753
f 4740 	4753 	4774
f 4753 	4754 	4769
f 4769 	4771 	4770
f 4771 	4772 	4770
f 4774 	4775 	4773
f 4773 	4775 	4767
f 4770 	4772 	4774
f 4776 	4774 	4772
f 4776 	4775 	4774
f 4787 	4767 	4777
f 4782 	4767 	4776
f 4754 	4763 	4778
f 4754 	4778 	4771
f 4779 	4771 	4778
f 4779 	4772 	4771
f 4780 	4772 	4779
f 4766 	4847 	4778
f 4780 	4779 	4778
f 4768 	4788 	4777
f 4767 	4781 	4777
f 4767 	4782 	4781
f 4776 	4772 	4782
f 4777 	4781 	4768
f 4669 	4857 	4789
f 4668 	4669 	4768
f 4737 	4736 	4578
f 4589 	4737 	4578
f 4739 	4737 	4589
f 4742 	4741 	4736
f 4578 	4736 	4741
f 4749 	4742 	4736
f 4783 	4784 	4786
f 4785 	4786 	4784
f 4785 	4784 	4741
f 4785 	4741 	4740
f 4849 	4850 	4785
f 4773 	4849 	4740
f 4785 	4740 	4849
f 4787 	4777 	4788
f 4856 	4862 	4794
f 4862 	4857 	4671
f 4671 	4670 	4862
f 4548 	4549 	4578
f 4783 	4551 	4578
f 4578 	4741 	4783
f 4784 	4783 	4741
f 4589 	4588 	4739
f 4743 	4739 	4588
f 4744 	4743 	4746
f 4755 	4746 	4588
f 4743 	4588 	4746
f 4588 	4713 	4755
f 4713 	4756 	4755
f 4600 	4599 	4712
f 4716 	4712 	4599
f 4719 	4716 	4599
f 4718 	4716 	4719
f 4548 	4792 	4549
f 4551 	4783 	4786
f 4790 	4549 	4792
f 4548 	4552 	4792
f 4791 	4792 	4552
f 4508 	4795 	4509
f 4509 	4793 	4510
f 4506 	4790 	4792
f 4506 	4792 	4508
f 4800 	4795 	4792
f 4508 	4792 	4795
f 4792 	4791 	4800
f 4793 	4509 	4795
f 4796 	4793 	4795
f 4793 	4796 	4801
f 4540 	4802 	4538
f 4663 	4542 	4797
f 4552 	4551 	4791
f 4791 	4798 	4799
f 4858 	4798 	4786
f 4799 	4798 	4858
f 4800 	4791 	4799
f 4796 	4795 	4800
f 4803 	4800 	4799
f 4796 	4800 	4801
f 4802 	4540 	4793
f 4540 	4533 	4793
f 4794 	4538 	4802
f 4793 	4804 	4802
f 4802 	4805 	4794
f 4805 	4856 	4794
f 4861 	4545 	4794
f 4545 	4861 	4543
f 4797 	4543 	4861
f 4786 	4791 	4551
f 4791 	4786 	4798
f 4803 	4799 	4858
f 4801 	4800 	4803
f 4859 	4806 	4801
f 4853 	4803 	4852
f 4805 	4802 	4804
f 4806 	4804 	4801
f 4793 	4801 	4804
f 4693 	4694 	4697
f 4837 	4689 	4842
f 4807 	4694 	4707
f 4688 	4697 	4809
f 4808 	4809 	4697
f 4688 	4809 	4698
f 4699 	4698 	4809
f 4809 	4808 	4811
f 4810 	4809 	4811
f 4699 	4809 	4810
f 4807 	4707 	4708
f 4812 	4697 	4807
f 4811 	4808 	4820
f 4812 	4820 	4808
f 4821 	4815 	4810
f 4815 	4814 	4810
f 4689 	4810 	4814
f 4814 	4816 	4813
f 4814 	4813 	4689
f 4817 	4696 	4816
f 4813 	4816 	4696
f 4815 	4818 	4814
f 4817 	4816 	4814
f 4817 	4814 	4818
f 4708 	4819 	4807
f 4619 	4819 	4616
f 4708 	4616 	4819
f 4807 	4820 	4812
f 4826 	4822 	4819
f 4807 	4823 	4820
f 4821 	4810 	4811
f 4821 	4827 	4815
f 4822 	4823 	4819
f 4807 	4819 	4823
f 4824 	4820 	4823
f 4820 	4824 	4811
f 4825 	4811 	4824
f 4822 	4623 	4823
f 4825 	4824 	4823
f 4825 	4823 	4623
f 4826 	4632 	4822
f 4827 	4821 	4811
f 4818 	4815 	4827
f 4833 	4829 	4825
f 4829 	4828 	4825
f 4811 	4825 	4828
f 4811 	4828 	4827
f 4830 	4827 	4828
f 4825 	4623 	4833
f 4818 	4827 	4830
f 4818 	4830 	4831
f 4828 	4829 	4627
f 4831 	4828 	4627
f 4831 	4830 	4828
f 4833 	4656 	4829
f 4700 	4702 	4832
f 4701 	4832 	4702
f 4680 	4818 	4831
f 4680 	4681 	4818
f 4817 	4835 	4696
f 4834 	4696 	4835
f 4834 	4832 	4696
f 4835 	4818 	4681
f 4817 	4818 	4835
f 4835 	4681 	4834
f 4832 	4834 	4700
f 4681 	4700 	4834
f 4703 	4682 	4734
f 4683 	4848 	4734
f 4682 	4683 	4734
f 4668 	4847 	4683
f 4682 	4703 	4700
f 4685 	4599 	4686
f 4607 	4686 	4599
f 4686 	4607 	4687
f 4691 	4690 	4685
f 4695 	4691 	4685
f 4599 	4685 	4690
f 4721 	4719 	4836
f 4836 	4719 	4705
f 4837 	4836 	4706
f 4705 	4706 	4836
f 4728 	4721 	4836
f 4706 	4690 	4837
f 4689 	4837 	4690
f 4842 	4839 	4837
f 4836 	4735 	4728
f 4839 	4838 	4837
f 4836 	4837 	4838
f 4836 	4838 	4735
f 4840 	4735 	4838
f 4838 	4839 	4696
f 4841 	4840 	4838
f 4841 	4838 	4696
f 4813 	4842 	4689
f 4684 	4611 	4547
f 4610 	4611 	4684
f 4564 	4547 	4611
f 4606 	4609 	4684
f 4650 	4658 	4646
f 4649 	4646 	4658
f 4648 	4649 	4665
f 4664 	4665 	4649
f 4665 	4652 	4648
f 4654 	4843 	4634
f 4637 	4843 	4654
f 4637 	4654 	4641
f 4844 	4845 	4727
f 4726 	4727 	4845
f 4734 	4731 	4844
f 4845 	4844 	4731
f 4844 	4864 	4734
f 4846 	4765 	4720
f 4766 	4846 	4847
f 4780 	4778 	4847
f 4666 	4667 	4772
f 4782 	4772 	4667
f 4772 	4780 	4666
f 4781 	4667 	4768
f 4782 	4667 	4781
f 4668 	4768 	4667
f 4668 	4666 	4847
f 4780 	4847 	4666
f 4733 	4848 	4720
f 4720 	4848 	4704
f 4704 	4846 	4720
f 4848 	4733 	4734
f 4846 	4704 	4847
f 4600 	4710 	4588
f 4588 	4710 	4709
f 4712 	4710 	4600
f 4850 	4851 	4785
f 4786 	4785 	4851
f 4849 	4773 	4850
f 4852 	4858 	4851
f 4858 	4852 	4803
f 4851 	4850 	4767
f 4853 	4851 	4767
f 4853 	4852 	4851
f 4787 	4788 	4853
f 4853 	4767 	4787
f 4855 	4860 	4854
f 4803 	4854 	4860
f 4788 	4854 	4853
f 4803 	4853 	4854
f 4789 	4857 	4855
f 4789 	4855 	4854
f 4789 	4854 	4768
f 4854 	4788 	4768
f 4859 	4801 	4803
f 4856 	4805 	4804
f 4856 	4804 	4857
f 4806 	4857 	4804
f 4786 	4851 	4858
f 4860 	4859 	4803
f 4806 	4859 	4860
f 4806 	4860 	4857
f 4860 	4855 	4857
f 4539 	4794 	4545
f 4670 	4794 	4862
f 4861 	4794 	4670
f 4669 	4671 	4857
f 4857 	4862 	4856
f 4861 	4670 	4797
f 4790 	4506 	4507
f 4550 	4790 	4507
f 4549 	4790 	4550
f 4839 	4842 	4813
f 4839 	4813 	4696
f 4701 	4702 	4841
f 4832 	4701 	4696
f 4702 	4863 	4841
f 4727 	4841 	4863
f 4863 	4864 	4844
f 4727 	4863 	4844
f 4841 	4696 	4701
f 4703 	4734 	4864
f 4702 	4700 	4863
f 4700 	4703 	4863
f 4703 	4864 	4863
# 640 faces

g group_17_11107152

usemtl color_11107152
s 0

f 4555 	4556 	4554
f 4556 	4557 	4554
f 4553 	4554 	4557
f 4553 	4557 	4558
f 4553 	4558 	4559
f 4553 	4559 	4560
f 4553 	4560 	4561
f 4553 	4561 	4562
f 4553 	4562 	4563
f 4553 	4563 	4573
f 4560 	4564 	4561
f 4559 	4565 	4564
f 4559 	4564 	4560
f 4558 	4566 	4565
f 4558 	4565 	4559
f 4566 	4558 	4567
f 4557 	4567 	4558
f 4557 	4556 	4568
f 4557 	4568 	4567
f 4556 	4555 	4569
f 4556 	4569 	4568
f 4554 	4553 	4576
f 4572 	4579 	4571
f 4573 	4581 	4572
f 4555 	4574 	4569
f 4575 	4574 	4554
f 4555 	4554 	4574
f 4554 	4576 	4575
f 4580 	4577 	4573
f 4573 	4577 	4553
f 4576 	4553 	4577
f 4570 	4571 	4579
f 4580 	4573 	4572
f 4585 	4584 	4571
f 4585 	4571 	4586
f 4570 	4586 	4571
f 4579 	4587 	4570
f 4583 	4572 	4582
f 4579 	4572 	4583
f 4582 	4572 	4581
f 4563 	4601 	4573
f 4572 	4584 	4580
f 4572 	4571 	4584
f 4586 	4570 	4587
f 4583 	4587 	4579
f 4595 	4594 	4582
f 4581 	4596 	4582
f 4592 	4573 	4591
f 4581 	4573 	4592
f 4591 	4573 	4590
f 4601 	4593 	4573
f 4583 	4594 	4587
f 4583 	4582 	4594
f 4595 	4582 	4596
f 4597 	4581 	4592
f 4581 	4597 	4596
f 4605 	4598 	4591
f 4592 	4598 	4597
f 4590 	4573 	4593
f 4593 	4602 	4590
f 4608 	4604 	4601
f 4593 	4601 	4604
f 4601 	4563 	4608
f 4609 	4608 	4563
f 4592 	4591 	4598
f 4603 	4605 	4590
f 4591 	4590 	4605
f 4590 	4602 	4603
f 4602 	4593 	4604
f 4609 	4563 	4562
f 4609 	4562 	4610
f 4610 	4562 	4611
f 4561 	4611 	4562
f 4561 	4564 	4611
# 74 faces

 #end of obj_17

o obj_18
v 153.1916 		-16.0802 		41.9452
v 157.2213 		-11.679 		32.6694
v 152.4572 		-18.2287 		52.1239
v 152.633 		-18.0884 		52.0446
v 153.5344 		-18.0213 		55.7531
v 155.8512 		-20.2383 		36.0079
v 157.1082 		-20.5973 		34.6399
v 158.1472 		-22.0742 		41.9452
v 155.2403 		-18.7887 		41.9452
v 161.1808 		-18.922 		41.9452
v 156.1167 		-22.5976 		52.0439
v 156.626 		-23.3395 		55.7531
v 154.9687 		-18.8446 		43.9926
v 154.9243 		-19.0639 		44.1505
v 156.127 		-19.8269 		49.8986
v 156.1369 		-21.4264 		56.7177
v 155.9067 		-22.5168 		52.123
v 154.9805 		-21.7341 		61.5429
v 157.4884 		-16.3423 		49.8986
v 155.3403 		-21.3247 		61.735
v 154.692 		-20.9031 		58.5563
v 155.1513 		-21.9196 		62.5621
v 156.7855 		-19.7029 		62.5621
v 154.3445 		-17.5537 		49.8986
v 153.4941 		-18.6543 		55.5287
v 154.4986 		-20.9075 		58.6242
v 153.9261 		-22.4126 		68.9264
v 153.7848 		-18.7055 		56.7177
v 154.3209 		-19.9691 		62.5621
v 153.788 		-22.3792 		68.9762
v 153.6563 		-20.148 		66.8648
v 153.5065 		-20.5897 		66.6999
v 153.0036 		-20.0254 		64.1398
v 153.7032 		-20.6811 		67.5743
v 152.852 		-20.0918 		64.1979
v 153.8418 		-21.6792 		71.8702
v 153.3357 		-21.6808 		75.0319
v 152.8956 		-21.4704 		73.0286
v 153.1449 		-21.9659 		74.9107
v 152.7755 		-21.4889 		73.0712
v 156.313 		-19.9735 		32.6694
v 164 		-23.3395 		32.6694
v 148.8731 		-16.9377 		41.9452
v 150.4427 		-17.1371 		36.0081
v 150.4427 		-16.6075 		32.6694
v 148.7857 		-17.199 		43.9929
v 148.9552 		-17.3473 		44.1511
v 149.7411 		-20.7383 		14
v 150.4427 		-20.6467 		14
v 151.1443 		-20.7383 		14
v 151.7984 		-21.0075 		14
v 152.3597 		-21.4357 		14
v 152.7908 		-21.9931 		14
v 153.0619 		-22.6427 		14
v 153.1541 		-23.3395 		14
v 153.0619 		-24.0363 		14
v 152.7908 		-24.6859 		14
v 152.3597 		-25.2433 		14
v 152.776 		-23.3395 		20.3591
v 152.6229 		-22.7595 		21.6439
v 152.3468 		-22.2477 		22.623
v 152.0383 		-21.7548 		21.6436
v 151.6093 		-21.3327 		20.3592
v 151.6093 		-21.3327 		20.3591
v 147.8234 		-22.6427 		14
v 148.0945 		-21.9931 		14
v 148.5257 		-21.4357 		14
v 149.0869 		-21.0075 		14
v 151.0266 		-21.1743 		21.6445
v 150.4427 		-21.1559 		22.623
v 149.8587 		-21.1743 		21.6445
v 149.276 		-21.3327 		20.3591
v 143.664 		-11.679 		32.6694
v 147.7312 		-23.3395 		14
v 149.276 		-21.3327 		20.3592
v 148.5257 		-25.2433 		14
v 148.0945 		-24.6859 		14
v 147.8234 		-24.0363 		14
v 148.847 		-21.7548 		21.6436
v 148.5386 		-22.2477 		22.623
v 148.2625 		-22.7595 		21.6439
v 148.1093 		-23.3395 		20.3591
v 136.8853 		-23.3395 		32.6694
v 144.5723 		-19.9735 		32.6694
v 150.4427 		-26.0323 		14
v 149.7411 		-25.9407 		14
v 149.0869 		-25.6715 		14
v 151.1443 		-25.9407 		14
v 148.2625 		-23.9195 		21.6439
v 148.5386 		-24.4313 		22.623
v 148.847 		-24.9242 		21.6436
v 149.276 		-25.3463 		20.3592
v 149.276 		-25.3463 		20.3591
v 143.664 		-35 		32.6694
v 144.5723 		-26.7055 		32.6694
v 151.7984 		-25.6715 		14
v 151.0266 		-25.5047 		21.6445
v 150.4427 		-25.5231 		22.623
v 151.6093 		-25.3463 		20.3591
v 149.8587 		-25.5047 		21.6445
v 157.2213 		-35 		32.6694
v 150.4427 		-30.0715 		32.6694
v 151.6093 		-25.3463 		20.3592
v 152.0383 		-24.9242 		21.6436
v 152.3468 		-24.4313 		22.623
v 152.6229 		-23.9195 		21.6439
v 156.1666 		-27.7014 		34.64
v 155.8512 		-26.4407 		36.008
v 155.3983 		-29.3334 		41.9452
v 153.9266 		-27.8484 		52.0439
v 153.5342 		-28.6576 		55.7538
v 153.8922 		-27.6277 		52.1228
v 159.6637 		-30.3664 		41.9452
v 155.6433 		-30.0702 		56.7177
v 156.8098 		-25.1905 		41.9452
v 156.4118 		-25.0563 		44.1501
v 156.6253 		-24.9849 		43.9922
v 152.8457 		-29.1007 		67.5743
v 156.3478 		-26.4723 		49.8986
v 154.9583 		-27.2806 		56.7177
v 154.1116 		-26.4396 		61.5438
v 151.0453 		-27.8836 		75.5524
v 154.6917 		-25.7757 		58.5555
v 154.6482 		-26.5443 		61.7358
v 154.0352 		-26.679 		62.5621
v 154.5916 		-25.6122 		58.6232
v 152.8935 		-26.9905 		67.5743
v 160.0677 		-25.901 		49.8986
v 156.7855 		-26.9761 		62.5621
v 157.4389 		-23.8025 		49.8986
v 156.0539 		-23.6214 		55.5288
v 152.9927 		-25.872 		68.9262
v 152.8146 		-26.4093 		71.263
v 152.4534 		-26.2335 		71.1218
v 152.3534 		-26.389 		71.8702
v 154.2489 		-27.1195 		71.8702
v 156.1546 		-23.8969 		56.7177
v 158.9126 		-22.2321 		56.7177
v 155.3213 		-24.99 		62.5621
v 154.8323 		-24.5077 		66.8662
v 154.6128 		-23.8847 		64.1393
v 154.3724 		-24.5997 		66.7014
v 154.3911 		-24.8141 		67.5743
v 156.6675 		-24.1534 		67.5743
v 154.4794 		-23.7878 		64.1973
v 153.3357 		-24.9982 		75.0318
v 153.299 		-24.5143 		73.028
v 152.9913 		-24.9767 		74.9105
v 153.5898 		-25.4327 		71.8702
v 152.9635 		-25.1326 		75.5524
v 151.4833 		-26.3949 		75.5524
v 154.7064 		-25.0932 		75.5524
v 154.8518 		-23.0573 		67.5743
v 154.3058 		-22.8344 		71.263
v 153.9717 		-23.0573 		71.1216
v 154.0574 		-23.2211 		71.8702
v 155.6419 		-21.9561 		71.8702
v 153.2668 		-22.0678 		75.5524
v 153.6272 		-23.9721 		75.5524
v 153.2229 		-24.4203 		73.0707
v 150.0781 		-22.9774 		87.1072
v 150.0939 		-22.8882 		86.4125
v 150.4427 		-23.3395 		90
v 150.5762 		-22.8445 		87.1059
v 151.417 		-22.0786 		82.2196
v 150.6621 		-22.8134 		86.4098
v 150.941 		-23.2069 		87.1061
v 152.0294 		-23.547 		82.2196
v 152.1948 		-23.3423 		80.1866
v 151.0111 		-23.2652 		86.4101
v 150.8075 		-23.7018 		87.106
v 151.3163 		-24.8477 		80.1872
v 151.055 		-24.8076 		82.2212
v 150.7918 		-23.7914 		86.409
v 150.3091 		-23.8345 		87.1059
v 150.2232 		-23.8656 		86.4098
v 149.9443 		-23.4721 		87.1061
v 149.8742 		-23.4138 		86.4101
v 156.313 		-26.7055 		32.6694
v 147.6938 		-30.5988 		41.9452
v 149.5009 		-30.4436 		34.64
v 150.4427 		-29.5419 		36.0081
v 148.9256 		-34.7839 		41.9452
v 147.1733 		-31.1776 		56.7177
v 147.351 		-28.6577 		55.7531
v 148.2524 		-28.5906 		52.0446
v 152.0122 		-29.7413 		41.9452
v 151.9301 		-29.3317 		44.1511
v 152.0996 		-29.48 		43.9929
v 148.4281 		-28.4503 		52.1239
v 146.6202 		-28.2868 		67.5743
v 150.6636 		-29.9845 		49.8986
v 149.2636 		-29.1932 		56.7177
v 149.5735 		-28.0447 		61.5435
v 146.7815 		-26.1292 		75.5524
v 148.1098 		-25.1901 		73.0712
v 147.9898 		-25.2086 		73.0286
v 147.6185 		-24.6112 		75.5524
v 148.8559 		-23.132 		82.2196
v 146.5408 		-29.1253 		49.8986
v 147.3912 		-28.0247 		55.5287
v 153.5373 		-29.5885 		49.8986
v 153.0026 		-28.3066 		55.5295
v 142.7381 		-24.6048 		41.9452
v 143.7771 		-26.0817 		34.6399
v 139.7046 		-27.757 		41.9452
v 145.0341 		-26.4407 		36.0079
v 144.2593 		-23.3395 		55.7531
v 144.7686 		-24.0814 		52.0439
v 141.9727 		-24.4469 		56.7177
v 145.645 		-27.8903 		41.9452
v 144.9786 		-24.1622 		52.123
v 145.9611 		-27.6151 		44.1505
v 145.9166 		-27.8344 		43.9926
v 144.2178 		-22.5256 		67.5743
v 144.7584 		-26.8521 		49.8986
v 144.7484 		-25.2526 		56.7177
v 145.545 		-25.3543 		61.735
v 146.1933 		-25.7759 		58.5563
v 145.9048 		-24.9449 		61.5429
v 145.7341 		-24.7594 		62.5621
v 144.0999 		-26.9761 		62.5621
v 146.3867 		-25.7715 		58.6242
v 146.0335 		-23.6217 		67.5743
v 146.5795 		-23.8446 		71.263
v 146.9592 		-24.2664 		68.9264
v 146.9136 		-23.6217 		71.1216
v 146.828 		-23.4579 		71.8702
v 145.2434 		-24.7229 		71.8702
v 146.5644 		-26.7099 		62.5621
v 145.487 		-17.3456 		41.9452
v 144.7187 		-18.9776 		34.64
v 141.2216 		-16.3126 		41.9452
v 145.0341 		-20.2383 		36.008
v 145.2421 		-16.6088 		56.7177
v 147.3511 		-18.0214 		55.7538
v 146.9588 		-18.8306 		52.0439
v 144.0756 		-21.4885 		41.9452
v 144.4735 		-21.6227 		44.1501
v 144.5375 		-20.2067 		49.8986
v 144.26 		-21.6941 		43.9922
v 140.8176 		-20.778 		49.8986
v 145.927 		-19.3984 		56.7177
v 146.9932 		-19.0513 		52.1228
v 146.2372 		-20.1347 		61.7358
v 146.1937 		-20.9033 		58.5555
v 146.7738 		-20.2394 		61.5438
v 146.8501 		-20 		62.5621
v 144.0999 		-19.7029 		62.5621
v 143.4465 		-22.8765 		49.8986
v 144.8314 		-23.0576 		55.5288
v 144.7308 		-22.7821 		56.7177
v 145.564 		-21.689 		62.5621
v 146.2938 		-21.0669 		58.6232
v 146.053 		-22.1713 		66.8662
v 146.2726 		-22.7943 		64.1393
v 146.5129 		-22.0793 		66.7014
v 146.4943 		-21.8649 		67.5743
v 146.4059 		-22.8912 		64.1973
v 147.6624 		-22.2587 		73.0707
v 147.5863 		-22.1647 		73.028
v 148.0396 		-17.5789 		67.5743
v 149.84 		-18.7954 		75.5524
v 147.9325 		-20.9426 		68.9763
v 147.8926 		-20.807 		68.9262
v 147.2956 		-21.2463 		71.8702
v 146.6364 		-19.5595 		71.8702
v 147.9919 		-19.6885 		67.5743
v 148.0707 		-20.2697 		71.263
v 148.432 		-20.4455 		71.1218
v 148.532 		-20.29 		71.8702
v 149.4021 		-20.2844 		75.5524
v 147.5498 		-21.6809 		75.0324
v 147.8941 		-21.7025 		74.9113
v 147.9219 		-21.5468 		75.5524
v 149.8304 		-21.8717 		82.2214
v 149.5694 		-21.8318 		80.1896
v 147.348 		-17.0905 		49.8986
v 147.8827 		-18.3724 		55.5295
v 148.0725 		-18.1481 		56.7177
v 147.8634 		-13.7807 		49.8986
v 149.9952 		-20.4077 		73.0703
v 150.039 		-20.2955 		73.0277
v 150.7458 		-20.2747 		75.5524
v 151.3844 		-16.2354 		34.64
v 150.2217 		-16.6945 		49.8986
v 151.9597 		-11.8951 		41.9452
v 153.712 		-15.5014 		56.7177
v 154.2652 		-18.3928 		67.5743
v 151.6217 		-17.4858 		56.7177
v 151.3118 		-18.6343 		61.5435
v 154.1038 		-20.5498 		75.5524
v 150.3499 		-18.6352 		58.6241
v 150.4427 		-18.4668 		58.5562
v 151.1346 		-18.1199 		61.7357
v 151.5588 		-18.5802 		62.5621
v 152.4012 		-19.4063 		67.5743
v 150.4427 		-16.0662 		62.5621
v 151.9338 		-19.7646 		71.2631
v 151.9611 		-20.1632 		71.1216
v 151.3759 		-19.8804 		68.9257
v 153.0219 		-32.8983 		49.8986
v 150.4427 		-28.2122 		58.5562
v 149.7508 		-28.5591 		61.7357
v 149.3266 		-28.0988 		62.5621
v 150.4427 		-30.6128 		62.5621
v 150.5355 		-28.0438 		58.6241
v 148.4842 		-27.2732 		67.5743
v 148.9515 		-26.9144 		71.2631
v 149.5095 		-26.7986 		68.9257
v 148.9243 		-26.5162 		71.1217
v 148.7385 		-26.5079 		71.8702
v 149.0496 		-28.5029 		71.8702
v 152.8128 		-28.5309 		56.7177
v 151.4427 		-28.3603 		62.5621
v 149.6074 		-26.6968 		68.9754
v 152.0524 		-27.1989 		64.1391
v 151.6191 		-27.6992 		66.8653
v 151.3087 		-27.3494 		66.7004
v 151.1308 		-27.4728 		67.5743
v 152.0703 		-27.0356 		64.1972
v 150.191 		-27.093 		71.8702
v 150.4427 		-26.657 		75.0318
v 150.8463 		-26.3835 		73.0277
v 150.2894 		-26.3503 		74.9105
v 150.1396 		-26.4043 		75.5524
v 148.2986 		-25.762 		75.5524
v 150.8902 		-26.2713 		73.0704
v 149.4688 		-24.6 		82.222
v 149.5644 		-24.8445 		80.19
v 143.3969 		-30.3367 		49.8986
v 147.1006 		-27.9735 		56.7177
v 147.2291 		-26.531 		66.865
v 147.8821 		-26.6536 		64.1388
v 147.3789 		-26.0892 		66.7001
v 147.1822 		-25.9979 		67.5743
v 148.0332 		-26.5874 		64.1968
v 152.9528 		-25.7364 		68.9763
v 147.0435 		-24.9998 		71.8702
v 147.0973 		-24.2998 		68.9762
v 147.2581 		-22.7069 		75.5524
v 146.1789 		-21.5858 		75.5524
v 148.6905 		-23.3367 		80.1866
v 148.815 		-19.6434 		64.1973
v 148.8328 		-19.4804 		64.1393
v 149.2663 		-18.9799 		66.8656
v 149.5767 		-19.3296 		66.7004
v 149.7546 		-19.2061 		67.5743
v 150.4427 		-20.022 		75.0318
v 150.5959 		-20.3287 		74.9105
v 152.1469 		-20.1715 		71.8702
v 151.8357 		-18.1761 		71.8702
v 149.4426 		-18.3187 		62.5621
v 151.278 		-19.9822 		68.9754
v 150.6944 		-19.586 		71.8702
v 152.5868 		-20.917 		75.5524
v 151.3213 		-21.8338 		80.1857
v 147.5496 		-24.9982 		75.0319
v 147.7405 		-24.7131 		74.9107
# 359 vertices

g group_18_1206582

usemtl color_1206582
s 0

f 4867 	4868 	4865
f 4865 	4869 	4866
f 4869 	4865 	4868
f 4874 	4871 	4870
f 4874 	4872 	4871
f 4884 	4880 	4874
f 4875 	5002 	4876
f 4879 	4874 	4878
f 4874 	4870 	4873
f 4873 	4878 	4874
f 4877 	4879 	4878
f 4872 	4874 	4881
f 4880 	4881 	4874
f 4874 	4879 	4884
f 5002 	4875 	4880
f 4881 	4880 	4875
f 4880 	4882 	5002
f 4890 	4885 	4879
f 4880 	4884 	4882
f 4886 	5002 	4882
f 4886 	4882 	4884
f 4883 	4879 	4877
f 4888 	4883 	4877
f 4884 	4879 	4885
f 4890 	4879 	4883
f 4883 	4893 	4890
f 4885 	4887 	4884
f 4887 	4886 	4884
f 4889 	4883 	4888
f 4892 	4883 	4889
f 4887 	4885 	4893
f 4890 	4893 	4885
f 4891 	5018 	4886
f 4894 	4891 	4886
f 4894 	4886 	4887
f 4889 	4869 	4892
f 4892 	4869 	5152
f 4899 	4897 	4892
f 4883 	4895 	4893
f 4897 	4895 	4892
f 4898 	4887 	4896
f 4894 	4900 	4891
f 4893 	4895 	4896
f 4883 	4892 	4895
f 4893 	4896 	4887
f 4898 	4896 	4895
f 4898 	4895 	5153
f 4895 	4897 	5153
f 4887 	4900 	4894
f 4902 	4901 	4898
f 4887 	4898 	4901
f 4901 	4903 	4900
f 4901 	4900 	4887
f 4902 	5156 	4901
f 4903 	4901 	5022
f 4898 	4904 	4902
f 4871 	4905 	4870
f 4906 	4905 	4871
f 4872 	4906 	4871
f 4875 	4876 	4872
f 4906 	4872 	4876
f 4872 	4881 	4875
f 4905 	4866 	4870
f 4870 	4866 	4873
f 4878 	4873 	4877
f 4866 	4888 	4877
f 4877 	4873 	4866
f 4888 	4866 	4869
f 4889 	4888 	4869
f 4909 	4937 	4908
f 4911 	4907 	4910
f 4937 	4910 	4907
f 4925 	4926 	4905
f 4866 	4905 	4926
f 4926 	4927 	4866
f 4928 	4866 	4927
f 4934 	4935 	4909
f 4937 	4909 	4935
f 4935 	4936 	4937
f 4936 	4939 	4937
f 4909 	4866 	4933
f 4934 	4909 	4933
f 4933 	4866 	4928
f 4923 	4924 	4906
f 4925 	4905 	4924
f 4905 	4906 	4924
f 4948 	4944 	4945
f 4947 	4948 	4945
f 4945 	4946 	4947
f 4954 	4955 	4959
f 4958 	4959 	4955
f 4955 	4956 	4958
f 4956 	4957 	4958
f 4958 	4964 	4966
f 4947 	4953 	4959
f 4953 	4947 	4946
f 4954 	4959 	4953
f 4948 	4937 	4943
f 4948 	4943 	4944
f 4939 	4943 	4937
f 4962 	4961 	4966
f 4965 	4966 	4961
f 4963 	4965 	4961
f 4963 	4967 	4965
f 4967 	4968 	4965
f 4969 	5043 	4968
f 4962 	4966 	4964
f 4957 	4964 	4958
f 4979 	4977 	4972
f 4974 	4978 	4975
f 4971 	4977 	4973
f 4971 	4972 	4977
f 4980 	4977 	4979
f 4983 	4977 	4980
f 4973 	4977 	4976
f 4976 	4984 	4974
f 4981 	4983 	4980
f 4978 	4974 	4984
f 5185 	5178 	4978
f 4977 	4984 	4976
f 4990 	4987 	4983
f 4977 	4988 	4984
f 4984 	4985 	4978
f 4989 	4978 	4985
f 4982 	5181 	4991
f 4992 	4981 	4994
f 4977 	4983 	4988
f 4987 	4988 	4983
f 4985 	4984 	4988
f 4988 	4987 	4993
f 4989 	4988 	4993
f 4985 	4988 	4989
f 4987 	4990 	5003
f 5003 	4993 	4987
f 5202 	4996 	4989
f 4991 	5185 	4978
f 4978 	4997 	4991
f 4999 	4982 	4998
f 4981 	4992 	4983
f 5003 	4990 	4992
f 4990 	4983 	4992
f 4994 	4995 	4992
f 4993 	5202 	4989
f 4996 	4997 	4989
f 4978 	4989 	4997
f 4998 	4991 	4997
f 4991 	4998 	4982
f 4996 	5000 	4997
f 4999 	4997 	5000
f 4998 	4997 	4999
f 4995 	5001 	4992
f 5001 	4995 	4876
f 5001 	4876 	5002
f 5009 	5005 	5001
f 5005 	5004 	5001
f 4992 	5001 	5004
f 5004 	5006 	5003
f 5004 	5003 	4992
f 5007 	4993 	5006
f 5003 	5006 	4993
f 5005 	5008 	5004
f 5007 	5006 	5004
f 5007 	5004 	5008
f 5011 	5010 	5007
f 4993 	5007 	5010
f 5010 	5012 	5013
f 5010 	5013 	4993
f 5000 	5013 	5012
f 5000 	5012 	5014
f 5192 	4982 	5015
f 5011 	5016 	5010
f 5014 	5010 	5016
f 5012 	5010 	5014
f 5017 	5009 	5002
f 5009 	5001 	5002
f 5002 	4886 	5018
f 5018 	5019 	5017
f 5018 	5017 	5002
f 5020 	5008 	5019
f 5008 	5017 	5019
f 4891 	5021 	5018
f 5020 	5018 	5021
f 5020 	5019 	5018
f 4891 	4900 	5021
f 5022 	5021 	4903
f 4900 	4903 	5021
f 5011 	5024 	5023
f 5011 	5023 	5016
f 4986 	5188 	5015
f 5027 	5156 	5030
f 5029 	5030 	5156
f 5148 	5127 	5028
f 5030 	5028 	5027
f 5026 	5025 	5027
f 5031 	5021 	5022
f 5034 	5033 	5021
f 5031 	5034 	5021
f 5020 	5033 	5008
f 5032 	5008 	5033
f 5032 	5023 	5008
f 5033 	5020 	5021
f 5027 	5016 	5034
f 5032 	5034 	5016
f 5033 	5034 	5032
f 5023 	5032 	5016
f 5035 	5000 	5014
f 4999 	5036 	4982
f 5037 	4982 	5036
f 5037 	5015 	4982
f 5036 	5000 	5038
f 4999 	5000 	5036
f 5035 	5038 	5000
f 5036 	5038 	5037
f 4986 	5037 	5038
f 4986 	5038 	5027
f 5015 	5037 	4986
f 5027 	5039 	4986
f 5016 	5027 	5035
f 5035 	5014 	5016
f 5038 	5035 	5027
f 5022 	5156 	5031
f 5027 	5031 	5156
f 5027 	5034 	5031
f 5027 	5059 	5040
f 5027 	5042 	5041
f 5027 	5041 	5059
f 5040 	5039 	5027
f 5190 	4986 	5039
f 4972 	4971 	5043
f 5043 	4971 	4965
f 4973 	4965 	4971
f 4974 	4975 	4973
f 4976 	4974 	4973
f 4965 	4973 	4975
f 5044 	5045 	5047
f 5045 	5046 	5047
f 5051 	5047 	5046
f 5044 	5047 	5054
f 5050 	5048 	5049
f 5051 	5052 	5047
f 5050 	5057 	5048
f 5054 	5057 	5050
f 5056 	5047 	5052
f 5166 	5056 	5053
f 5171 	5167 	5056
f 5054 	5047 	5057
f 5057 	5058 	5048
f 5169 	5048 	5058
f 5207 	5042 	5063
f 5063 	5042 	5206
f 5049 	5064 	4958
f 5064 	5078 	4958
f 5049 	5065 	5064
f 5046 	4966 	4965
f 5052 	5051 	5053
f 5051 	4965 	5053
f 5051 	5046 	4965
f 5053 	4965 	5066
f 4975 	5067 	5066
f 4975 	5066 	4965
f 4994 	4981 	4906
f 4906 	4876 	4994
f 4995 	4994 	4876
f 4906 	4981 	4979
f 4980 	4979 	4981
f 4979 	4972 	4906
f 4906 	4972 	5043
f 5068 	5069 	5070
f 5069 	5071 	5070
f 5073 	5074 	5072
f 5070 	5071 	5075
f 5075 	5077 	5070
f 5076 	5068 	5070
f 5076 	5081 	5073
f 5077 	5080 	5070
f 5074 	5073 	5081
f 5077 	5078 	5080
f 5081 	5076 	5070
f 5087 	5083 	5080
f 5083 	5082 	5080
f 5070 	5080 	5082
f 5082 	5084 	5081
f 5082 	5081 	5070
f 5085 	5074 	5084
f 5081 	5084 	5074
f 5083 	5086 	5082
f 5085 	5084 	5082
f 5085 	5082 	5086
f 5087 	5094 	5083
f 5074 	5088 	5123
f 5079 	5120 	5088
f 5204 	5090 	5085
f 5090 	5089 	5085
f 5074 	5085 	5089
f 5074 	5089 	5088
f 5091 	5088 	5089
f 5092 	5079 	5091
f 5088 	5091 	5079
f 5090 	5093 	5089
f 5092 	5089 	5093
f 5092 	5091 	5089
f 5086 	5083 	5094
f 5200 	5086 	5199
f 5094 	5199 	5086
f 5073 	5072 	5068
f 5076 	5073 	5068
f 4947 	5068 	5072
f 5095 	5096 	5097
f 5098 	5097 	5096
f 5102 	5097 	5098
f 5101 	5099 	5100
f 5103 	5104 	5097
f 5103 	5097 	5102
f 5104 	5103 	5105
f 5104 	5105 	5106
f 5107 	5108 	5097
f 5095 	5097 	5108
f 5099 	5101 	5107
f 5108 	5107 	5101
f 5118 	5110 	5104
f 5110 	5109 	5104
f 5097 	5104 	5109
f 5097 	5109 	5107
f 5111 	5107 	5109
f 5112 	5099 	5111
f 5107 	5111 	5099
f 5110 	5113 	5109
f 5112 	5111 	5109
f 5112 	5109 	5113
f 5106 	5105 	5114
f 5116 	5106 	5115
f 5115 	5106 	5114
f 5116 	5115 	5072
f 5116 	5072 	5074
f 5123 	5120 	5116
f 5118 	5104 	5106
f 5117 	5118 	5106
f 5113 	5110 	5117
f 5118 	5117 	5110
f 5120 	5119 	5116
f 5106 	5116 	5119
f 5106 	5119 	5117
f 5121 	5117 	5119
f 5122 	5113 	5121
f 5117 	5121 	5113
f 5119 	5120 	5079
f 5122 	5119 	5079
f 5122 	5121 	5119
f 5116 	5074 	5123
f 5123 	5088 	5120
f 5128 	5129 	5112
f 5130 	5128 	5113
f 5122 	5124 	5125
f 5125 	5137 	5122
f 5124 	5122 	5079
f 5124 	5205 	5125
f 5133 	5132 	5099
f 5126 	5209 	5132
f 5135 	5126 	5134
f 5129 	5133 	5112
f 5099 	5112 	5133
f 5112 	5113 	5128
f 5128 	5130 	5129
f 5130 	5131 	5129
f 5133 	5134 	5132
f 5132 	5134 	5126
f 5129 	5131 	5133
f 5135 	5133 	5131
f 5135 	5134 	5133
f 5146 	5126 	5136
f 5141 	5126 	5135
f 5113 	5122 	5137
f 5113 	5137 	5130
f 5138 	5130 	5137
f 5138 	5131 	5130
f 5139 	5131 	5138
f 5125 	5206 	5137
f 5139 	5138 	5137
f 5127 	5147 	5136
f 5126 	5140 	5136
f 5126 	5141 	5140
f 5135 	5131 	5141
f 5136 	5140 	5127
f 5028 	5216 	5148
f 5027 	5028 	5127
f 5096 	5095 	4937
f 4948 	5096 	4937
f 5098 	5096 	4948
f 5101 	5100 	5095
f 4937 	5095 	5100
f 5108 	5101 	5095
f 5142 	5143 	5145
f 5144 	5145 	5143
f 5144 	5143 	5100
f 5144 	5100 	5099
f 5208 	5209 	5144
f 5132 	5208 	5099
f 5144 	5099 	5208
f 5146 	5136 	5147
f 5215 	5221 	5153
f 5221 	5216 	5030
f 5030 	5029 	5221
f 4907 	4908 	4937
f 5142 	4910 	4937
f 4937 	5100 	5142
f 5143 	5142 	5100
f 4948 	4947 	5098
f 5102 	5098 	4947
f 5103 	5102 	5105
f 5114 	5105 	4947
f 5102 	4947 	5105
f 4947 	5072 	5114
f 5072 	5115 	5114
f 4959 	4958 	5071
f 5075 	5071 	4958
f 5078 	5075 	4958
f 5077 	5075 	5078
f 4907 	5151 	4908
f 4910 	5142 	5145
f 5149 	4908 	5151
f 4907 	4911 	5151
f 5150 	5151 	4911
f 4867 	5154 	4868
f 4868 	5152 	4869
f 4865 	5149 	5151
f 4865 	5151 	4867
f 5159 	5154 	5151
f 4867 	5151 	5154
f 5151 	5150 	5159
f 5152 	4868 	5154
f 5155 	5152 	5154
f 5152 	5155 	5160
f 4899 	5161 	4897
f 5022 	4901 	5156
f 4911 	4910 	5150
f 5150 	5157 	5158
f 5217 	5157 	5145
f 5158 	5157 	5217
f 5159 	5150 	5158
f 5155 	5154 	5159
f 5162 	5159 	5158
f 5155 	5159 	5160
f 5161 	4899 	5152
f 4899 	4892 	5152
f 5153 	4897 	5161
f 5152 	5163 	5161
f 5161 	5164 	5153
f 5164 	5215 	5153
f 5220 	4904 	5153
f 4904 	5220 	4902
f 5156 	4902 	5220
f 5145 	5150 	4910
f 5150 	5145 	5157
f 5162 	5158 	5217
f 5160 	5159 	5162
f 5218 	5165 	5160
f 5212 	5162 	5211
f 5164 	5161 	5163
f 5165 	5163 	5160
f 5152 	5160 	5163
f 5052 	5053 	5056
f 5196 	5048 	5201
f 5166 	5053 	5066
f 5047 	5056 	5168
f 5167 	5168 	5056
f 5047 	5168 	5057
f 5058 	5057 	5168
f 5168 	5167 	5170
f 5169 	5168 	5170
f 5058 	5168 	5169
f 5166 	5066 	5067
f 5171 	5056 	5166
f 5170 	5167 	5179
f 5171 	5179 	5167
f 5180 	5174 	5169
f 5174 	5173 	5169
f 5048 	5169 	5173
f 5173 	5175 	5172
f 5173 	5172 	5048
f 5176 	5055 	5175
f 5172 	5175 	5055
f 5174 	5177 	5173
f 5176 	5175 	5173
f 5176 	5173 	5177
f 5067 	5178 	5166
f 4978 	5178 	4975
f 5067 	4975 	5178
f 5166 	5179 	5171
f 5185 	5181 	5178
f 5166 	5182 	5179
f 5180 	5169 	5170
f 5180 	5186 	5174
f 5181 	5182 	5178
f 5166 	5178 	5182
f 5183 	5179 	5182
f 5179 	5183 	5170
f 5184 	5170 	5183
f 5181 	4982 	5182
f 5184 	5183 	5182
f 5184 	5182 	4982
f 5185 	4991 	5181
f 5186 	5180 	5170
f 5177 	5174 	5186
f 5192 	5188 	5184
f 5188 	5187 	5184
f 5170 	5184 	5187
f 5170 	5187 	5186
f 5189 	5186 	5187
f 5184 	4982 	5192
f 5177 	5186 	5189
f 5177 	5189 	5190
f 5187 	5188 	4986
f 5190 	5187 	4986
f 5190 	5189 	5187
f 5192 	5015 	5188
f 5059 	5061 	5191
f 5060 	5191 	5061
f 5039 	5177 	5190
f 5039 	5040 	5177
f 5176 	5194 	5055
f 5193 	5055 	5194
f 5193 	5191 	5055
f 5194 	5177 	5040
f 5176 	5177 	5194
f 5194 	5040 	5193
f 5191 	5193 	5059
f 5040 	5059 	5193
f 5062 	5041 	5093
f 5042 	5207 	5093
f 5041 	5042 	5093
f 5027 	5206 	5042
f 5041 	5062 	5059
f 5044 	4958 	5045
f 4966 	5045 	4958
f 5045 	4966 	5046
f 5050 	5049 	5044
f 5054 	5050 	5044
f 4958 	5044 	5049
f 5080 	5078 	5195
f 5195 	5078 	5064
f 5196 	5195 	5065
f 5064 	5065 	5195
f 5087 	5080 	5195
f 5065 	5049 	5196
f 5048 	5196 	5049
f 5201 	5198 	5196
f 5195 	5094 	5087
f 5198 	5197 	5196
f 5195 	5196 	5197
f 5195 	5197 	5094
f 5199 	5094 	5197
f 5197 	5198 	5055
f 5200 	5199 	5197
f 5200 	5197 	5055
f 5172 	5201 	5048
f 5043 	4970 	4906
f 4969 	4970 	5043
f 4923 	4906 	4970
f 4965 	4968 	5043
f 5009 	5017 	5005
f 5008 	5005 	5017
f 5007 	5008 	5024
f 5023 	5024 	5008
f 5024 	5011 	5007
f 5013 	5202 	4993
f 4996 	5202 	5013
f 4996 	5013 	5000
f 5203 	5204 	5086
f 5085 	5086 	5204
f 5093 	5090 	5203
f 5204 	5203 	5090
f 5203 	5223 	5093
f 5205 	5124 	5079
f 5125 	5205 	5206
f 5139 	5137 	5206
f 5025 	5026 	5131
f 5141 	5131 	5026
f 5131 	5139 	5025
f 5140 	5026 	5127
f 5141 	5026 	5140
f 5027 	5127 	5026
f 5027 	5025 	5206
f 5139 	5206 	5025
f 5092 	5207 	5079
f 5079 	5207 	5063
f 5063 	5205 	5079
f 5207 	5092 	5093
f 5205 	5063 	5206
f 4959 	5069 	4947
f 4947 	5069 	5068
f 5071 	5069 	4959
f 5209 	5210 	5144
f 5145 	5144 	5210
f 5208 	5132 	5209
f 5211 	5217 	5210
f 5217 	5211 	5162
f 5210 	5209 	5126
f 5212 	5210 	5126
f 5212 	5211 	5210
f 5146 	5147 	5212
f 5212 	5126 	5146
f 5214 	5219 	5213
f 5162 	5213 	5219
f 5147 	5213 	5212
f 5162 	5212 	5213
f 5148 	5216 	5214
f 5148 	5214 	5213
f 5148 	5213 	5127
f 5213 	5147 	5127
f 5218 	5160 	5162
f 5215 	5164 	5163
f 5215 	5163 	5216
f 5165 	5216 	5163
f 5145 	5210 	5217
f 5219 	5218 	5162
f 5165 	5218 	5219
f 5165 	5219 	5216
f 5219 	5214 	5216
f 4898 	5153 	4904
f 5029 	5153 	5221
f 5220 	5153 	5029
f 5028 	5030 	5216
f 5216 	5221 	5215
f 5220 	5029 	5156
f 5149 	4865 	4866
f 4909 	5149 	4866
f 4908 	5149 	4909
f 5198 	5201 	5172
f 5198 	5172 	5055
f 5060 	5061 	5200
f 5191 	5060 	5055
f 5061 	5222 	5200
f 5086 	5200 	5222
f 5222 	5223 	5203
f 5086 	5222 	5203
f 5200 	5055 	5060
f 5062 	5093 	5223
f 5061 	5059 	5222
f 5059 	5062 	5222
f 5062 	5223 	5222
# 640 faces

g group_18_11107152

usemtl color_11107152
s 0

f 4914 	4915 	4913
f 4915 	4916 	4913
f 4912 	4913 	4916
f 4912 	4916 	4917
f 4912 	4917 	4918
f 4912 	4918 	4919
f 4912 	4919 	4920
f 4912 	4920 	4921
f 4912 	4921 	4922
f 4912 	4922 	4932
f 4919 	4923 	4920
f 4918 	4924 	4923
f 4918 	4923 	4919
f 4917 	4925 	4924
f 4917 	4924 	4918
f 4925 	4917 	4926
f 4916 	4926 	4917
f 4916 	4915 	4927
f 4916 	4927 	4926
f 4915 	4914 	4928
f 4915 	4928 	4927
f 4913 	4912 	4935
f 4931 	4938 	4930
f 4932 	4940 	4931
f 4914 	4933 	4928
f 4934 	4933 	4913
f 4914 	4913 	4933
f 4913 	4935 	4934
f 4939 	4936 	4932
f 4932 	4936 	4912
f 4935 	4912 	4936
f 4929 	4930 	4938
f 4939 	4932 	4931
f 4944 	4943 	4930
f 4944 	4930 	4945
f 4929 	4945 	4930
f 4938 	4946 	4929
f 4942 	4931 	4941
f 4938 	4931 	4942
f 4941 	4931 	4940
f 4922 	4960 	4932
f 4931 	4943 	4939
f 4931 	4930 	4943
f 4945 	4929 	4946
f 4942 	4946 	4938
f 4954 	4953 	4941
f 4940 	4955 	4941
f 4951 	4932 	4950
f 4940 	4932 	4951
f 4950 	4932 	4949
f 4960 	4952 	4932
f 4942 	4953 	4946
f 4942 	4941 	4953
f 4954 	4941 	4955
f 4956 	4940 	4951
f 4940 	4956 	4955
f 4964 	4957 	4950
f 4951 	4957 	4956
f 4949 	4932 	4952
f 4952 	4961 	4949
f 4967 	4963 	4960
f 4952 	4960 	4963
f 4960 	4922 	4967
f 4968 	4967 	4922
f 4951 	4950 	4957
f 4962 	4964 	4949
f 4950 	4949 	4964
f 4949 	4961 	4962
f 4961 	4952 	4963
f 4968 	4922 	4921
f 4968 	4921 	4969
f 4969 	4921 	4970
f 4920 	4970 	4921
f 4920 	4923 	4970
# 74 faces

 #end of obj_18

o obj_19
v 160.1916 		10.9198 		41.9452
v 164.2213 		15.321 		32.6694
v 159.4572 		8.7713 		52.1239
v 159.633 		8.9116 		52.0446
v 160.5344 		8.9787 		55.7531
v 162.8512 		6.7617 		36.0079
v 164.1082 		6.4027 		34.6399
v 165.1472 		4.9258 		41.9452
v 162.2403 		8.2113 		41.9452
v 168.1808 		8.078 		41.9452
v 163.1167 		4.4024 		52.0439
v 163.626 		3.6605 		55.7531
v 161.9687 		8.1554 		43.9926
v 161.9243 		7.9361 		44.1505
v 163.127 		7.1731 		49.8986
v 163.1369 		5.5736 		56.7177
v 162.9067 		4.4832 		52.123
v 161.9805 		5.2659 		61.5429
v 164.4884 		10.6577 		49.8986
v 162.3403 		5.6753 		61.735
v 161.692 		6.0969 		58.5563
v 162.1513 		5.0804 		62.5621
v 163.7855 		7.2971 		62.5621
v 161.3445 		9.4463 		49.8986
v 160.4941 		8.3457 		55.5287
v 161.4986 		6.0925 		58.6242
v 160.9261 		4.5874 		68.9264
v 160.7848 		8.2945 		56.7177
v 161.3209 		7.0309 		62.5621
v 160.788 		4.6208 		68.9762
v 160.6563 		6.852 		66.8648
v 160.5065 		6.4103 		66.6999
v 160.0036 		6.9746 		64.1398
v 160.7032 		6.3189 		67.5743
v 159.852 		6.9082 		64.1979
v 160.8418 		5.3208 		71.8702
v 160.3357 		5.3192 		75.0319
v 159.8956 		5.5296 		73.0286
v 160.1449 		5.0341 		74.9107
v 159.7755 		5.5111 		73.0712
v 163.313 		7.0265 		32.6694
v 171 		3.6605 		32.6694
v 155.8731 		10.0623 		41.9452
v 157.4427 		9.8629 		36.0081
v 157.4427 		10.3925 		32.6694
v 155.7857 		9.801 		43.9929
v 155.9552 		9.6527 		44.1511
v 156.7411 		6.2617 		14
v 157.4427 		6.3533 		14
v 158.1443 		6.2617 		14
v 158.7984 		5.9925 		14
v 159.3597 		5.5643 		14
v 159.7908 		5.0069 		14
v 160.0619 		4.3573 		14
v 160.1541 		3.6605 		14
v 160.0619 		2.9637 		14
v 159.7908 		2.3141 		14
v 159.3597 		1.7567 		14
v 159.776 		3.6605 		20.3591
v 159.6229 		4.2405 		21.6439
v 159.3468 		4.7523 		22.623
v 159.0383 		5.2452 		21.6436
v 158.6093 		5.6673 		20.3592
v 158.6093 		5.6673 		20.3591
v 154.8234 		4.3573 		14
v 155.0945 		5.0069 		14
v 155.5257 		5.5643 		14
v 156.0869 		5.9925 		14
v 158.0266 		5.8257 		21.6445
v 157.4427 		5.8441 		22.623
v 156.8587 		5.8257 		21.6445
v 156.276 		5.6673 		20.3591
v 150.664 		15.321 		32.6694
v 154.7312 		3.6605 		14
v 156.276 		5.6673 		20.3592
v 155.5257 		1.7567 		14
v 155.0945 		2.3141 		14
v 154.8234 		2.9637 		14
v 155.847 		5.2452 		21.6436
v 155.5386 		4.7523 		22.623
v 155.2625 		4.2405 		21.6439
v 155.1093 		3.6605 		20.3591
v 143.8853 		3.6605 		32.6694
v 151.5723 		7.0265 		32.6694
v 157.4427 		0.9677 		14
v 156.7411 		1.0593 		14
v 156.0869 		1.3285 		14
v 158.1443 		1.0593 		14
v 155.2625 		3.0805 		21.6439
v 155.5386 		2.5687 		22.623
v 155.847 		2.0758 		21.6436
v 156.276 		1.6537 		20.3592
v 156.276 		1.6537 		20.3591
v 150.664 		-8 		32.6694
v 151.5723 		0.2945 		32.6694
v 158.7984 		1.3285 		14
v 158.0266 		1.4953 		21.6445
v 157.4427 		1.4769 		22.623
v 158.6093 		1.6537 		20.3591
v 156.8587 		1.4953 		21.6445
v 164.2213 		-8 		32.6694
v 157.4427 		-3.0715 		32.6694
v 158.6093 		1.6537 		20.3592
v 159.0383 		2.0758 		21.6436
v 159.3468 		2.5687 		22.623
v 159.6229 		3.0805 		21.6439
v 163.1666 		-0.7014 		34.64
v 162.8512 		0.5593 		36.008
v 162.3983 		-2.3334 		41.9452
v 160.9266 		-0.8484 		52.0439
v 160.5342 		-1.6576 		55.7538
v 160.8922 		-0.6277 		52.1228
v 166.6637 		-3.3664 		41.9452
v 162.6433 		-3.0702 		56.7177
v 163.8098 		1.8095 		41.9452
v 163.4118 		1.9437 		44.1501
v 163.6253 		2.0151 		43.9922
v 159.8457 		-2.1007 		67.5743
v 163.3478 		0.5277 		49.8986
v 161.9583 		-0.2806 		56.7177
v 161.1116 		0.5604 		61.5438
v 158.0453 		-0.8836 		75.5524
v 161.6917 		1.2243 		58.5555
v 161.6482 		0.4557 		61.7358
v 161.0352 		0.321 		62.5621
v 161.5916 		1.3878 		58.6232
v 159.8935 		0.0095 		67.5743
v 167.0677 		1.099 		49.8986
v 163.7855 		0.0239 		62.5621
v 164.4389 		3.1975 		49.8986
v 163.0539 		3.3786 		55.5288
v 159.9927 		1.128 		68.9262
v 159.8146 		0.5907 		71.263
v 159.4534 		0.7665 		71.1218
v 159.3534 		0.611 		71.8702
v 161.2489 		-0.1195 		71.8702
v 163.1546 		3.1031 		56.7177
v 165.9126 		4.7679 		56.7177
v 162.3213 		2.01 		62.5621
v 161.8323 		2.4923 		66.8662
v 161.6128 		3.1153 		64.1393
v 161.3724 		2.4003 		66.7014
v 161.3911 		2.1859 		67.5743
v 163.6675 		2.8466 		67.5743
v 161.4794 		3.2122 		64.1973
v 160.3357 		2.0018 		75.0318
v 160.299 		2.4857 		73.028
v 159.9913 		2.0233 		74.9105
v 160.5898 		1.5673 		71.8702
v 159.9635 		1.8674 		75.5524
v 158.4833 		0.6051 		75.5524
v 161.7064 		1.9068 		75.5524
v 161.8518 		3.9427 		67.5743
v 161.3058 		4.1656 		71.263
v 160.9717 		3.9427 		71.1216
v 161.0574 		3.7789 		71.8702
v 162.6419 		5.0439 		71.8702
v 160.2668 		4.9322 		75.5524
v 160.6272 		3.0279 		75.5524
v 160.2229 		2.5797 		73.0707
v 157.0781 		4.0226 		87.1072
v 157.0939 		4.1118 		86.4125
v 157.4427 		3.6605 		90
v 157.5762 		4.1555 		87.1059
v 158.417 		4.9214 		82.2196
v 157.6621 		4.1866 		86.4098
v 157.941 		3.7931 		87.1061
v 159.0294 		3.453 		82.2196
v 159.1948 		3.6577 		80.1866
v 158.0111 		3.7348 		86.4101
v 157.8075 		3.2982 		87.106
v 158.3163 		2.1523 		80.1872
v 158.055 		2.1924 		82.2212
v 157.7918 		3.2086 		86.409
v 157.3091 		3.1655 		87.1059
v 157.2232 		3.1344 		86.4098
v 156.9443 		3.5279 		87.1061
v 156.8742 		3.5862 		86.4101
v 163.313 		0.2945 		32.6694
v 154.6938 		-3.5988 		41.9452
v 156.5009 		-3.4436 		34.64
v 157.4427 		-2.5419 		36.0081
v 155.9256 		-7.7839 		41.9452
v 154.1733 		-4.1776 		56.7177
v 154.351 		-1.6577 		55.7531
v 155.2524 		-1.5906 		52.0446
v 159.0122 		-2.7413 		41.9452
v 158.9301 		-2.3317 		44.1511
v 159.0996 		-2.48 		43.9929
v 155.4281 		-1.4503 		52.1239
v 153.6202 		-1.2868 		67.5743
v 157.6636 		-2.9845 		49.8986
v 156.2636 		-2.1932 		56.7177
v 156.5735 		-1.0447 		61.5435
v 153.7815 		0.8708 		75.5524
v 155.1098 		1.8099 		73.0712
v 154.9898 		1.7914 		73.0286
v 154.6185 		2.3888 		75.5524
v 155.8559 		3.868 		82.2196
v 153.5408 		-2.1253 		49.8986
v 154.3912 		-1.0247 		55.5287
v 160.5373 		-2.5885 		49.8986
v 160.0026 		-1.3066 		55.5295
v 149.7381 		2.3952 		41.9452
v 150.7771 		0.9183 		34.6399
v 146.7046 		-0.757 		41.9452
v 152.0341 		0.5593 		36.0079
v 151.2593 		3.6605 		55.7531
v 151.7686 		2.9186 		52.0439
v 148.9727 		2.5531 		56.7177
v 152.645 		-0.8903 		41.9452
v 151.9786 		2.8378 		52.123
v 152.9611 		-0.6151 		44.1505
v 152.9166 		-0.8344 		43.9926
v 151.2178 		4.4744 		67.5743
v 151.7584 		0.1479 		49.8986
v 151.7484 		1.7474 		56.7177
v 152.545 		1.6457 		61.735
v 153.1933 		1.2241 		58.5563
v 152.9048 		2.0551 		61.5429
v 152.7341 		2.2406 		62.5621
v 151.0999 		0.0239 		62.5621
v 153.3867 		1.2285 		58.6242
v 153.0335 		3.3783 		67.5743
v 153.5795 		3.1554 		71.263
v 153.9592 		2.7336 		68.9264
v 153.9136 		3.3783 		71.1216
v 153.828 		3.5421 		71.8702
v 152.2434 		2.2771 		71.8702
v 153.5644 		0.2901 		62.5621
v 152.487 		9.6544 		41.9452
v 151.7187 		8.0224 		34.64
v 148.2216 		10.6874 		41.9452
v 152.0341 		6.7617 		36.008
v 152.2421 		10.3912 		56.7177
v 154.3511 		8.9786 		55.7538
v 153.9588 		8.1694 		52.0439
v 151.0756 		5.5115 		41.9452
v 151.4735 		5.3773 		44.1501
v 151.5375 		6.7933 		49.8986
v 151.26 		5.3059 		43.9922
v 147.8176 		6.222 		49.8986
v 152.927 		7.6016 		56.7177
v 153.9932 		7.9487 		52.1228
v 153.2372 		6.8653 		61.7358
v 153.1937 		6.0967 		58.5555
v 153.7738 		6.7606 		61.5438
v 153.8501 		7 		62.5621
v 151.0999 		7.2971 		62.5621
v 150.4465 		4.1235 		49.8986
v 151.8314 		3.9424 		55.5288
v 151.7308 		4.2179 		56.7177
v 152.564 		5.311 		62.5621
v 153.2938 		5.9331 		58.6232
v 153.053 		4.8287 		66.8662
v 153.2726 		4.2057 		64.1393
v 153.5129 		4.9207 		66.7014
v 153.4943 		5.1351 		67.5743
v 153.4059 		4.1088 		64.1973
v 154.6624 		4.7413 		73.0707
v 154.5863 		4.8353 		73.028
v 155.0396 		9.4211 		67.5743
v 156.84 		8.2046 		75.5524
v 154.9325 		6.0574 		68.9763
v 154.8926 		6.193 		68.9262
v 154.2956 		5.7537 		71.8702
v 153.6364 		7.4405 		71.8702
v 154.9919 		7.3115 		67.5743
v 155.0707 		6.7303 		71.263
v 155.432 		6.5545 		71.1218
v 155.532 		6.71 		71.8702
v 156.4021 		6.7156 		75.5524
v 154.5498 		5.3191 		75.0324
v 154.8941 		5.2975 		74.9113
v 154.9219 		5.4532 		75.5524
v 156.8304 		5.1283 		82.2214
v 156.5694 		5.1682 		80.1896
v 154.348 		9.9095 		49.8986
v 154.8827 		8.6276 		55.5295
v 155.0725 		8.8519 		56.7177
v 154.8634 		13.2193 		49.8986
v 156.9952 		6.5923 		73.0703
v 157.039 		6.7045 		73.0277
v 157.7458 		6.7253 		75.5524
v 158.3844 		10.7646 		34.64
v 157.2217 		10.3055 		49.8986
v 158.9597 		15.1049 		41.9452
v 160.712 		11.4986 		56.7177
v 161.2652 		8.6072 		67.5743
v 158.6217 		9.5142 		56.7177
v 158.3118 		8.3657 		61.5435
v 161.1038 		6.4502 		75.5524
v 157.3499 		8.3648 		58.6241
v 157.4427 		8.5332 		58.5562
v 158.1346 		8.8801 		61.7357
v 158.5588 		8.4198 		62.5621
v 159.4012 		7.5937 		67.5743
v 157.4427 		10.9338 		62.5621
v 158.9338 		7.2354 		71.2631
v 158.9611 		6.8368 		71.1216
v 158.3759 		7.1196 		68.9257
v 160.0219 		-5.8983 		49.8986
v 157.4427 		-1.2122 		58.5562
v 156.7508 		-1.5591 		61.7357
v 156.3266 		-1.0988 		62.5621
v 157.4427 		-3.6128 		62.5621
v 157.5355 		-1.0438 		58.6241
v 155.4842 		-0.2732 		67.5743
v 155.9515 		0.0856 		71.2631
v 156.5095 		0.2014 		68.9257
v 155.9243 		0.4838 		71.1217
v 155.7385 		0.4921 		71.8702
v 156.0496 		-1.5029 		71.8702
v 159.8128 		-1.5309 		56.7177
v 158.4427 		-1.3603 		62.5621
v 156.6074 		0.3032 		68.9754
v 159.0524 		-0.1989 		64.1391
v 158.6191 		-0.6992 		66.8653
v 158.3087 		-0.3494 		66.7004
v 158.1308 		-0.4728 		67.5743
v 159.0703 		-0.0356 		64.1972
v 157.191 		-0.093 		71.8702
v 157.4427 		0.343 		75.0318
v 157.8463 		0.6165 		73.0277
v 157.2894 		0.6497 		74.9105
v 157.1396 		0.5957 		75.5524
v 155.2986 		1.238 		75.5524
v 157.8902 		0.7287 		73.0704
v 156.4688 		2.4 		82.222
v 156.5644 		2.1555 		80.19
v 150.3969 		-3.3367 		49.8986
v 154.1006 		-0.9735 		56.7177
v 154.2291 		0.469 		66.865
v 154.8821 		0.3464 		64.1388
v 154.3789 		0.9108 		66.7001
v 154.1822 		1.0021 		67.5743
v 155.0332 		0.4126 		64.1968
v 159.9528 		1.2636 		68.9763
v 154.0435 		2.0002 		71.8702
v 154.0973 		2.7002 		68.9762
v 154.2581 		4.2931 		75.5524
v 153.1789 		5.4142 		75.5524
v 155.6905 		3.6633 		80.1866
v 155.815 		7.3566 		64.1973
v 155.8328 		7.5196 		64.1393
v 156.2663 		8.0201 		66.8656
v 156.5767 		7.6704 		66.7004
v 156.7546 		7.7939 		67.5743
v 157.4427 		6.978 		75.0318
v 157.5959 		6.6713 		74.9105
v 159.1469 		6.8285 		71.8702
v 158.8357 		8.8239 		71.8702
v 156.4426 		8.6813 		62.5621
v 158.278 		7.0178 		68.9754
v 157.6944 		7.414 		71.8702
v 159.5868 		6.083 		75.5524
v 158.3213 		5.1662 		80.1857
v 154.5496 		2.0018 		75.0319
v 154.7405 		2.2869 		74.9107
# 359 vertices

g group_19_1206582

usemtl color_1206582
s 0

f 5226 	5227 	5224
f 5224 	5228 	5225
f 5228 	5224 	5227
f 5233 	5230 	5229
f 5233 	5231 	5230
f 5243 	5239 	5233
f 5234 	5361 	5235
f 5238 	5233 	5237
f 5233 	5229 	5232
f 5232 	5237 	5233
f 5236 	5238 	5237
f 5231 	5233 	5240
f 5239 	5240 	5233
f 5233 	5238 	5243
f 5361 	5234 	5239
f 5240 	5239 	5234
f 5239 	5241 	5361
f 5249 	5244 	5238
f 5239 	5243 	5241
f 5245 	5361 	5241
f 5245 	5241 	5243
f 5242 	5238 	5236
f 5247 	5242 	5236
f 5243 	5238 	5244
f 5249 	5238 	5242
f 5242 	5252 	5249
f 5244 	5246 	5243
f 5246 	5245 	5243
f 5248 	5242 	5247
f 5251 	5242 	5248
f 5246 	5244 	5252
f 5249 	5252 	5244
f 5250 	5377 	5245
f 5253 	5250 	5245
f 5253 	5245 	5246
f 5248 	5228 	5251
f 5251 	5228 	5511
f 5258 	5256 	5251
f 5242 	5254 	5252
f 5256 	5254 	5251
f 5257 	5246 	5255
f 5253 	5259 	5250
f 5252 	5254 	5255
f 5242 	5251 	5254
f 5252 	5255 	5246
f 5257 	5255 	5254
f 5257 	5254 	5512
f 5254 	5256 	5512
f 5246 	5259 	5253
f 5261 	5260 	5257
f 5246 	5257 	5260
f 5260 	5262 	5259
f 5260 	5259 	5246
f 5261 	5515 	5260
f 5262 	5260 	5381
f 5257 	5263 	5261
f 5230 	5264 	5229
f 5265 	5264 	5230
f 5231 	5265 	5230
f 5234 	5235 	5231
f 5265 	5231 	5235
f 5231 	5240 	5234
f 5264 	5225 	5229
f 5229 	5225 	5232
f 5237 	5232 	5236
f 5225 	5247 	5236
f 5236 	5232 	5225
f 5247 	5225 	5228
f 5248 	5247 	5228
f 5268 	5296 	5267
f 5270 	5266 	5269
f 5296 	5269 	5266
f 5284 	5285 	5264
f 5225 	5264 	5285
f 5285 	5286 	5225
f 5287 	5225 	5286
f 5293 	5294 	5268
f 5296 	5268 	5294
f 5294 	5295 	5296
f 5295 	5298 	5296
f 5268 	5225 	5292
f 5293 	5268 	5292
f 5292 	5225 	5287
f 5282 	5283 	5265
f 5284 	5264 	5283
f 5264 	5265 	5283
f 5307 	5303 	5304
f 5306 	5307 	5304
f 5304 	5305 	5306
f 5313 	5314 	5318
f 5317 	5318 	5314
f 5314 	5315 	5317
f 5315 	5316 	5317
f 5317 	5323 	5325
f 5306 	5312 	5318
f 5312 	5306 	5305
f 5313 	5318 	5312
f 5307 	5296 	5302
f 5307 	5302 	5303
f 5298 	5302 	5296
f 5321 	5320 	5325
f 5324 	5325 	5320
f 5322 	5324 	5320
f 5322 	5326 	5324
f 5326 	5327 	5324
f 5328 	5402 	5327
f 5321 	5325 	5323
f 5316 	5323 	5317
f 5338 	5336 	5331
f 5333 	5337 	5334
f 5330 	5336 	5332
f 5330 	5331 	5336
f 5339 	5336 	5338
f 5342 	5336 	5339
f 5332 	5336 	5335
f 5335 	5343 	5333
f 5340 	5342 	5339
f 5337 	5333 	5343
f 5544 	5537 	5337
f 5336 	5343 	5335
f 5349 	5346 	5342
f 5336 	5347 	5343
f 5343 	5344 	5337
f 5348 	5337 	5344
f 5341 	5540 	5350
f 5351 	5340 	5353
f 5336 	5342 	5347
f 5346 	5347 	5342
f 5344 	5343 	5347
f 5347 	5346 	5352
f 5348 	5347 	5352
f 5344 	5347 	5348
f 5346 	5349 	5362
f 5362 	5352 	5346
f 5561 	5355 	5348
f 5350 	5544 	5337
f 5337 	5356 	5350
f 5358 	5341 	5357
f 5340 	5351 	5342
f 5362 	5349 	5351
f 5349 	5342 	5351
f 5353 	5354 	5351
f 5352 	5561 	5348
f 5355 	5356 	5348
f 5337 	5348 	5356
f 5357 	5350 	5356
f 5350 	5357 	5341
f 5355 	5359 	5356
f 5358 	5356 	5359
f 5357 	5356 	5358
f 5354 	5360 	5351
f 5360 	5354 	5235
f 5360 	5235 	5361
f 5368 	5364 	5360
f 5364 	5363 	5360
f 5351 	5360 	5363
f 5363 	5365 	5362
f 5363 	5362 	5351
f 5366 	5352 	5365
f 5362 	5365 	5352
f 5364 	5367 	5363
f 5366 	5365 	5363
f 5366 	5363 	5367
f 5370 	5369 	5366
f 5352 	5366 	5369
f 5369 	5371 	5372
f 5369 	5372 	5352
f 5359 	5372 	5371
f 5359 	5371 	5373
f 5551 	5341 	5374
f 5370 	5375 	5369
f 5373 	5369 	5375
f 5371 	5369 	5373
f 5376 	5368 	5361
f 5368 	5360 	5361
f 5361 	5245 	5377
f 5377 	5378 	5376
f 5377 	5376 	5361
f 5379 	5367 	5378
f 5367 	5376 	5378
f 5250 	5380 	5377
f 5379 	5377 	5380
f 5379 	5378 	5377
f 5250 	5259 	5380
f 5381 	5380 	5262
f 5259 	5262 	5380
f 5370 	5383 	5382
f 5370 	5382 	5375
f 5345 	5547 	5374
f 5386 	5515 	5389
f 5388 	5389 	5515
f 5507 	5486 	5387
f 5389 	5387 	5386
f 5385 	5384 	5386
f 5390 	5380 	5381
f 5393 	5392 	5380
f 5390 	5393 	5380
f 5379 	5392 	5367
f 5391 	5367 	5392
f 5391 	5382 	5367
f 5392 	5379 	5380
f 5386 	5375 	5393
f 5391 	5393 	5375
f 5392 	5393 	5391
f 5382 	5391 	5375
f 5394 	5359 	5373
f 5358 	5395 	5341
f 5396 	5341 	5395
f 5396 	5374 	5341
f 5395 	5359 	5397
f 5358 	5359 	5395
f 5394 	5397 	5359
f 5395 	5397 	5396
f 5345 	5396 	5397
f 5345 	5397 	5386
f 5374 	5396 	5345
f 5386 	5398 	5345
f 5375 	5386 	5394
f 5394 	5373 	5375
f 5397 	5394 	5386
f 5381 	5515 	5390
f 5386 	5390 	5515
f 5386 	5393 	5390
f 5386 	5418 	5399
f 5386 	5401 	5400
f 5386 	5400 	5418
f 5399 	5398 	5386
f 5549 	5345 	5398
f 5331 	5330 	5402
f 5402 	5330 	5324
f 5332 	5324 	5330
f 5333 	5334 	5332
f 5335 	5333 	5332
f 5324 	5332 	5334
f 5403 	5404 	5406
f 5404 	5405 	5406
f 5410 	5406 	5405
f 5403 	5406 	5413
f 5409 	5407 	5408
f 5410 	5411 	5406
f 5409 	5416 	5407
f 5413 	5416 	5409
f 5415 	5406 	5411
f 5525 	5415 	5412
f 5530 	5526 	5415
f 5413 	5406 	5416
f 5416 	5417 	5407
f 5528 	5407 	5417
f 5566 	5401 	5422
f 5422 	5401 	5565
f 5408 	5423 	5317
f 5423 	5437 	5317
f 5408 	5424 	5423
f 5405 	5325 	5324
f 5411 	5410 	5412
f 5410 	5324 	5412
f 5410 	5405 	5324
f 5412 	5324 	5425
f 5334 	5426 	5425
f 5334 	5425 	5324
f 5353 	5340 	5265
f 5265 	5235 	5353
f 5354 	5353 	5235
f 5265 	5340 	5338
f 5339 	5338 	5340
f 5338 	5331 	5265
f 5265 	5331 	5402
f 5427 	5428 	5429
f 5428 	5430 	5429
f 5432 	5433 	5431
f 5429 	5430 	5434
f 5434 	5436 	5429
f 5435 	5427 	5429
f 5435 	5440 	5432
f 5436 	5439 	5429
f 5433 	5432 	5440
f 5436 	5437 	5439
f 5440 	5435 	5429
f 5446 	5442 	5439
f 5442 	5441 	5439
f 5429 	5439 	5441
f 5441 	5443 	5440
f 5441 	5440 	5429
f 5444 	5433 	5443
f 5440 	5443 	5433
f 5442 	5445 	5441
f 5444 	5443 	5441
f 5444 	5441 	5445
f 5446 	5453 	5442
f 5433 	5447 	5482
f 5438 	5479 	5447
f 5563 	5449 	5444
f 5449 	5448 	5444
f 5433 	5444 	5448
f 5433 	5448 	5447
f 5450 	5447 	5448
f 5451 	5438 	5450
f 5447 	5450 	5438
f 5449 	5452 	5448
f 5451 	5448 	5452
f 5451 	5450 	5448
f 5445 	5442 	5453
f 5559 	5445 	5558
f 5453 	5558 	5445
f 5432 	5431 	5427
f 5435 	5432 	5427
f 5306 	5427 	5431
f 5454 	5455 	5456
f 5457 	5456 	5455
f 5461 	5456 	5457
f 5460 	5458 	5459
f 5462 	5463 	5456
f 5462 	5456 	5461
f 5463 	5462 	5464
f 5463 	5464 	5465
f 5466 	5467 	5456
f 5454 	5456 	5467
f 5458 	5460 	5466
f 5467 	5466 	5460
f 5477 	5469 	5463
f 5469 	5468 	5463
f 5456 	5463 	5468
f 5456 	5468 	5466
f 5470 	5466 	5468
f 5471 	5458 	5470
f 5466 	5470 	5458
f 5469 	5472 	5468
f 5471 	5470 	5468
f 5471 	5468 	5472
f 5465 	5464 	5473
f 5475 	5465 	5474
f 5474 	5465 	5473
f 5475 	5474 	5431
f 5475 	5431 	5433
f 5482 	5479 	5475
f 5477 	5463 	5465
f 5476 	5477 	5465
f 5472 	5469 	5476
f 5477 	5476 	5469
f 5479 	5478 	5475
f 5465 	5475 	5478
f 5465 	5478 	5476
f 5480 	5476 	5478
f 5481 	5472 	5480
f 5476 	5480 	5472
f 5478 	5479 	5438
f 5481 	5478 	5438
f 5481 	5480 	5478
f 5475 	5433 	5482
f 5482 	5447 	5479
f 5487 	5488 	5471
f 5489 	5487 	5472
f 5481 	5483 	5484
f 5484 	5496 	5481
f 5483 	5481 	5438
f 5483 	5564 	5484
f 5492 	5491 	5458
f 5485 	5568 	5491
f 5494 	5485 	5493
f 5488 	5492 	5471
f 5458 	5471 	5492
f 5471 	5472 	5487
f 5487 	5489 	5488
f 5489 	5490 	5488
f 5492 	5493 	5491
f 5491 	5493 	5485
f 5488 	5490 	5492
f 5494 	5492 	5490
f 5494 	5493 	5492
f 5505 	5485 	5495
f 5500 	5485 	5494
f 5472 	5481 	5496
f 5472 	5496 	5489
f 5497 	5489 	5496
f 5497 	5490 	5489
f 5498 	5490 	5497
f 5484 	5565 	5496
f 5498 	5497 	5496
f 5486 	5506 	5495
f 5485 	5499 	5495
f 5485 	5500 	5499
f 5494 	5490 	5500
f 5495 	5499 	5486
f 5387 	5575 	5507
f 5386 	5387 	5486
f 5455 	5454 	5296
f 5307 	5455 	5296
f 5457 	5455 	5307
f 5460 	5459 	5454
f 5296 	5454 	5459
f 5467 	5460 	5454
f 5501 	5502 	5504
f 5503 	5504 	5502
f 5503 	5502 	5459
f 5503 	5459 	5458
f 5567 	5568 	5503
f 5491 	5567 	5458
f 5503 	5458 	5567
f 5505 	5495 	5506
f 5574 	5580 	5512
f 5580 	5575 	5389
f 5389 	5388 	5580
f 5266 	5267 	5296
f 5501 	5269 	5296
f 5296 	5459 	5501
f 5502 	5501 	5459
f 5307 	5306 	5457
f 5461 	5457 	5306
f 5462 	5461 	5464
f 5473 	5464 	5306
f 5461 	5306 	5464
f 5306 	5431 	5473
f 5431 	5474 	5473
f 5318 	5317 	5430
f 5434 	5430 	5317
f 5437 	5434 	5317
f 5436 	5434 	5437
f 5266 	5510 	5267
f 5269 	5501 	5504
f 5508 	5267 	5510
f 5266 	5270 	5510
f 5509 	5510 	5270
f 5226 	5513 	5227
f 5227 	5511 	5228
f 5224 	5508 	5510
f 5224 	5510 	5226
f 5518 	5513 	5510
f 5226 	5510 	5513
f 5510 	5509 	5518
f 5511 	5227 	5513
f 5514 	5511 	5513
f 5511 	5514 	5519
f 5258 	5520 	5256
f 5381 	5260 	5515
f 5270 	5269 	5509
f 5509 	5516 	5517
f 5576 	5516 	5504
f 5517 	5516 	5576
f 5518 	5509 	5517
f 5514 	5513 	5518
f 5521 	5518 	5517
f 5514 	5518 	5519
f 5520 	5258 	5511
f 5258 	5251 	5511
f 5512 	5256 	5520
f 5511 	5522 	5520
f 5520 	5523 	5512
f 5523 	5574 	5512
f 5579 	5263 	5512
f 5263 	5579 	5261
f 5515 	5261 	5579
f 5504 	5509 	5269
f 5509 	5504 	5516
f 5521 	5517 	5576
f 5519 	5518 	5521
f 5577 	5524 	5519
f 5571 	5521 	5570
f 5523 	5520 	5522
f 5524 	5522 	5519
f 5511 	5519 	5522
f 5411 	5412 	5415
f 5555 	5407 	5560
f 5525 	5412 	5425
f 5406 	5415 	5527
f 5526 	5527 	5415
f 5406 	5527 	5416
f 5417 	5416 	5527
f 5527 	5526 	5529
f 5528 	5527 	5529
f 5417 	5527 	5528
f 5525 	5425 	5426
f 5530 	5415 	5525
f 5529 	5526 	5538
f 5530 	5538 	5526
f 5539 	5533 	5528
f 5533 	5532 	5528
f 5407 	5528 	5532
f 5532 	5534 	5531
f 5532 	5531 	5407
f 5535 	5414 	5534
f 5531 	5534 	5414
f 5533 	5536 	5532
f 5535 	5534 	5532
f 5535 	5532 	5536
f 5426 	5537 	5525
f 5337 	5537 	5334
f 5426 	5334 	5537
f 5525 	5538 	5530
f 5544 	5540 	5537
f 5525 	5541 	5538
f 5539 	5528 	5529
f 5539 	5545 	5533
f 5540 	5541 	5537
f 5525 	5537 	5541
f 5542 	5538 	5541
f 5538 	5542 	5529
f 5543 	5529 	5542
f 5540 	5341 	5541
f 5543 	5542 	5541
f 5543 	5541 	5341
f 5544 	5350 	5540
f 5545 	5539 	5529
f 5536 	5533 	5545
f 5551 	5547 	5543
f 5547 	5546 	5543
f 5529 	5543 	5546
f 5529 	5546 	5545
f 5548 	5545 	5546
f 5543 	5341 	5551
f 5536 	5545 	5548
f 5536 	5548 	5549
f 5546 	5547 	5345
f 5549 	5546 	5345
f 5549 	5548 	5546
f 5551 	5374 	5547
f 5418 	5420 	5550
f 5419 	5550 	5420
f 5398 	5536 	5549
f 5398 	5399 	5536
f 5535 	5553 	5414
f 5552 	5414 	5553
f 5552 	5550 	5414
f 5553 	5536 	5399
f 5535 	5536 	5553
f 5553 	5399 	5552
f 5550 	5552 	5418
f 5399 	5418 	5552
f 5421 	5400 	5452
f 5401 	5566 	5452
f 5400 	5401 	5452
f 5386 	5565 	5401
f 5400 	5421 	5418
f 5403 	5317 	5404
f 5325 	5404 	5317
f 5404 	5325 	5405
f 5409 	5408 	5403
f 5413 	5409 	5403
f 5317 	5403 	5408
f 5439 	5437 	5554
f 5554 	5437 	5423
f 5555 	5554 	5424
f 5423 	5424 	5554
f 5446 	5439 	5554
f 5424 	5408 	5555
f 5407 	5555 	5408
f 5560 	5557 	5555
f 5554 	5453 	5446
f 5557 	5556 	5555
f 5554 	5555 	5556
f 5554 	5556 	5453
f 5558 	5453 	5556
f 5556 	5557 	5414
f 5559 	5558 	5556
f 5559 	5556 	5414
f 5531 	5560 	5407
f 5402 	5329 	5265
f 5328 	5329 	5402
f 5282 	5265 	5329
f 5324 	5327 	5402
f 5368 	5376 	5364
f 5367 	5364 	5376
f 5366 	5367 	5383
f 5382 	5383 	5367
f 5383 	5370 	5366
f 5372 	5561 	5352
f 5355 	5561 	5372
f 5355 	5372 	5359
f 5562 	5563 	5445
f 5444 	5445 	5563
f 5452 	5449 	5562
f 5563 	5562 	5449
f 5562 	5582 	5452
f 5564 	5483 	5438
f 5484 	5564 	5565
f 5498 	5496 	5565
f 5384 	5385 	5490
f 5500 	5490 	5385
f 5490 	5498 	5384
f 5499 	5385 	5486
f 5500 	5385 	5499
f 5386 	5486 	5385
f 5386 	5384 	5565
f 5498 	5565 	5384
f 5451 	5566 	5438
f 5438 	5566 	5422
f 5422 	5564 	5438
f 5566 	5451 	5452
f 5564 	5422 	5565
f 5318 	5428 	5306
f 5306 	5428 	5427
f 5430 	5428 	5318
f 5568 	5569 	5503
f 5504 	5503 	5569
f 5567 	5491 	5568
f 5570 	5576 	5569
f 5576 	5570 	5521
f 5569 	5568 	5485
f 5571 	5569 	5485
f 5571 	5570 	5569
f 5505 	5506 	5571
f 5571 	5485 	5505
f 5573 	5578 	5572
f 5521 	5572 	5578
f 5506 	5572 	5571
f 5521 	5571 	5572
f 5507 	5575 	5573
f 5507 	5573 	5572
f 5507 	5572 	5486
f 5572 	5506 	5486
f 5577 	5519 	5521
f 5574 	5523 	5522
f 5574 	5522 	5575
f 5524 	5575 	5522
f 5504 	5569 	5576
f 5578 	5577 	5521
f 5524 	5577 	5578
f 5524 	5578 	5575
f 5578 	5573 	5575
f 5257 	5512 	5263
f 5388 	5512 	5580
f 5579 	5512 	5388
f 5387 	5389 	5575
f 5575 	5580 	5574
f 5579 	5388 	5515
f 5508 	5224 	5225
f 5268 	5508 	5225
f 5267 	5508 	5268
f 5557 	5560 	5531
f 5557 	5531 	5414
f 5419 	5420 	5559
f 5550 	5419 	5414
f 5420 	5581 	5559
f 5445 	5559 	5581
f 5581 	5582 	5562
f 5445 	5581 	5562
f 5559 	5414 	5419
f 5421 	5452 	5582
f 5420 	5418 	5581
f 5418 	5421 	5581
f 5421 	5582 	5581
# 640 faces

g group_19_11107152

usemtl color_11107152
s 0

f 5273 	5274 	5272
f 5274 	5275 	5272
f 5271 	5272 	5275
f 5271 	5275 	5276
f 5271 	5276 	5277
f 5271 	5277 	5278
f 5271 	5278 	5279
f 5271 	5279 	5280
f 5271 	5280 	5281
f 5271 	5281 	5291
f 5278 	5282 	5279
f 5277 	5283 	5282
f 5277 	5282 	5278
f 5276 	5284 	5283
f 5276 	5283 	5277
f 5284 	5276 	5285
f 5275 	5285 	5276
f 5275 	5274 	5286
f 5275 	5286 	5285
f 5274 	5273 	5287
f 5274 	5287 	5286
f 5272 	5271 	5294
f 5290 	5297 	5289
f 5291 	5299 	5290
f 5273 	5292 	5287
f 5293 	5292 	5272
f 5273 	5272 	5292
f 5272 	5294 	5293
f 5298 	5295 	5291
f 5291 	5295 	5271
f 5294 	5271 	5295
f 5288 	5289 	5297
f 5298 	5291 	5290
f 5303 	5302 	5289
f 5303 	5289 	5304
f 5288 	5304 	5289
f 5297 	5305 	5288
f 5301 	5290 	5300
f 5297 	5290 	5301
f 5300 	5290 	5299
f 5281 	5319 	5291
f 5290 	5302 	5298
f 5290 	5289 	5302
f 5304 	5288 	5305
f 5301 	5305 	5297
f 5313 	5312 	5300
f 5299 	5314 	5300
f 5310 	5291 	5309
f 5299 	5291 	5310
f 5309 	5291 	5308
f 5319 	5311 	5291
f 5301 	5312 	5305
f 5301 	5300 	5312
f 5313 	5300 	5314
f 5315 	5299 	5310
f 5299 	5315 	5314
f 5323 	5316 	5309
f 5310 	5316 	5315
f 5308 	5291 	5311
f 5311 	5320 	5308
f 5326 	5322 	5319
f 5311 	5319 	5322
f 5319 	5281 	5326
f 5327 	5326 	5281
f 5310 	5309 	5316
f 5321 	5323 	5308
f 5309 	5308 	5323
f 5308 	5320 	5321
f 5320 	5311 	5322
f 5327 	5281 	5280
f 5327 	5280 	5328
f 5328 	5280 	5329
f 5279 	5329 	5280
f 5279 	5282 	5329
# 74 faces

 #end of obj_19

o obj_20
v 154.1916 		28.9198 		41.9452
v 158.2213 		33.321 		32.6694
v 153.4572 		26.7713 		52.1239
v 153.633 		26.9116 		52.0446
v 154.5344 		26.9787 		55.7531
v 156.8512 		24.7617 		36.0079
v 158.1082 		24.4027 		34.6399
v 159.1472 		22.9258 		41.9452
v 156.2403 		26.2113 		41.9452
v 162.1808 		26.078 		41.9452
v 157.1167 		22.4024 		52.0439
v 157.626 		21.6605 		55.7531
v 155.9687 		26.1554 		43.9926
v 155.9243 		25.9361 		44.1505
v 157.127 		25.1731 		49.8986
v 157.1369 		23.5736 		56.7177
v 156.9067 		22.4832 		52.123
v 155.9805 		23.2659 		61.5429
v 158.4884 		28.6577 		49.8986
v 156.3403 		23.6753 		61.735
v 155.692 		24.0969 		58.5563
v 156.1513 		23.0804 		62.5621
v 157.7855 		25.2971 		62.5621
v 155.3445 		27.4463 		49.8986
v 154.4941 		26.3457 		55.5287
v 155.4986 		24.0925 		58.6242
v 154.9261 		22.5874 		68.9264
v 154.7848 		26.2945 		56.7177
v 155.3209 		25.0309 		62.5621
v 154.788 		22.6208 		68.9762
v 154.6563 		24.852 		66.8648
v 154.5065 		24.4103 		66.6999
v 154.0036 		24.9746 		64.1398
v 154.7032 		24.3189 		67.5743
v 153.852 		24.9082 		64.1979
v 154.8418 		23.3208 		71.8702
v 154.3357 		23.3192 		75.0319
v 153.8956 		23.5296 		73.0286
v 154.1449 		23.0341 		74.9107
v 153.7755 		23.5111 		73.0712
v 157.313 		25.0265 		32.6694
v 165 		21.6605 		32.6694
v 149.8731 		28.0623 		41.9452
v 151.4427 		27.8629 		36.0081
v 151.4427 		28.3925 		32.6694
v 149.7857 		27.801 		43.9929
v 149.9552 		27.6527 		44.1511
v 150.7411 		24.2617 		14
v 151.4427 		24.3533 		14
v 152.1443 		24.2617 		14
v 152.7984 		23.9925 		14
v 153.3597 		23.5643 		14
v 153.7908 		23.0069 		14
v 154.0619 		22.3573 		14
v 154.1541 		21.6605 		14
v 154.0619 		20.9637 		14
v 153.7908 		20.3141 		14
v 153.3597 		19.7567 		14
v 153.776 		21.6605 		20.3591
v 153.6229 		22.2405 		21.6439
v 153.3468 		22.7523 		22.623
v 153.0383 		23.2452 		21.6436
v 152.6093 		23.6673 		20.3592
v 152.6093 		23.6673 		20.3591
v 148.8234 		22.3573 		14
v 149.0945 		23.0069 		14
v 149.5257 		23.5643 		14
v 150.0869 		23.9925 		14
v 152.0266 		23.8257 		21.6445
v 151.4427 		23.8441 		22.623
v 150.8587 		23.8257 		21.6445
v 150.276 		23.6673 		20.3591
v 144.664 		33.321 		32.6694
v 148.7312 		21.6605 		14
v 150.276 		23.6673 		20.3592
v 149.5257 		19.7567 		14
v 149.0945 		20.3141 		14
v 148.8234 		20.9637 		14
v 149.847 		23.2452 		21.6436
v 149.5386 		22.7523 		22.623
v 149.2625 		22.2405 		21.6439
v 149.1093 		21.6605 		20.3591
v 137.8853 		21.6605 		32.6694
v 145.5723 		25.0265 		32.6694
v 151.4427 		18.9677 		14
v 150.7411 		19.0593 		14
v 150.0869 		19.3285 		14
v 152.1443 		19.0593 		14
v 149.2625 		21.0805 		21.6439
v 149.5386 		20.5687 		22.623
v 149.847 		20.0758 		21.6436
v 150.276 		19.6537 		20.3592
v 150.276 		19.6537 		20.3591
v 144.664 		10 		32.6694
v 145.5723 		18.2945 		32.6694
v 152.7984 		19.3285 		14
v 152.0266 		19.4953 		21.6445
v 151.4427 		19.4769 		22.623
v 152.6093 		19.6537 		20.3591
v 150.8587 		19.4953 		21.6445
v 158.2213 		10 		32.6694
v 151.4427 		14.9285 		32.6694
v 152.6093 		19.6537 		20.3592
v 153.0383 		20.0758 		21.6436
v 153.3468 		20.5687 		22.623
v 153.6229 		21.0805 		21.6439
v 157.1666 		17.2986 		34.64
v 156.8512 		18.5593 		36.008
v 156.3983 		15.6666 		41.9452
v 154.9266 		17.1516 		52.0439
v 154.5342 		16.3424 		55.7538
v 154.8922 		17.3723 		52.1228
v 160.6637 		14.6336 		41.9452
v 156.6433 		14.9298 		56.7177
v 157.8098 		19.8095 		41.9452
v 157.4118 		19.9437 		44.1501
v 157.6253 		20.0151 		43.9922
v 153.8457 		15.8993 		67.5743
v 157.3478 		18.5277 		49.8986
v 155.9583 		17.7194 		56.7177
v 155.1116 		18.5604 		61.5438
v 152.0453 		17.1164 		75.5524
v 155.6917 		19.2243 		58.5555
v 155.6482 		18.4557 		61.7358
v 155.0352 		18.321 		62.5621
v 155.5916 		19.3878 		58.6232
v 153.8935 		18.0095 		67.5743
v 161.0677 		19.099 		49.8986
v 157.7855 		18.0239 		62.5621
v 158.4389 		21.1975 		49.8986
v 157.0539 		21.3786 		55.5288
v 153.9927 		19.128 		68.9262
v 153.8146 		18.5907 		71.263
v 153.4534 		18.7665 		71.1218
v 153.3534 		18.611 		71.8702
v 155.2489 		17.8805 		71.8702
v 157.1546 		21.1031 		56.7177
v 159.9126 		22.7679 		56.7177
v 156.3213 		20.01 		62.5621
v 155.8323 		20.4923 		66.8662
v 155.6128 		21.1153 		64.1393
v 155.3724 		20.4003 		66.7014
v 155.3911 		20.1859 		67.5743
v 157.6675 		20.8466 		67.5743
v 155.4794 		21.2122 		64.1973
v 154.3357 		20.0018 		75.0318
v 154.299 		20.4857 		73.028
v 153.9913 		20.0233 		74.9105
v 154.5898 		19.5673 		71.8702
v 153.9635 		19.8674 		75.5524
v 152.4833 		18.6051 		75.5524
v 155.7064 		19.9068 		75.5524
v 155.8518 		21.9427 		67.5743
v 155.3058 		22.1656 		71.263
v 154.9717 		21.9427 		71.1216
v 155.0574 		21.7789 		71.8702
v 156.6419 		23.0439 		71.8702
v 154.2668 		22.9322 		75.5524
v 154.6272 		21.0279 		75.5524
v 154.2229 		20.5797 		73.0707
v 151.0781 		22.0226 		87.1072
v 151.0939 		22.1118 		86.4125
v 151.4427 		21.6605 		90
v 151.5762 		22.1555 		87.1059
v 152.417 		22.9214 		82.2196
v 151.6621 		22.1866 		86.4098
v 151.941 		21.7931 		87.1061
v 153.0294 		21.453 		82.2196
v 153.1948 		21.6577 		80.1866
v 152.0111 		21.7348 		86.4101
v 151.8075 		21.2982 		87.106
v 152.3163 		20.1523 		80.1872
v 152.055 		20.1924 		82.2212
v 151.7918 		21.2086 		86.409
v 151.3091 		21.1655 		87.1059
v 151.2232 		21.1344 		86.4098
v 150.9443 		21.5279 		87.1061
v 150.8742 		21.5862 		86.4101
v 157.313 		18.2945 		32.6694
v 148.6938 		14.4012 		41.9452
v 150.5009 		14.5564 		34.64
v 151.4427 		15.4581 		36.0081
v 149.9256 		10.2161 		41.9452
v 148.1733 		13.8224 		56.7177
v 148.351 		16.3423 		55.7531
v 149.2524 		16.4094 		52.0446
v 153.0122 		15.2587 		41.9452
v 152.9301 		15.6683 		44.1511
v 153.0996 		15.52 		43.9929
v 149.4281 		16.5497 		52.1239
v 147.6202 		16.7132 		67.5743
v 151.6636 		15.0155 		49.8986
v 150.2636 		15.8068 		56.7177
v 150.5735 		16.9553 		61.5435
v 147.7815 		18.8708 		75.5524
v 149.1098 		19.8099 		73.0712
v 148.9898 		19.7914 		73.0286
v 148.6185 		20.3888 		75.5524
v 149.8559 		21.868 		82.2196
v 147.5408 		15.8747 		49.8986
v 148.3912 		16.9753 		55.5287
v 154.5373 		15.4115 		49.8986
v 154.0026 		16.6934 		55.5295
v 143.7381 		20.3952 		41.9452
v 144.7771 		18.9183 		34.6399
v 140.7046 		17.243 		41.9452
v 146.0341 		18.5593 		36.0079
v 145.2593 		21.6605 		55.7531
v 145.7686 		20.9186 		52.0439
v 142.9727 		20.5531 		56.7177
v 146.645 		17.1097 		41.9452
v 145.9786 		20.8378 		52.123
v 146.9611 		17.3849 		44.1505
v 146.9166 		17.1656 		43.9926
v 145.2178 		22.4744 		67.5743
v 145.7584 		18.1479 		49.8986
v 145.7484 		19.7474 		56.7177
v 146.545 		19.6457 		61.735
v 147.1933 		19.2241 		58.5563
v 146.9048 		20.0551 		61.5429
v 146.7341 		20.2406 		62.5621
v 145.0999 		18.0239 		62.5621
v 147.3867 		19.2285 		58.6242
v 147.0335 		21.3783 		67.5743
v 147.5795 		21.1554 		71.263
v 147.9592 		20.7336 		68.9264
v 147.9136 		21.3783 		71.1216
v 147.828 		21.5421 		71.8702
v 146.2434 		20.2771 		71.8702
v 147.5644 		18.2901 		62.5621
v 146.487 		27.6544 		41.9452
v 145.7187 		26.0224 		34.64
v 142.2216 		28.6874 		41.9452
v 146.0341 		24.7617 		36.008
v 146.2421 		28.3912 		56.7177
v 148.3511 		26.9786 		55.7538
v 147.9588 		26.1694 		52.0439
v 145.0756 		23.5115 		41.9452
v 145.4735 		23.3773 		44.1501
v 145.5375 		24.7933 		49.8986
v 145.26 		23.3059 		43.9922
v 141.8176 		24.222 		49.8986
v 146.927 		25.6016 		56.7177
v 147.9932 		25.9487 		52.1228
v 147.2372 		24.8653 		61.7358
v 147.1937 		24.0967 		58.5555
v 147.7738 		24.7606 		61.5438
v 147.8501 		25 		62.5621
v 145.0999 		25.2971 		62.5621
v 144.4465 		22.1235 		49.8986
v 145.8314 		21.9424 		55.5288
v 145.7308 		22.2179 		56.7177
v 146.564 		23.311 		62.5621
v 147.2938 		23.9331 		58.6232
v 147.053 		22.8287 		66.8662
v 147.2726 		22.2057 		64.1393
v 147.5129 		22.9207 		66.7014
v 147.4943 		23.1351 		67.5743
v 147.4059 		22.1088 		64.1973
v 148.6624 		22.7413 		73.0707
v 148.5863 		22.8353 		73.028
v 149.0396 		27.4211 		67.5743
v 150.84 		26.2046 		75.5524
v 148.9325 		24.0574 		68.9763
v 148.8926 		24.193 		68.9262
v 148.2956 		23.7537 		71.8702
v 147.6364 		25.4405 		71.8702
v 148.9919 		25.3115 		67.5743
v 149.0707 		24.7303 		71.263
v 149.432 		24.5545 		71.1218
v 149.532 		24.71 		71.8702
v 150.4021 		24.7156 		75.5524
v 148.5498 		23.3191 		75.0324
v 148.8941 		23.2975 		74.9113
v 148.9219 		23.4532 		75.5524
v 150.8304 		23.1283 		82.2214
v 150.5694 		23.1682 		80.1896
v 148.348 		27.9095 		49.8986
v 148.8827 		26.6276 		55.5295
v 149.0725 		26.8519 		56.7177
v 148.8634 		31.2193 		49.8986
v 150.9952 		24.5923 		73.0703
v 151.039 		24.7045 		73.0277
v 151.7458 		24.7253 		75.5524
v 152.3844 		28.7646 		34.64
v 151.2217 		28.3055 		49.8986
v 152.9597 		33.1049 		41.9452
v 154.712 		29.4986 		56.7177
v 155.2652 		26.6072 		67.5743
v 152.6217 		27.5142 		56.7177
v 152.3118 		26.3657 		61.5435
v 155.1038 		24.4502 		75.5524
v 151.3499 		26.3648 		58.6241
v 151.4427 		26.5332 		58.5562
v 152.1346 		26.8801 		61.7357
v 152.5588 		26.4198 		62.5621
v 153.4012 		25.5937 		67.5743
v 151.4427 		28.9338 		62.5621
v 152.9338 		25.2354 		71.2631
v 152.9611 		24.8368 		71.1216
v 152.3759 		25.1196 		68.9257
v 154.0219 		12.1017 		49.8986
v 151.4427 		16.7878 		58.5562
v 150.7508 		16.4409 		61.7357
v 150.3266 		16.9012 		62.5621
v 151.4427 		14.3872 		62.5621
v 151.5355 		16.9562 		58.6241
v 149.4842 		17.7268 		67.5743
v 149.9515 		18.0856 		71.2631
v 150.5095 		18.2014 		68.9257
v 149.9243 		18.4838 		71.1217
v 149.7385 		18.4921 		71.8702
v 150.0496 		16.4971 		71.8702
v 153.8128 		16.4691 		56.7177
v 152.4427 		16.6397 		62.5621
v 150.6074 		18.3032 		68.9754
v 153.0524 		17.8011 		64.1391
v 152.6191 		17.3008 		66.8653
v 152.3087 		17.6506 		66.7004
v 152.1308 		17.5272 		67.5743
v 153.0703 		17.9644 		64.1972
v 151.191 		17.907 		71.8702
v 151.4427 		18.343 		75.0318
v 151.8463 		18.6165 		73.0277
v 151.2894 		18.6497 		74.9105
v 151.1396 		18.5957 		75.5524
v 149.2986 		19.238 		75.5524
v 151.8902 		18.7287 		73.0704
v 150.4688 		20.4 		82.222
v 150.5644 		20.1555 		80.19
v 144.3969 		14.6633 		49.8986
v 148.1006 		17.0265 		56.7177
v 148.2291 		18.469 		66.865
v 148.8821 		18.3464 		64.1388
v 148.3789 		18.9108 		66.7001
v 148.1822 		19.0021 		67.5743
v 149.0332 		18.4126 		64.1968
v 153.9528 		19.2636 		68.9763
v 148.0435 		20.0002 		71.8702
v 148.0973 		20.7002 		68.9762
v 148.2581 		22.2931 		75.5524
v 147.1789 		23.4142 		75.5524
v 149.6905 		21.6633 		80.1866
v 149.815 		25.3566 		64.1973
v 149.8328 		25.5196 		64.1393
v 150.2663 		26.0201 		66.8656
v 150.5767 		25.6704 		66.7004
v 150.7546 		25.7939 		67.5743
v 151.4427 		24.978 		75.0318
v 151.5959 		24.6713 		74.9105
v 153.1469 		24.8285 		71.8702
v 152.8357 		26.8239 		71.8702
v 150.4426 		26.6813 		62.5621
v 152.278 		25.0178 		68.9754
v 151.6944 		25.414 		71.8702
v 153.5868 		24.083 		75.5524
v 152.3213 		23.1662 		80.1857
v 148.5496 		20.0018 		75.0319
v 148.7405 		20.2869 		74.9107
# 359 vertices

g group_20_1206582

usemtl color_1206582
s 0

f 5585 	5586 	5583
f 5583 	5587 	5584
f 5587 	5583 	5586
f 5592 	5589 	5588
f 5592 	5590 	5589
f 5602 	5598 	5592
f 5593 	5720 	5594
f 5597 	5592 	5596
f 5592 	5588 	5591
f 5591 	5596 	5592
f 5595 	5597 	5596
f 5590 	5592 	5599
f 5598 	5599 	5592
f 5592 	5597 	5602
f 5720 	5593 	5598
f 5599 	5598 	5593
f 5598 	5600 	5720
f 5608 	5603 	5597
f 5598 	5602 	5600
f 5604 	5720 	5600
f 5604 	5600 	5602
f 5601 	5597 	5595
f 5606 	5601 	5595
f 5602 	5597 	5603
f 5608 	5597 	5601
f 5601 	5611 	5608
f 5603 	5605 	5602
f 5605 	5604 	5602
f 5607 	5601 	5606
f 5610 	5601 	5607
f 5605 	5603 	5611
f 5608 	5611 	5603
f 5609 	5736 	5604
f 5612 	5609 	5604
f 5612 	5604 	5605
f 5607 	5587 	5610
f 5610 	5587 	5870
f 5617 	5615 	5610
f 5601 	5613 	5611
f 5615 	5613 	5610
f 5616 	5605 	5614
f 5612 	5618 	5609
f 5611 	5613 	5614
f 5601 	5610 	5613
f 5611 	5614 	5605
f 5616 	5614 	5613
f 5616 	5613 	5871
f 5613 	5615 	5871
f 5605 	5618 	5612
f 5620 	5619 	5616
f 5605 	5616 	5619
f 5619 	5621 	5618
f 5619 	5618 	5605
f 5620 	5874 	5619
f 5621 	5619 	5740
f 5616 	5622 	5620
f 5589 	5623 	5588
f 5624 	5623 	5589
f 5590 	5624 	5589
f 5593 	5594 	5590
f 5624 	5590 	5594
f 5590 	5599 	5593
f 5623 	5584 	5588
f 5588 	5584 	5591
f 5596 	5591 	5595
f 5584 	5606 	5595
f 5595 	5591 	5584
f 5606 	5584 	5587
f 5607 	5606 	5587
f 5627 	5655 	5626
f 5629 	5625 	5628
f 5655 	5628 	5625
f 5643 	5644 	5623
f 5584 	5623 	5644
f 5644 	5645 	5584
f 5646 	5584 	5645
f 5652 	5653 	5627
f 5655 	5627 	5653
f 5653 	5654 	5655
f 5654 	5657 	5655
f 5627 	5584 	5651
f 5652 	5627 	5651
f 5651 	5584 	5646
f 5641 	5642 	5624
f 5643 	5623 	5642
f 5623 	5624 	5642
f 5666 	5662 	5663
f 5665 	5666 	5663
f 5663 	5664 	5665
f 5672 	5673 	5677
f 5676 	5677 	5673
f 5673 	5674 	5676
f 5674 	5675 	5676
f 5676 	5682 	5684
f 5665 	5671 	5677
f 5671 	5665 	5664
f 5672 	5677 	5671
f 5666 	5655 	5661
f 5666 	5661 	5662
f 5657 	5661 	5655
f 5680 	5679 	5684
f 5683 	5684 	5679
f 5681 	5683 	5679
f 5681 	5685 	5683
f 5685 	5686 	5683
f 5687 	5761 	5686
f 5680 	5684 	5682
f 5675 	5682 	5676
f 5697 	5695 	5690
f 5692 	5696 	5693
f 5689 	5695 	5691
f 5689 	5690 	5695
f 5698 	5695 	5697
f 5701 	5695 	5698
f 5691 	5695 	5694
f 5694 	5702 	5692
f 5699 	5701 	5698
f 5696 	5692 	5702
f 5903 	5896 	5696
f 5695 	5702 	5694
f 5708 	5705 	5701
f 5695 	5706 	5702
f 5702 	5703 	5696
f 5707 	5696 	5703
f 5700 	5899 	5709
f 5710 	5699 	5712
f 5695 	5701 	5706
f 5705 	5706 	5701
f 5703 	5702 	5706
f 5706 	5705 	5711
f 5707 	5706 	5711
f 5703 	5706 	5707
f 5705 	5708 	5721
f 5721 	5711 	5705
f 5920 	5714 	5707
f 5709 	5903 	5696
f 5696 	5715 	5709
f 5717 	5700 	5716
f 5699 	5710 	5701
f 5721 	5708 	5710
f 5708 	5701 	5710
f 5712 	5713 	5710
f 5711 	5920 	5707
f 5714 	5715 	5707
f 5696 	5707 	5715
f 5716 	5709 	5715
f 5709 	5716 	5700
f 5714 	5718 	5715
f 5717 	5715 	5718
f 5716 	5715 	5717
f 5713 	5719 	5710
f 5719 	5713 	5594
f 5719 	5594 	5720
f 5727 	5723 	5719
f 5723 	5722 	5719
f 5710 	5719 	5722
f 5722 	5724 	5721
f 5722 	5721 	5710
f 5725 	5711 	5724
f 5721 	5724 	5711
f 5723 	5726 	5722
f 5725 	5724 	5722
f 5725 	5722 	5726
f 5729 	5728 	5725
f 5711 	5725 	5728
f 5728 	5730 	5731
f 5728 	5731 	5711
f 5718 	5731 	5730
f 5718 	5730 	5732
f 5910 	5700 	5733
f 5729 	5734 	5728
f 5732 	5728 	5734
f 5730 	5728 	5732
f 5735 	5727 	5720
f 5727 	5719 	5720
f 5720 	5604 	5736
f 5736 	5737 	5735
f 5736 	5735 	5720
f 5738 	5726 	5737
f 5726 	5735 	5737
f 5609 	5739 	5736
f 5738 	5736 	5739
f 5738 	5737 	5736
f 5609 	5618 	5739
f 5740 	5739 	5621
f 5618 	5621 	5739
f 5729 	5742 	5741
f 5729 	5741 	5734
f 5704 	5906 	5733
f 5745 	5874 	5748
f 5747 	5748 	5874
f 5866 	5845 	5746
f 5748 	5746 	5745
f 5744 	5743 	5745
f 5749 	5739 	5740
f 5752 	5751 	5739
f 5749 	5752 	5739
f 5738 	5751 	5726
f 5750 	5726 	5751
f 5750 	5741 	5726
f 5751 	5738 	5739
f 5745 	5734 	5752
f 5750 	5752 	5734
f 5751 	5752 	5750
f 5741 	5750 	5734
f 5753 	5718 	5732
f 5717 	5754 	5700
f 5755 	5700 	5754
f 5755 	5733 	5700
f 5754 	5718 	5756
f 5717 	5718 	5754
f 5753 	5756 	5718
f 5754 	5756 	5755
f 5704 	5755 	5756
f 5704 	5756 	5745
f 5733 	5755 	5704
f 5745 	5757 	5704
f 5734 	5745 	5753
f 5753 	5732 	5734
f 5756 	5753 	5745
f 5740 	5874 	5749
f 5745 	5749 	5874
f 5745 	5752 	5749
f 5745 	5777 	5758
f 5745 	5760 	5759
f 5745 	5759 	5777
f 5758 	5757 	5745
f 5908 	5704 	5757
f 5690 	5689 	5761
f 5761 	5689 	5683
f 5691 	5683 	5689
f 5692 	5693 	5691
f 5694 	5692 	5691
f 5683 	5691 	5693
f 5762 	5763 	5765
f 5763 	5764 	5765
f 5769 	5765 	5764
f 5762 	5765 	5772
f 5768 	5766 	5767
f 5769 	5770 	5765
f 5768 	5775 	5766
f 5772 	5775 	5768
f 5774 	5765 	5770
f 5884 	5774 	5771
f 5889 	5885 	5774
f 5772 	5765 	5775
f 5775 	5776 	5766
f 5887 	5766 	5776
f 5925 	5760 	5781
f 5781 	5760 	5924
f 5767 	5782 	5676
f 5782 	5796 	5676
f 5767 	5783 	5782
f 5764 	5684 	5683
f 5770 	5769 	5771
f 5769 	5683 	5771
f 5769 	5764 	5683
f 5771 	5683 	5784
f 5693 	5785 	5784
f 5693 	5784 	5683
f 5712 	5699 	5624
f 5624 	5594 	5712
f 5713 	5712 	5594
f 5624 	5699 	5697
f 5698 	5697 	5699
f 5697 	5690 	5624
f 5624 	5690 	5761
f 5786 	5787 	5788
f 5787 	5789 	5788
f 5791 	5792 	5790
f 5788 	5789 	5793
f 5793 	5795 	5788
f 5794 	5786 	5788
f 5794 	5799 	5791
f 5795 	5798 	5788
f 5792 	5791 	5799
f 5795 	5796 	5798
f 5799 	5794 	5788
f 5805 	5801 	5798
f 5801 	5800 	5798
f 5788 	5798 	5800
f 5800 	5802 	5799
f 5800 	5799 	5788
f 5803 	5792 	5802
f 5799 	5802 	5792
f 5801 	5804 	5800
f 5803 	5802 	5800
f 5803 	5800 	5804
f 5805 	5812 	5801
f 5792 	5806 	5841
f 5797 	5838 	5806
f 5922 	5808 	5803
f 5808 	5807 	5803
f 5792 	5803 	5807
f 5792 	5807 	5806
f 5809 	5806 	5807
f 5810 	5797 	5809
f 5806 	5809 	5797
f 5808 	5811 	5807
f 5810 	5807 	5811
f 5810 	5809 	5807
f 5804 	5801 	5812
f 5918 	5804 	5917
f 5812 	5917 	5804
f 5791 	5790 	5786
f 5794 	5791 	5786
f 5665 	5786 	5790
f 5813 	5814 	5815
f 5816 	5815 	5814
f 5820 	5815 	5816
f 5819 	5817 	5818
f 5821 	5822 	5815
f 5821 	5815 	5820
f 5822 	5821 	5823
f 5822 	5823 	5824
f 5825 	5826 	5815
f 5813 	5815 	5826
f 5817 	5819 	5825
f 5826 	5825 	5819
f 5836 	5828 	5822
f 5828 	5827 	5822
f 5815 	5822 	5827
f 5815 	5827 	5825
f 5829 	5825 	5827
f 5830 	5817 	5829
f 5825 	5829 	5817
f 5828 	5831 	5827
f 5830 	5829 	5827
f 5830 	5827 	5831
f 5824 	5823 	5832
f 5834 	5824 	5833
f 5833 	5824 	5832
f 5834 	5833 	5790
f 5834 	5790 	5792
f 5841 	5838 	5834
f 5836 	5822 	5824
f 5835 	5836 	5824
f 5831 	5828 	5835
f 5836 	5835 	5828
f 5838 	5837 	5834
f 5824 	5834 	5837
f 5824 	5837 	5835
f 5839 	5835 	5837
f 5840 	5831 	5839
f 5835 	5839 	5831
f 5837 	5838 	5797
f 5840 	5837 	5797
f 5840 	5839 	5837
f 5834 	5792 	5841
f 5841 	5806 	5838
f 5846 	5847 	5830
f 5848 	5846 	5831
f 5840 	5842 	5843
f 5843 	5855 	5840
f 5842 	5840 	5797
f 5842 	5923 	5843
f 5851 	5850 	5817
f 5844 	5927 	5850
f 5853 	5844 	5852
f 5847 	5851 	5830
f 5817 	5830 	5851
f 5830 	5831 	5846
f 5846 	5848 	5847
f 5848 	5849 	5847
f 5851 	5852 	5850
f 5850 	5852 	5844
f 5847 	5849 	5851
f 5853 	5851 	5849
f 5853 	5852 	5851
f 5864 	5844 	5854
f 5859 	5844 	5853
f 5831 	5840 	5855
f 5831 	5855 	5848
f 5856 	5848 	5855
f 5856 	5849 	5848
f 5857 	5849 	5856
f 5843 	5924 	5855
f 5857 	5856 	5855
f 5845 	5865 	5854
f 5844 	5858 	5854
f 5844 	5859 	5858
f 5853 	5849 	5859
f 5854 	5858 	5845
f 5746 	5934 	5866
f 5745 	5746 	5845
f 5814 	5813 	5655
f 5666 	5814 	5655
f 5816 	5814 	5666
f 5819 	5818 	5813
f 5655 	5813 	5818
f 5826 	5819 	5813
f 5860 	5861 	5863
f 5862 	5863 	5861
f 5862 	5861 	5818
f 5862 	5818 	5817
f 5926 	5927 	5862
f 5850 	5926 	5817
f 5862 	5817 	5926
f 5864 	5854 	5865
f 5933 	5939 	5871
f 5939 	5934 	5748
f 5748 	5747 	5939
f 5625 	5626 	5655
f 5860 	5628 	5655
f 5655 	5818 	5860
f 5861 	5860 	5818
f 5666 	5665 	5816
f 5820 	5816 	5665
f 5821 	5820 	5823
f 5832 	5823 	5665
f 5820 	5665 	5823
f 5665 	5790 	5832
f 5790 	5833 	5832
f 5677 	5676 	5789
f 5793 	5789 	5676
f 5796 	5793 	5676
f 5795 	5793 	5796
f 5625 	5869 	5626
f 5628 	5860 	5863
f 5867 	5626 	5869
f 5625 	5629 	5869
f 5868 	5869 	5629
f 5585 	5872 	5586
f 5586 	5870 	5587
f 5583 	5867 	5869
f 5583 	5869 	5585
f 5877 	5872 	5869
f 5585 	5869 	5872
f 5869 	5868 	5877
f 5870 	5586 	5872
f 5873 	5870 	5872
f 5870 	5873 	5878
f 5617 	5879 	5615
f 5740 	5619 	5874
f 5629 	5628 	5868
f 5868 	5875 	5876
f 5935 	5875 	5863
f 5876 	5875 	5935
f 5877 	5868 	5876
f 5873 	5872 	5877
f 5880 	5877 	5876
f 5873 	5877 	5878
f 5879 	5617 	5870
f 5617 	5610 	5870
f 5871 	5615 	5879
f 5870 	5881 	5879
f 5879 	5882 	5871
f 5882 	5933 	5871
f 5938 	5622 	5871
f 5622 	5938 	5620
f 5874 	5620 	5938
f 5863 	5868 	5628
f 5868 	5863 	5875
f 5880 	5876 	5935
f 5878 	5877 	5880
f 5936 	5883 	5878
f 5930 	5880 	5929
f 5882 	5879 	5881
f 5883 	5881 	5878
f 5870 	5878 	5881
f 5770 	5771 	5774
f 5914 	5766 	5919
f 5884 	5771 	5784
f 5765 	5774 	5886
f 5885 	5886 	5774
f 5765 	5886 	5775
f 5776 	5775 	5886
f 5886 	5885 	5888
f 5887 	5886 	5888
f 5776 	5886 	5887
f 5884 	5784 	5785
f 5889 	5774 	5884
f 5888 	5885 	5897
f 5889 	5897 	5885
f 5898 	5892 	5887
f 5892 	5891 	5887
f 5766 	5887 	5891
f 5891 	5893 	5890
f 5891 	5890 	5766
f 5894 	5773 	5893
f 5890 	5893 	5773
f 5892 	5895 	5891
f 5894 	5893 	5891
f 5894 	5891 	5895
f 5785 	5896 	5884
f 5696 	5896 	5693
f 5785 	5693 	5896
f 5884 	5897 	5889
f 5903 	5899 	5896
f 5884 	5900 	5897
f 5898 	5887 	5888
f 5898 	5904 	5892
f 5899 	5900 	5896
f 5884 	5896 	5900
f 5901 	5897 	5900
f 5897 	5901 	5888
f 5902 	5888 	5901
f 5899 	5700 	5900
f 5902 	5901 	5900
f 5902 	5900 	5700
f 5903 	5709 	5899
f 5904 	5898 	5888
f 5895 	5892 	5904
f 5910 	5906 	5902
f 5906 	5905 	5902
f 5888 	5902 	5905
f 5888 	5905 	5904
f 5907 	5904 	5905
f 5902 	5700 	5910
f 5895 	5904 	5907
f 5895 	5907 	5908
f 5905 	5906 	5704
f 5908 	5905 	5704
f 5908 	5907 	5905
f 5910 	5733 	5906
f 5777 	5779 	5909
f 5778 	5909 	5779
f 5757 	5895 	5908
f 5757 	5758 	5895
f 5894 	5912 	5773
f 5911 	5773 	5912
f 5911 	5909 	5773
f 5912 	5895 	5758
f 5894 	5895 	5912
f 5912 	5758 	5911
f 5909 	5911 	5777
f 5758 	5777 	5911
f 5780 	5759 	5811
f 5760 	5925 	5811
f 5759 	5760 	5811
f 5745 	5924 	5760
f 5759 	5780 	5777
f 5762 	5676 	5763
f 5684 	5763 	5676
f 5763 	5684 	5764
f 5768 	5767 	5762
f 5772 	5768 	5762
f 5676 	5762 	5767
f 5798 	5796 	5913
f 5913 	5796 	5782
f 5914 	5913 	5783
f 5782 	5783 	5913
f 5805 	5798 	5913
f 5783 	5767 	5914
f 5766 	5914 	5767
f 5919 	5916 	5914
f 5913 	5812 	5805
f 5916 	5915 	5914
f 5913 	5914 	5915
f 5913 	5915 	5812
f 5917 	5812 	5915
f 5915 	5916 	5773
f 5918 	5917 	5915
f 5918 	5915 	5773
f 5890 	5919 	5766
f 5761 	5688 	5624
f 5687 	5688 	5761
f 5641 	5624 	5688
f 5683 	5686 	5761
f 5727 	5735 	5723
f 5726 	5723 	5735
f 5725 	5726 	5742
f 5741 	5742 	5726
f 5742 	5729 	5725
f 5731 	5920 	5711
f 5714 	5920 	5731
f 5714 	5731 	5718
f 5921 	5922 	5804
f 5803 	5804 	5922
f 5811 	5808 	5921
f 5922 	5921 	5808
f 5921 	5941 	5811
f 5923 	5842 	5797
f 5843 	5923 	5924
f 5857 	5855 	5924
f 5743 	5744 	5849
f 5859 	5849 	5744
f 5849 	5857 	5743
f 5858 	5744 	5845
f 5859 	5744 	5858
f 5745 	5845 	5744
f 5745 	5743 	5924
f 5857 	5924 	5743
f 5810 	5925 	5797
f 5797 	5925 	5781
f 5781 	5923 	5797
f 5925 	5810 	5811
f 5923 	5781 	5924
f 5677 	5787 	5665
f 5665 	5787 	5786
f 5789 	5787 	5677
f 5927 	5928 	5862
f 5863 	5862 	5928
f 5926 	5850 	5927
f 5929 	5935 	5928
f 5935 	5929 	5880
f 5928 	5927 	5844
f 5930 	5928 	5844
f 5930 	5929 	5928
f 5864 	5865 	5930
f 5930 	5844 	5864
f 5932 	5937 	5931
f 5880 	5931 	5937
f 5865 	5931 	5930
f 5880 	5930 	5931
f 5866 	5934 	5932
f 5866 	5932 	5931
f 5866 	5931 	5845
f 5931 	5865 	5845
f 5936 	5878 	5880
f 5933 	5882 	5881
f 5933 	5881 	5934
f 5883 	5934 	5881
f 5863 	5928 	5935
f 5937 	5936 	5880
f 5883 	5936 	5937
f 5883 	5937 	5934
f 5937 	5932 	5934
f 5616 	5871 	5622
f 5747 	5871 	5939
f 5938 	5871 	5747
f 5746 	5748 	5934
f 5934 	5939 	5933
f 5938 	5747 	5874
f 5867 	5583 	5584
f 5627 	5867 	5584
f 5626 	5867 	5627
f 5916 	5919 	5890
f 5916 	5890 	5773
f 5778 	5779 	5918
f 5909 	5778 	5773
f 5779 	5940 	5918
f 5804 	5918 	5940
f 5940 	5941 	5921
f 5804 	5940 	5921
f 5918 	5773 	5778
f 5780 	5811 	5941
f 5779 	5777 	5940
f 5777 	5780 	5940
f 5780 	5941 	5940
# 640 faces

g group_20_11107152

usemtl color_11107152
s 0

f 5632 	5633 	5631
f 5633 	5634 	5631
f 5630 	5631 	5634
f 5630 	5634 	5635
f 5630 	5635 	5636
f 5630 	5636 	5637
f 5630 	5637 	5638
f 5630 	5638 	5639
f 5630 	5639 	5640
f 5630 	5640 	5650
f 5637 	5641 	5638
f 5636 	5642 	5641
f 5636 	5641 	5637
f 5635 	5643 	5642
f 5635 	5642 	5636
f 5643 	5635 	5644
f 5634 	5644 	5635
f 5634 	5633 	5645
f 5634 	5645 	5644
f 5633 	5632 	5646
f 5633 	5646 	5645
f 5631 	5630 	5653
f 5649 	5656 	5648
f 5650 	5658 	5649
f 5632 	5651 	5646
f 5652 	5651 	5631
f 5632 	5631 	5651
f 5631 	5653 	5652
f 5657 	5654 	5650
f 5650 	5654 	5630
f 5653 	5630 	5654
f 5647 	5648 	5656
f 5657 	5650 	5649
f 5662 	5661 	5648
f 5662 	5648 	5663
f 5647 	5663 	5648
f 5656 	5664 	5647
f 5660 	5649 	5659
f 5656 	5649 	5660
f 5659 	5649 	5658
f 5640 	5678 	5650
f 5649 	5661 	5657
f 5649 	5648 	5661
f 5663 	5647 	5664
f 5660 	5664 	5656
f 5672 	5671 	5659
f 5658 	5673 	5659
f 5669 	5650 	5668
f 5658 	5650 	5669
f 5668 	5650 	5667
f 5678 	5670 	5650
f 5660 	5671 	5664
f 5660 	5659 	5671
f 5672 	5659 	5673
f 5674 	5658 	5669
f 5658 	5674 	5673
f 5682 	5675 	5668
f 5669 	5675 	5674
f 5667 	5650 	5670
f 5670 	5679 	5667
f 5685 	5681 	5678
f 5670 	5678 	5681
f 5678 	5640 	5685
f 5686 	5685 	5640
f 5669 	5668 	5675
f 5680 	5682 	5667
f 5668 	5667 	5682
f 5667 	5679 	5680
f 5679 	5670 	5681
f 5686 	5640 	5639
f 5686 	5639 	5687
f 5687 	5639 	5688
f 5638 	5688 	5639
f 5638 	5641 	5688
# 74 faces

 #end of obj_20

o obj_21
v 163.1916 		47.5988 		41.9452
v 167.2213 		52 		32.6694
v 162.4572 		45.4503 		52.1239
v 162.633 		45.5906 		52.0446
v 163.5344 		45.6577 		55.7531
v 165.8512 		43.4407 		36.0079
v 167.1082 		43.0817 		34.6399
v 168.1472 		41.6048 		41.9452
v 165.2403 		44.8903 		41.9452
v 171.1808 		44.757 		41.9452
v 166.1167 		41.0814 		52.0439
v 166.626 		40.3395 		55.7531
v 164.9687 		44.8344 		43.9926
v 164.9243 		44.6151 		44.1505
v 166.127 		43.8521 		49.8986
v 166.1369 		42.2526 		56.7177
v 165.9067 		41.1622 		52.123
v 164.9805 		41.9449 		61.5429
v 167.4884 		47.3367 		49.8986
v 165.3403 		42.3543 		61.735
v 164.692 		42.7759 		58.5563
v 165.1513 		41.7594 		62.5621
v 166.7855 		43.9761 		62.5621
v 164.3445 		46.1253 		49.8986
v 163.4941 		45.0247 		55.5287
v 164.4986 		42.7715 		58.6242
v 163.9261 		41.2664 		68.9264
v 163.7848 		44.9735 		56.7177
v 164.3209 		43.7099 		62.5621
v 163.788 		41.2998 		68.9762
v 163.6563 		43.531 		66.8648
v 163.5065 		43.0893 		66.6999
v 163.0036 		43.6536 		64.1398
v 163.7032 		42.9979 		67.5743
v 162.852 		43.5872 		64.1979
v 163.8418 		41.9998 		71.8702
v 163.3357 		41.9982 		75.0319
v 162.8956 		42.2086 		73.0286
v 163.1449 		41.7131 		74.9107
v 162.7755 		42.1901 		73.0712
v 166.313 		43.7055 		32.6694
v 174 		40.3395 		32.6694
v 158.8731 		46.7413 		41.9452
v 160.4427 		46.5419 		36.0081
v 160.4427 		47.0715 		32.6694
v 158.7857 		46.48 		43.9929
v 158.9552 		46.3317 		44.1511
v 159.7411 		42.9407 		14
v 160.4427 		43.0323 		14
v 161.1443 		42.9407 		14
v 161.7984 		42.6715 		14
v 162.3597 		42.2433 		14
v 162.7908 		41.6859 		14
v 163.0619 		41.0363 		14
v 163.1541 		40.3395 		14
v 163.0619 		39.6427 		14
v 162.7908 		38.9931 		14
v 162.3597 		38.4357 		14
v 162.776 		40.3395 		20.3591
v 162.6229 		40.9195 		21.6439
v 162.3468 		41.4313 		22.623
v 162.0383 		41.9242 		21.6436
v 161.6093 		42.3463 		20.3592
v 161.6093 		42.3463 		20.3591
v 157.8234 		41.0363 		14
v 158.0945 		41.6859 		14
v 158.5257 		42.2433 		14
v 159.0869 		42.6715 		14
v 161.0266 		42.5047 		21.6445
v 160.4427 		42.5231 		22.623
v 159.8587 		42.5047 		21.6445
v 159.276 		42.3463 		20.3591
v 153.664 		52 		32.6694
v 157.7312 		40.3395 		14
v 159.276 		42.3463 		20.3592
v 158.5257 		38.4357 		14
v 158.0945 		38.9931 		14
v 157.8234 		39.6427 		14
v 158.847 		41.9242 		21.6436
v 158.5386 		41.4313 		22.623
v 158.2625 		40.9195 		21.6439
v 158.1093 		40.3395 		20.3591
v 146.8853 		40.3395 		32.6694
v 154.5723 		43.7055 		32.6694
v 160.4427 		37.6467 		14
v 159.7411 		37.7383 		14
v 159.0869 		38.0075 		14
v 161.1443 		37.7383 		14
v 158.2625 		39.7595 		21.6439
v 158.5386 		39.2477 		22.623
v 158.847 		38.7548 		21.6436
v 159.276 		38.3327 		20.3592
v 159.276 		38.3327 		20.3591
v 153.664 		28.679 		32.6694
v 154.5723 		36.9735 		32.6694
v 161.7984 		38.0075 		14
v 161.0266 		38.1743 		21.6445
v 160.4427 		38.1559 		22.623
v 161.6093 		38.3327 		20.3591
v 159.8587 		38.1743 		21.6445
v 167.2213 		28.679 		32.6694
v 160.4427 		33.6075 		32.6694
v 161.6093 		38.3327 		20.3592
v 162.0383 		38.7548 		21.6436
v 162.3468 		39.2477 		22.623
v 162.6229 		39.7595 		21.6439
v 166.1666 		35.9776 		34.64
v 165.8512 		37.2383 		36.008
v 165.3983 		34.3456 		41.9452
v 163.9266 		35.8306 		52.0439
v 163.5342 		35.0214 		55.7538
v 163.8922 		36.0513 		52.1228
v 169.6637 		33.3126 		41.9452
v 165.6433 		33.6088 		56.7177
v 166.8098 		38.4885 		41.9452
v 166.4118 		38.6227 		44.1501
v 166.6253 		38.6941 		43.9922
v 162.8457 		34.5783 		67.5743
v 166.3478 		37.2067 		49.8986
v 164.9583 		36.3984 		56.7177
v 164.1116 		37.2394 		61.5438
v 161.0453 		35.7954 		75.5524
v 164.6917 		37.9033 		58.5555
v 164.6482 		37.1347 		61.7358
v 164.0352 		37 		62.5621
v 164.5916 		38.0669 		58.6232
v 162.8935 		36.6885 		67.5743
v 170.0677 		37.778 		49.8986
v 166.7855 		36.7029 		62.5621
v 167.4389 		39.8765 		49.8986
v 166.0539 		40.0576 		55.5288
v 162.9927 		37.807 		68.9262
v 162.8146 		37.2697 		71.263
v 162.4534 		37.4455 		71.1218
v 162.3534 		37.29 		71.8702
v 164.2489 		36.5595 		71.8702
v 166.1546 		39.7821 		56.7177
v 168.9126 		41.4469 		56.7177
v 165.3213 		38.689 		62.5621
v 164.8323 		39.1713 		66.8662
v 164.6128 		39.7943 		64.1393
v 164.3724 		39.0793 		66.7014
v 164.3911 		38.8649 		67.5743
v 166.6675 		39.5256 		67.5743
v 164.4794 		39.8912 		64.1973
v 163.3357 		38.6808 		75.0318
v 163.299 		39.1647 		73.028
v 162.9913 		38.7023 		74.9105
v 163.5898 		38.2463 		71.8702
v 162.9635 		38.5464 		75.5524
v 161.4833 		37.2841 		75.5524
v 164.7064 		38.5858 		75.5524
v 164.8518 		40.6217 		67.5743
v 164.3058 		40.8446 		71.263
v 163.9717 		40.6217 		71.1216
v 164.0574 		40.4579 		71.8702
v 165.6419 		41.7229 		71.8702
v 163.2668 		41.6112 		75.5524
v 163.6272 		39.7069 		75.5524
v 163.2229 		39.2587 		73.0707
v 160.0781 		40.7016 		87.1072
v 160.0939 		40.7908 		86.4125
v 160.4427 		40.3395 		90
v 160.5762 		40.8345 		87.1059
v 161.417 		41.6004 		82.2196
v 160.6621 		40.8656 		86.4098
v 160.941 		40.4721 		87.1061
v 162.0294 		40.132 		82.2196
v 162.1948 		40.3367 		80.1866
v 161.0111 		40.4138 		86.4101
v 160.8075 		39.9772 		87.106
v 161.3163 		38.8313 		80.1872
v 161.055 		38.8714 		82.2212
v 160.7918 		39.8876 		86.409
v 160.3091 		39.8445 		87.1059
v 160.2232 		39.8134 		86.4098
v 159.9443 		40.2069 		87.1061
v 159.8742 		40.2652 		86.4101
v 166.313 		36.9735 		32.6694
v 157.6938 		33.0802 		41.9452
v 159.5009 		33.2354 		34.64
v 160.4427 		34.1371 		36.0081
v 158.9256 		28.8951 		41.9452
v 157.1733 		32.5014 		56.7177
v 157.351 		35.0213 		55.7531
v 158.2524 		35.0884 		52.0446
v 162.0122 		33.9377 		41.9452
v 161.9301 		34.3473 		44.1511
v 162.0996 		34.199 		43.9929
v 158.4281 		35.2287 		52.1239
v 156.6202 		35.3922 		67.5743
v 160.6636 		33.6945 		49.8986
v 159.2636 		34.4858 		56.7177
v 159.5735 		35.6343 		61.5435
v 156.7815 		37.5498 		75.5524
v 158.1098 		38.4889 		73.0712
v 157.9898 		38.4704 		73.0286
v 157.6185 		39.0678 		75.5524
v 158.8559 		40.547 		82.2196
v 156.5408 		34.5537 		49.8986
v 157.3912 		35.6543 		55.5287
v 163.5373 		34.0905 		49.8986
v 163.0026 		35.3724 		55.5295
v 152.7381 		39.0742 		41.9452
v 153.7771 		37.5973 		34.6399
v 149.7046 		35.922 		41.9452
v 155.0341 		37.2383 		36.0079
v 154.2593 		40.3395 		55.7531
v 154.7686 		39.5976 		52.0439
v 151.9727 		39.2321 		56.7177
v 155.645 		35.7887 		41.9452
v 154.9786 		39.5168 		52.123
v 155.9611 		36.0639 		44.1505
v 155.9166 		35.8446 		43.9926
v 154.2178 		41.1534 		67.5743
v 154.7584 		36.8269 		49.8986
v 154.7484 		38.4264 		56.7177
v 155.545 		38.3247 		61.735
v 156.1933 		37.9031 		58.5563
v 155.9048 		38.7341 		61.5429
v 155.7341 		38.9196 		62.5621
v 154.0999 		36.7029 		62.5621
v 156.3867 		37.9075 		58.6242
v 156.0335 		40.0573 		67.5743
v 156.5795 		39.8344 		71.263
v 156.9592 		39.4126 		68.9264
v 156.9136 		40.0573 		71.1216
v 156.828 		40.2211 		71.8702
v 155.2434 		38.9561 		71.8702
v 156.5644 		36.9691 		62.5621
v 155.487 		46.3334 		41.9452
v 154.7187 		44.7014 		34.64
v 151.2216 		47.3664 		41.9452
v 155.0341 		43.4407 		36.008
v 155.2421 		47.0702 		56.7177
v 157.3511 		45.6576 		55.7538
v 156.9588 		44.8484 		52.0439
v 154.0756 		42.1905 		41.9452
v 154.4735 		42.0563 		44.1501
v 154.5375 		43.4723 		49.8986
v 154.26 		41.9849 		43.9922
v 150.8176 		42.901 		49.8986
v 155.927 		44.2806 		56.7177
v 156.9932 		44.6277 		52.1228
v 156.2372 		43.5443 		61.7358
v 156.1937 		42.7757 		58.5555
v 156.7738 		43.4396 		61.5438
v 156.8501 		43.679 		62.5621
v 154.0999 		43.9761 		62.5621
v 153.4465 		40.8025 		49.8986
v 154.8314 		40.6214 		55.5288
v 154.7308 		40.8969 		56.7177
v 155.564 		41.99 		62.5621
v 156.2938 		42.6122 		58.6232
v 156.053 		41.5077 		66.8662
v 156.2726 		40.8847 		64.1393
v 156.5129 		41.5997 		66.7014
v 156.4943 		41.8141 		67.5743
v 156.4059 		40.7878 		64.1973
v 157.6624 		41.4203 		73.0707
v 157.5863 		41.5143 		73.028
v 158.0396 		46.1001 		67.5743
v 159.84 		44.8836 		75.5524
v 157.9325 		42.7364 		68.9763
v 157.8926 		42.872 		68.9262
v 157.2956 		42.4327 		71.8702
v 156.6364 		44.1195 		71.8702
v 157.9919 		43.9905 		67.5743
v 158.0707 		43.4093 		71.263
v 158.432 		43.2335 		71.1218
v 158.532 		43.389 		71.8702
v 159.4021 		43.3946 		75.5524
v 157.5498 		41.9981 		75.0324
v 157.8941 		41.9765 		74.9113
v 157.9219 		42.1322 		75.5524
v 159.8304 		41.8073 		82.2214
v 159.5694 		41.8472 		80.1896
v 157.348 		46.5885 		49.8986
v 157.8827 		45.3066 		55.5295
v 158.0725 		45.5309 		56.7177
v 157.8634 		49.8983 		49.8986
v 159.9952 		43.2713 		73.0703
v 160.039 		43.3835 		73.0277
v 160.7458 		43.4043 		75.5524
v 161.3844 		47.4436 		34.64
v 160.2217 		46.9845 		49.8986
v 161.9597 		51.7839 		41.9452
v 163.712 		48.1776 		56.7177
v 164.2652 		45.2862 		67.5743
v 161.6217 		46.1932 		56.7177
v 161.3118 		45.0447 		61.5435
v 164.1038 		43.1292 		75.5524
v 160.3499 		45.0438 		58.6241
v 160.4427 		45.2122 		58.5562
v 161.1346 		45.5591 		61.7357
v 161.5588 		45.0988 		62.5621
v 162.4012 		44.2727 		67.5743
v 160.4427 		47.6128 		62.5621
v 161.9338 		43.9144 		71.2631
v 161.9611 		43.5158 		71.1216
v 161.3759 		43.7986 		68.9257
v 163.0219 		30.7807 		49.8986
v 160.4427 		35.4668 		58.5562
v 159.7508 		35.1199 		61.7357
v 159.3266 		35.5802 		62.5621
v 160.4427 		33.0662 		62.5621
v 160.5355 		35.6352 		58.6241
v 158.4842 		36.4058 		67.5743
v 158.9515 		36.7646 		71.2631
v 159.5095 		36.8804 		68.9257
v 158.9243 		37.1628 		71.1217
v 158.7385 		37.1711 		71.8702
v 159.0496 		35.1761 		71.8702
v 162.8128 		35.1481 		56.7177
v 161.4427 		35.3187 		62.5621
v 159.6074 		36.9822 		68.9754
v 162.0524 		36.4801 		64.1391
v 161.6191 		35.9798 		66.8653
v 161.3087 		36.3296 		66.7004
v 161.1308 		36.2062 		67.5743
v 162.0703 		36.6434 		64.1972
v 160.191 		36.586 		71.8702
v 160.4427 		37.022 		75.0318
v 160.8463 		37.2955 		73.0277
v 160.2894 		37.3287 		74.9105
v 160.1396 		37.2747 		75.5524
v 158.2986 		37.9171 		75.5524
v 160.8902 		37.4077 		73.0704
v 159.4688 		39.079 		82.222
v 159.5644 		38.8345 		80.19
v 153.3969 		33.3423 		49.8986
v 157.1006 		35.7055 		56.7177
v 157.2291 		37.148 		66.865
v 157.8821 		37.0254 		64.1388
v 157.3789 		37.5898 		66.7001
v 157.1822 		37.6811 		67.5743
v 158.0332 		37.0916 		64.1968
v 162.9528 		37.9426 		68.9763
v 157.0435 		38.6792 		71.8702
v 157.0973 		39.3792 		68.9762
v 157.2581 		40.9721 		75.5524
v 156.1789 		42.0932 		75.5524
v 158.6905 		40.3423 		80.1866
v 158.815 		44.0356 		64.1973
v 158.8328 		44.1986 		64.1393
v 159.2663 		44.6991 		66.8656
v 159.5767 		44.3494 		66.7004
v 159.7546 		44.4729 		67.5743
v 160.4427 		43.657 		75.0318
v 160.5959 		43.3503 		74.9105
v 162.1469 		43.5075 		71.8702
v 161.8357 		45.5029 		71.8702
v 159.4426 		45.3603 		62.5621
v 161.278 		43.6968 		68.9754
v 160.6944 		44.093 		71.8702
v 162.5868 		42.762 		75.5524
v 161.3213 		41.8452 		80.1857
v 157.5496 		38.6808 		75.0319
v 157.7405 		38.9659 		74.9107
# 359 vertices

g group_21_1206582

usemtl color_1206582
s 0

f 5944 	5945 	5942
f 5942 	5946 	5943
f 5946 	5942 	5945
f 5951 	5948 	5947
f 5951 	5949 	5948
f 5961 	5957 	5951
f 5952 	6079 	5953
f 5956 	5951 	5955
f 5951 	5947 	5950
f 5950 	5955 	5951
f 5954 	5956 	5955
f 5949 	5951 	5958
f 5957 	5958 	5951
f 5951 	5956 	5961
f 6079 	5952 	5957
f 5958 	5957 	5952
f 5957 	5959 	6079
f 5967 	5962 	5956
f 5957 	5961 	5959
f 5963 	6079 	5959
f 5963 	5959 	5961
f 5960 	5956 	5954
f 5965 	5960 	5954
f 5961 	5956 	5962
f 5967 	5956 	5960
f 5960 	5970 	5967
f 5962 	5964 	5961
f 5964 	5963 	5961
f 5966 	5960 	5965
f 5969 	5960 	5966
f 5964 	5962 	5970
f 5967 	5970 	5962
f 5968 	6095 	5963
f 5971 	5968 	5963
f 5971 	5963 	5964
f 5966 	5946 	5969
f 5969 	5946 	6229
f 5976 	5974 	5969
f 5960 	5972 	5970
f 5974 	5972 	5969
f 5975 	5964 	5973
f 5971 	5977 	5968
f 5970 	5972 	5973
f 5960 	5969 	5972
f 5970 	5973 	5964
f 5975 	5973 	5972
f 5975 	5972 	6230
f 5972 	5974 	6230
f 5964 	5977 	5971
f 5979 	5978 	5975
f 5964 	5975 	5978
f 5978 	5980 	5977
f 5978 	5977 	5964
f 5979 	6233 	5978
f 5980 	5978 	6099
f 5975 	5981 	5979
f 5948 	5982 	5947
f 5983 	5982 	5948
f 5949 	5983 	5948
f 5952 	5953 	5949
f 5983 	5949 	5953
f 5949 	5958 	5952
f 5982 	5943 	5947
f 5947 	5943 	5950
f 5955 	5950 	5954
f 5943 	5965 	5954
f 5954 	5950 	5943
f 5965 	5943 	5946
f 5966 	5965 	5946
f 5986 	6014 	5985
f 5988 	5984 	5987
f 6014 	5987 	5984
f 6002 	6003 	5982
f 5943 	5982 	6003
f 6003 	6004 	5943
f 6005 	5943 	6004
f 6011 	6012 	5986
f 6014 	5986 	6012
f 6012 	6013 	6014
f 6013 	6016 	6014
f 5986 	5943 	6010
f 6011 	5986 	6010
f 6010 	5943 	6005
f 6000 	6001 	5983
f 6002 	5982 	6001
f 5982 	5983 	6001
f 6025 	6021 	6022
f 6024 	6025 	6022
f 6022 	6023 	6024
f 6031 	6032 	6036
f 6035 	6036 	6032
f 6032 	6033 	6035
f 6033 	6034 	6035
f 6035 	6041 	6043
f 6024 	6030 	6036
f 6030 	6024 	6023
f 6031 	6036 	6030
f 6025 	6014 	6020
f 6025 	6020 	6021
f 6016 	6020 	6014
f 6039 	6038 	6043
f 6042 	6043 	6038
f 6040 	6042 	6038
f 6040 	6044 	6042
f 6044 	6045 	6042
f 6046 	6120 	6045
f 6039 	6043 	6041
f 6034 	6041 	6035
f 6056 	6054 	6049
f 6051 	6055 	6052
f 6048 	6054 	6050
f 6048 	6049 	6054
f 6057 	6054 	6056
f 6060 	6054 	6057
f 6050 	6054 	6053
f 6053 	6061 	6051
f 6058 	6060 	6057
f 6055 	6051 	6061
f 6262 	6255 	6055
f 6054 	6061 	6053
f 6067 	6064 	6060
f 6054 	6065 	6061
f 6061 	6062 	6055
f 6066 	6055 	6062
f 6059 	6258 	6068
f 6069 	6058 	6071
f 6054 	6060 	6065
f 6064 	6065 	6060
f 6062 	6061 	6065
f 6065 	6064 	6070
f 6066 	6065 	6070
f 6062 	6065 	6066
f 6064 	6067 	6080
f 6080 	6070 	6064
f 6279 	6073 	6066
f 6068 	6262 	6055
f 6055 	6074 	6068
f 6076 	6059 	6075
f 6058 	6069 	6060
f 6080 	6067 	6069
f 6067 	6060 	6069
f 6071 	6072 	6069
f 6070 	6279 	6066
f 6073 	6074 	6066
f 6055 	6066 	6074
f 6075 	6068 	6074
f 6068 	6075 	6059
f 6073 	6077 	6074
f 6076 	6074 	6077
f 6075 	6074 	6076
f 6072 	6078 	6069
f 6078 	6072 	5953
f 6078 	5953 	6079
f 6086 	6082 	6078
f 6082 	6081 	6078
f 6069 	6078 	6081
f 6081 	6083 	6080
f 6081 	6080 	6069
f 6084 	6070 	6083
f 6080 	6083 	6070
f 6082 	6085 	6081
f 6084 	6083 	6081
f 6084 	6081 	6085
f 6088 	6087 	6084
f 6070 	6084 	6087
f 6087 	6089 	6090
f 6087 	6090 	6070
f 6077 	6090 	6089
f 6077 	6089 	6091
f 6269 	6059 	6092
f 6088 	6093 	6087
f 6091 	6087 	6093
f 6089 	6087 	6091
f 6094 	6086 	6079
f 6086 	6078 	6079
f 6079 	5963 	6095
f 6095 	6096 	6094
f 6095 	6094 	6079
f 6097 	6085 	6096
f 6085 	6094 	6096
f 5968 	6098 	6095
f 6097 	6095 	6098
f 6097 	6096 	6095
f 5968 	5977 	6098
f 6099 	6098 	5980
f 5977 	5980 	6098
f 6088 	6101 	6100
f 6088 	6100 	6093
f 6063 	6265 	6092
f 6104 	6233 	6107
f 6106 	6107 	6233
f 6225 	6204 	6105
f 6107 	6105 	6104
f 6103 	6102 	6104
f 6108 	6098 	6099
f 6111 	6110 	6098
f 6108 	6111 	6098
f 6097 	6110 	6085
f 6109 	6085 	6110
f 6109 	6100 	6085
f 6110 	6097 	6098
f 6104 	6093 	6111
f 6109 	6111 	6093
f 6110 	6111 	6109
f 6100 	6109 	6093
f 6112 	6077 	6091
f 6076 	6113 	6059
f 6114 	6059 	6113
f 6114 	6092 	6059
f 6113 	6077 	6115
f 6076 	6077 	6113
f 6112 	6115 	6077
f 6113 	6115 	6114
f 6063 	6114 	6115
f 6063 	6115 	6104
f 6092 	6114 	6063
f 6104 	6116 	6063
f 6093 	6104 	6112
f 6112 	6091 	6093
f 6115 	6112 	6104
f 6099 	6233 	6108
f 6104 	6108 	6233
f 6104 	6111 	6108
f 6104 	6136 	6117
f 6104 	6119 	6118
f 6104 	6118 	6136
f 6117 	6116 	6104
f 6267 	6063 	6116
f 6049 	6048 	6120
f 6120 	6048 	6042
f 6050 	6042 	6048
f 6051 	6052 	6050
f 6053 	6051 	6050
f 6042 	6050 	6052
f 6121 	6122 	6124
f 6122 	6123 	6124
f 6128 	6124 	6123
f 6121 	6124 	6131
f 6127 	6125 	6126
f 6128 	6129 	6124
f 6127 	6134 	6125
f 6131 	6134 	6127
f 6133 	6124 	6129
f 6243 	6133 	6130
f 6248 	6244 	6133
f 6131 	6124 	6134
f 6134 	6135 	6125
f 6246 	6125 	6135
f 6284 	6119 	6140
f 6140 	6119 	6283
f 6126 	6141 	6035
f 6141 	6155 	6035
f 6126 	6142 	6141
f 6123 	6043 	6042
f 6129 	6128 	6130
f 6128 	6042 	6130
f 6128 	6123 	6042
f 6130 	6042 	6143
f 6052 	6144 	6143
f 6052 	6143 	6042
f 6071 	6058 	5983
f 5983 	5953 	6071
f 6072 	6071 	5953
f 5983 	6058 	6056
f 6057 	6056 	6058
f 6056 	6049 	5983
f 5983 	6049 	6120
f 6145 	6146 	6147
f 6146 	6148 	6147
f 6150 	6151 	6149
f 6147 	6148 	6152
f 6152 	6154 	6147
f 6153 	6145 	6147
f 6153 	6158 	6150
f 6154 	6157 	6147
f 6151 	6150 	6158
f 6154 	6155 	6157
f 6158 	6153 	6147
f 6164 	6160 	6157
f 6160 	6159 	6157
f 6147 	6157 	6159
f 6159 	6161 	6158
f 6159 	6158 	6147
f 6162 	6151 	6161
f 6158 	6161 	6151
f 6160 	6163 	6159
f 6162 	6161 	6159
f 6162 	6159 	6163
f 6164 	6171 	6160
f 6151 	6165 	6200
f 6156 	6197 	6165
f 6281 	6167 	6162
f 6167 	6166 	6162
f 6151 	6162 	6166
f 6151 	6166 	6165
f 6168 	6165 	6166
f 6169 	6156 	6168
f 6165 	6168 	6156
f 6167 	6170 	6166
f 6169 	6166 	6170
f 6169 	6168 	6166
f 6163 	6160 	6171
f 6277 	6163 	6276
f 6171 	6276 	6163
f 6150 	6149 	6145
f 6153 	6150 	6145
f 6024 	6145 	6149
f 6172 	6173 	6174
f 6175 	6174 	6173
f 6179 	6174 	6175
f 6178 	6176 	6177
f 6180 	6181 	6174
f 6180 	6174 	6179
f 6181 	6180 	6182
f 6181 	6182 	6183
f 6184 	6185 	6174
f 6172 	6174 	6185
f 6176 	6178 	6184
f 6185 	6184 	6178
f 6195 	6187 	6181
f 6187 	6186 	6181
f 6174 	6181 	6186
f 6174 	6186 	6184
f 6188 	6184 	6186
f 6189 	6176 	6188
f 6184 	6188 	6176
f 6187 	6190 	6186
f 6189 	6188 	6186
f 6189 	6186 	6190
f 6183 	6182 	6191
f 6193 	6183 	6192
f 6192 	6183 	6191
f 6193 	6192 	6149
f 6193 	6149 	6151
f 6200 	6197 	6193
f 6195 	6181 	6183
f 6194 	6195 	6183
f 6190 	6187 	6194
f 6195 	6194 	6187
f 6197 	6196 	6193
f 6183 	6193 	6196
f 6183 	6196 	6194
f 6198 	6194 	6196
f 6199 	6190 	6198
f 6194 	6198 	6190
f 6196 	6197 	6156
f 6199 	6196 	6156
f 6199 	6198 	6196
f 6193 	6151 	6200
f 6200 	6165 	6197
f 6205 	6206 	6189
f 6207 	6205 	6190
f 6199 	6201 	6202
f 6202 	6214 	6199
f 6201 	6199 	6156
f 6201 	6282 	6202
f 6210 	6209 	6176
f 6203 	6286 	6209
f 6212 	6203 	6211
f 6206 	6210 	6189
f 6176 	6189 	6210
f 6189 	6190 	6205
f 6205 	6207 	6206
f 6207 	6208 	6206
f 6210 	6211 	6209
f 6209 	6211 	6203
f 6206 	6208 	6210
f 6212 	6210 	6208
f 6212 	6211 	6210
f 6223 	6203 	6213
f 6218 	6203 	6212
f 6190 	6199 	6214
f 6190 	6214 	6207
f 6215 	6207 	6214
f 6215 	6208 	6207
f 6216 	6208 	6215
f 6202 	6283 	6214
f 6216 	6215 	6214
f 6204 	6224 	6213
f 6203 	6217 	6213
f 6203 	6218 	6217
f 6212 	6208 	6218
f 6213 	6217 	6204
f 6105 	6293 	6225
f 6104 	6105 	6204
f 6173 	6172 	6014
f 6025 	6173 	6014
f 6175 	6173 	6025
f 6178 	6177 	6172
f 6014 	6172 	6177
f 6185 	6178 	6172
f 6219 	6220 	6222
f 6221 	6222 	6220
f 6221 	6220 	6177
f 6221 	6177 	6176
f 6285 	6286 	6221
f 6209 	6285 	6176
f 6221 	6176 	6285
f 6223 	6213 	6224
f 6292 	6298 	6230
f 6298 	6293 	6107
f 6107 	6106 	6298
f 5984 	5985 	6014
f 6219 	5987 	6014
f 6014 	6177 	6219
f 6220 	6219 	6177
f 6025 	6024 	6175
f 6179 	6175 	6024
f 6180 	6179 	6182
f 6191 	6182 	6024
f 6179 	6024 	6182
f 6024 	6149 	6191
f 6149 	6192 	6191
f 6036 	6035 	6148
f 6152 	6148 	6035
f 6155 	6152 	6035
f 6154 	6152 	6155
f 5984 	6228 	5985
f 5987 	6219 	6222
f 6226 	5985 	6228
f 5984 	5988 	6228
f 6227 	6228 	5988
f 5944 	6231 	5945
f 5945 	6229 	5946
f 5942 	6226 	6228
f 5942 	6228 	5944
f 6236 	6231 	6228
f 5944 	6228 	6231
f 6228 	6227 	6236
f 6229 	5945 	6231
f 6232 	6229 	6231
f 6229 	6232 	6237
f 5976 	6238 	5974
f 6099 	5978 	6233
f 5988 	5987 	6227
f 6227 	6234 	6235
f 6294 	6234 	6222
f 6235 	6234 	6294
f 6236 	6227 	6235
f 6232 	6231 	6236
f 6239 	6236 	6235
f 6232 	6236 	6237
f 6238 	5976 	6229
f 5976 	5969 	6229
f 6230 	5974 	6238
f 6229 	6240 	6238
f 6238 	6241 	6230
f 6241 	6292 	6230
f 6297 	5981 	6230
f 5981 	6297 	5979
f 6233 	5979 	6297
f 6222 	6227 	5987
f 6227 	6222 	6234
f 6239 	6235 	6294
f 6237 	6236 	6239
f 6295 	6242 	6237
f 6289 	6239 	6288
f 6241 	6238 	6240
f 6242 	6240 	6237
f 6229 	6237 	6240
f 6129 	6130 	6133
f 6273 	6125 	6278
f 6243 	6130 	6143
f 6124 	6133 	6245
f 6244 	6245 	6133
f 6124 	6245 	6134
f 6135 	6134 	6245
f 6245 	6244 	6247
f 6246 	6245 	6247
f 6135 	6245 	6246
f 6243 	6143 	6144
f 6248 	6133 	6243
f 6247 	6244 	6256
f 6248 	6256 	6244
f 6257 	6251 	6246
f 6251 	6250 	6246
f 6125 	6246 	6250
f 6250 	6252 	6249
f 6250 	6249 	6125
f 6253 	6132 	6252
f 6249 	6252 	6132
f 6251 	6254 	6250
f 6253 	6252 	6250
f 6253 	6250 	6254
f 6144 	6255 	6243
f 6055 	6255 	6052
f 6144 	6052 	6255
f 6243 	6256 	6248
f 6262 	6258 	6255
f 6243 	6259 	6256
f 6257 	6246 	6247
f 6257 	6263 	6251
f 6258 	6259 	6255
f 6243 	6255 	6259
f 6260 	6256 	6259
f 6256 	6260 	6247
f 6261 	6247 	6260
f 6258 	6059 	6259
f 6261 	6260 	6259
f 6261 	6259 	6059
f 6262 	6068 	6258
f 6263 	6257 	6247
f 6254 	6251 	6263
f 6269 	6265 	6261
f 6265 	6264 	6261
f 6247 	6261 	6264
f 6247 	6264 	6263
f 6266 	6263 	6264
f 6261 	6059 	6269
f 6254 	6263 	6266
f 6254 	6266 	6267
f 6264 	6265 	6063
f 6267 	6264 	6063
f 6267 	6266 	6264
f 6269 	6092 	6265
f 6136 	6138 	6268
f 6137 	6268 	6138
f 6116 	6254 	6267
f 6116 	6117 	6254
f 6253 	6271 	6132
f 6270 	6132 	6271
f 6270 	6268 	6132
f 6271 	6254 	6117
f 6253 	6254 	6271
f 6271 	6117 	6270
f 6268 	6270 	6136
f 6117 	6136 	6270
f 6139 	6118 	6170
f 6119 	6284 	6170
f 6118 	6119 	6170
f 6104 	6283 	6119
f 6118 	6139 	6136
f 6121 	6035 	6122
f 6043 	6122 	6035
f 6122 	6043 	6123
f 6127 	6126 	6121
f 6131 	6127 	6121
f 6035 	6121 	6126
f 6157 	6155 	6272
f 6272 	6155 	6141
f 6273 	6272 	6142
f 6141 	6142 	6272
f 6164 	6157 	6272
f 6142 	6126 	6273
f 6125 	6273 	6126
f 6278 	6275 	6273
f 6272 	6171 	6164
f 6275 	6274 	6273
f 6272 	6273 	6274
f 6272 	6274 	6171
f 6276 	6171 	6274
f 6274 	6275 	6132
f 6277 	6276 	6274
f 6277 	6274 	6132
f 6249 	6278 	6125
f 6120 	6047 	5983
f 6046 	6047 	6120
f 6000 	5983 	6047
f 6042 	6045 	6120
f 6086 	6094 	6082
f 6085 	6082 	6094
f 6084 	6085 	6101
f 6100 	6101 	6085
f 6101 	6088 	6084
f 6090 	6279 	6070
f 6073 	6279 	6090
f 6073 	6090 	6077
f 6280 	6281 	6163
f 6162 	6163 	6281
f 6170 	6167 	6280
f 6281 	6280 	6167
f 6280 	6300 	6170
f 6282 	6201 	6156
f 6202 	6282 	6283
f 6216 	6214 	6283
f 6102 	6103 	6208
f 6218 	6208 	6103
f 6208 	6216 	6102
f 6217 	6103 	6204
f 6218 	6103 	6217
f 6104 	6204 	6103
f 6104 	6102 	6283
f 6216 	6283 	6102
f 6169 	6284 	6156
f 6156 	6284 	6140
f 6140 	6282 	6156
f 6284 	6169 	6170
f 6282 	6140 	6283
f 6036 	6146 	6024
f 6024 	6146 	6145
f 6148 	6146 	6036
f 6286 	6287 	6221
f 6222 	6221 	6287
f 6285 	6209 	6286
f 6288 	6294 	6287
f 6294 	6288 	6239
f 6287 	6286 	6203
f 6289 	6287 	6203
f 6289 	6288 	6287
f 6223 	6224 	6289
f 6289 	6203 	6223
f 6291 	6296 	6290
f 6239 	6290 	6296
f 6224 	6290 	6289
f 6239 	6289 	6290
f 6225 	6293 	6291
f 6225 	6291 	6290
f 6225 	6290 	6204
f 6290 	6224 	6204
f 6295 	6237 	6239
f 6292 	6241 	6240
f 6292 	6240 	6293
f 6242 	6293 	6240
f 6222 	6287 	6294
f 6296 	6295 	6239
f 6242 	6295 	6296
f 6242 	6296 	6293
f 6296 	6291 	6293
f 5975 	6230 	5981
f 6106 	6230 	6298
f 6297 	6230 	6106
f 6105 	6107 	6293
f 6293 	6298 	6292
f 6297 	6106 	6233
f 6226 	5942 	5943
f 5986 	6226 	5943
f 5985 	6226 	5986
f 6275 	6278 	6249
f 6275 	6249 	6132
f 6137 	6138 	6277
f 6268 	6137 	6132
f 6138 	6299 	6277
f 6163 	6277 	6299
f 6299 	6300 	6280
f 6163 	6299 	6280
f 6277 	6132 	6137
f 6139 	6170 	6300
f 6138 	6136 	6299
f 6136 	6139 	6299
f 6139 	6300 	6299
# 640 faces

g group_21_11107152

usemtl color_11107152
s 0

f 5991 	5992 	5990
f 5992 	5993 	5990
f 5989 	5990 	5993
f 5989 	5993 	5994
f 5989 	5994 	5995
f 5989 	5995 	5996
f 5989 	5996 	5997
f 5989 	5997 	5998
f 5989 	5998 	5999
f 5989 	5999 	6009
f 5996 	6000 	5997
f 5995 	6001 	6000
f 5995 	6000 	5996
f 5994 	6002 	6001
f 5994 	6001 	5995
f 6002 	5994 	6003
f 5993 	6003 	5994
f 5993 	5992 	6004
f 5993 	6004 	6003
f 5992 	5991 	6005
f 5992 	6005 	6004
f 5990 	5989 	6012
f 6008 	6015 	6007
f 6009 	6017 	6008
f 5991 	6010 	6005
f 6011 	6010 	5990
f 5991 	5990 	6010
f 5990 	6012 	6011
f 6016 	6013 	6009
f 6009 	6013 	5989
f 6012 	5989 	6013
f 6006 	6007 	6015
f 6016 	6009 	6008
f 6021 	6020 	6007
f 6021 	6007 	6022
f 6006 	6022 	6007
f 6015 	6023 	6006
f 6019 	6008 	6018
f 6015 	6008 	6019
f 6018 	6008 	6017
f 5999 	6037 	6009
f 6008 	6020 	6016
f 6008 	6007 	6020
f 6022 	6006 	6023
f 6019 	6023 	6015
f 6031 	6030 	6018
f 6017 	6032 	6018
f 6028 	6009 	6027
f 6017 	6009 	6028
f 6027 	6009 	6026
f 6037 	6029 	6009
f 6019 	6030 	6023
f 6019 	6018 	6030
f 6031 	6018 	6032
f 6033 	6017 	6028
f 6017 	6033 	6032
f 6041 	6034 	6027
f 6028 	6034 	6033
f 6026 	6009 	6029
f 6029 	6038 	6026
f 6044 	6040 	6037
f 6029 	6037 	6040
f 6037 	5999 	6044
f 6045 	6044 	5999
f 6028 	6027 	6034
f 6039 	6041 	6026
f 6027 	6026 	6041
f 6026 	6038 	6039
f 6038 	6029 	6040
f 6045 	5999 	5998
f 6045 	5998 	6046
f 6046 	5998 	6047
f 5997 	6047 	5998
f 5997 	6000 	6047
# 74 faces

 #end of obj_21

o obj_22
v 153.1916 		65.5988 		41.9452
v 157.2213 		70 		32.6694
v 152.4572 		63.4503 		52.1239
v 152.633 		63.5906 		52.0446
v 153.5344 		63.6577 		55.7531
v 155.8512 		61.4407 		36.0079
v 157.1082 		61.0817 		34.6399
v 158.1472 		59.6048 		41.9452
v 155.2403 		62.8903 		41.9452
v 161.1808 		62.757 		41.9452
v 156.1167 		59.0814 		52.0439
v 156.626 		58.3395 		55.7531
v 154.9687 		62.8344 		43.9926
v 154.9243 		62.6151 		44.1505
v 156.127 		61.8521 		49.8986
v 156.1369 		60.2526 		56.7177
v 155.9067 		59.1622 		52.123
v 154.9805 		59.9449 		61.5429
v 157.4884 		65.3367 		49.8986
v 155.3403 		60.3543 		61.735
v 154.692 		60.7759 		58.5563
v 155.1513 		59.7594 		62.5621
v 156.7855 		61.9761 		62.5621
v 154.3445 		64.1253 		49.8986
v 153.4941 		63.0247 		55.5287
v 154.4986 		60.7715 		58.6242
v 153.9261 		59.2664 		68.9264
v 153.7848 		62.9735 		56.7177
v 154.3209 		61.7099 		62.5621
v 153.788 		59.2998 		68.9762
v 153.6563 		61.531 		66.8648
v 153.5065 		61.0893 		66.6999
v 153.0036 		61.6536 		64.1398
v 153.7032 		60.9979 		67.5743
v 152.852 		61.5872 		64.1979
v 153.8418 		59.9998 		71.8702
v 153.3357 		59.9982 		75.0319
v 152.8956 		60.2086 		73.0286
v 153.1449 		59.7131 		74.9107
v 152.7755 		60.1901 		73.0712
v 156.313 		61.7055 		32.6694
v 164 		58.3395 		32.6694
v 148.8731 		64.7413 		41.9452
v 150.4427 		64.5419 		36.0081
v 150.4427 		65.0715 		32.6694
v 148.7857 		64.48 		43.9929
v 148.9552 		64.3317 		44.1511
v 149.7411 		60.9407 		14
v 150.4427 		61.0323 		14
v 151.1443 		60.9407 		14
v 151.7984 		60.6715 		14
v 152.3597 		60.2433 		14
v 152.7908 		59.6859 		14
v 153.0619 		59.0363 		14
v 153.1541 		58.3395 		14
v 153.0619 		57.6427 		14
v 152.7908 		56.9931 		14
v 152.3597 		56.4357 		14
v 152.776 		58.3395 		20.3591
v 152.6229 		58.9195 		21.6439
v 152.3468 		59.4313 		22.623
v 152.0383 		59.9242 		21.6436
v 151.6093 		60.3463 		20.3592
v 151.6093 		60.3463 		20.3591
v 147.8234 		59.0363 		14
v 148.0945 		59.6859 		14
v 148.5257 		60.2433 		14
v 149.0869 		60.6715 		14
v 151.0266 		60.5047 		21.6445
v 150.4427 		60.5231 		22.623
v 149.8587 		60.5047 		21.6445
v 149.276 		60.3463 		20.3591
v 143.664 		70 		32.6694
v 147.7312 		58.3395 		14
v 149.276 		60.3463 		20.3592
v 148.5257 		56.4357 		14
v 148.0945 		56.9931 		14
v 147.8234 		57.6427 		14
v 148.847 		59.9242 		21.6436
v 148.5386 		59.4313 		22.623
v 148.2625 		58.9195 		21.6439
v 148.1093 		58.3395 		20.3591
v 136.8853 		58.3395 		32.6694
v 144.5723 		61.7055 		32.6694
v 150.4427 		55.6467 		14
v 149.7411 		55.7383 		14
v 149.0869 		56.0075 		14
v 151.1443 		55.7383 		14
v 148.2625 		57.7595 		21.6439
v 148.5386 		57.2477 		22.623
v 148.847 		56.7548 		21.6436
v 149.276 		56.3327 		20.3592
v 149.276 		56.3327 		20.3591
v 143.664 		46.679 		32.6694
v 144.5723 		54.9735 		32.6694
v 151.7984 		56.0075 		14
v 151.0266 		56.1743 		21.6445
v 150.4427 		56.1559 		22.623
v 151.6093 		56.3327 		20.3591
v 149.8587 		56.1743 		21.6445
v 157.2213 		46.679 		32.6694
v 150.4427 		51.6075 		32.6694
v 151.6093 		56.3327 		20.3592
v 152.0383 		56.7548 		21.6436
v 152.3468 		57.2477 		22.623
v 152.6229 		57.7595 		21.6439
v 156.1666 		53.9776 		34.64
v 155.8512 		55.2383 		36.008
v 155.3983 		52.3456 		41.9452
v 153.9266 		53.8306 		52.0439
v 153.5342 		53.0214 		55.7538
v 153.8922 		54.0513 		52.1228
v 159.6637 		51.3126 		41.9452
v 155.6433 		51.6088 		56.7177
v 156.8098 		56.4885 		41.9452
v 156.4118 		56.6227 		44.1501
v 156.6253 		56.6941 		43.9922
v 152.8457 		52.5783 		67.5743
v 156.3478 		55.2067 		49.8986
v 154.9583 		54.3984 		56.7177
v 154.1116 		55.2394 		61.5438
v 151.0453 		53.7954 		75.5524
v 154.6917 		55.9033 		58.5555
v 154.6482 		55.1347 		61.7358
v 154.0352 		55 		62.5621
v 154.5916 		56.0669 		58.6232
v 152.8935 		54.6885 		67.5743
v 160.0677 		55.778 		49.8986
v 156.7855 		54.7029 		62.5621
v 157.4389 		57.8765 		49.8986
v 156.0539 		58.0576 		55.5288
v 152.9927 		55.807 		68.9262
v 152.8146 		55.2697 		71.263
v 152.4534 		55.4455 		71.1218
v 152.3534 		55.29 		71.8702
v 154.2489 		54.5595 		71.8702
v 156.1546 		57.7821 		56.7177
v 158.9126 		59.4469 		56.7177
v 155.3213 		56.689 		62.5621
v 154.8323 		57.1713 		66.8662
v 154.6128 		57.7943 		64.1393
v 154.3724 		57.0793 		66.7014
v 154.3911 		56.8649 		67.5743
v 156.6675 		57.5256 		67.5743
v 154.4794 		57.8912 		64.1973
v 153.3357 		56.6808 		75.0318
v 153.299 		57.1647 		73.028
v 152.9913 		56.7023 		74.9105
v 153.5898 		56.2463 		71.8702
v 152.9635 		56.5464 		75.5524
v 151.4833 		55.2841 		75.5524
v 154.7064 		56.5858 		75.5524
v 154.8518 		58.6217 		67.5743
v 154.3058 		58.8446 		71.263
v 153.9717 		58.6217 		71.1216
v 154.0574 		58.4579 		71.8702
v 155.6419 		59.7229 		71.8702
v 153.2668 		59.6112 		75.5524
v 153.6272 		57.7069 		75.5524
v 153.2229 		57.2587 		73.0707
v 150.0781 		58.7016 		87.1072
v 150.0939 		58.7908 		86.4125
v 150.4427 		58.3395 		90
v 150.5762 		58.8345 		87.1059
v 151.417 		59.6004 		82.2196
v 150.6621 		58.8656 		86.4098
v 150.941 		58.4721 		87.1061
v 152.0294 		58.132 		82.2196
v 152.1948 		58.3367 		80.1866
v 151.0111 		58.4138 		86.4101
v 150.8075 		57.9772 		87.106
v 151.3163 		56.8313 		80.1872
v 151.055 		56.8714 		82.2212
v 150.7918 		57.8876 		86.409
v 150.3091 		57.8445 		87.1059
v 150.2232 		57.8134 		86.4098
v 149.9443 		58.2069 		87.1061
v 149.8742 		58.2652 		86.4101
v 156.313 		54.9735 		32.6694
v 147.6938 		51.0802 		41.9452
v 149.5009 		51.2354 		34.64
v 150.4427 		52.1371 		36.0081
v 148.9256 		46.8951 		41.9452
v 147.1733 		50.5014 		56.7177
v 147.351 		53.0213 		55.7531
v 148.2524 		53.0884 		52.0446
v 152.0122 		51.9377 		41.9452
v 151.9301 		52.3473 		44.1511
v 152.0996 		52.199 		43.9929
v 148.4281 		53.2287 		52.1239
v 146.6202 		53.3922 		67.5743
v 150.6636 		51.6945 		49.8986
v 149.2636 		52.4858 		56.7177
v 149.5735 		53.6343 		61.5435
v 146.7815 		55.5498 		75.5524
v 148.1098 		56.4889 		73.0712
v 147.9898 		56.4704 		73.0286
v 147.6185 		57.0678 		75.5524
v 148.8559 		58.547 		82.2196
v 146.5408 		52.5537 		49.8986
v 147.3912 		53.6543 		55.5287
v 153.5373 		52.0905 		49.8986
v 153.0026 		53.3724 		55.5295
v 142.7381 		57.0742 		41.9452
v 143.7771 		55.5973 		34.6399
v 139.7046 		53.922 		41.9452
v 145.0341 		55.2383 		36.0079
v 144.2593 		58.3395 		55.7531
v 144.7686 		57.5976 		52.0439
v 141.9727 		57.2321 		56.7177
v 145.645 		53.7887 		41.9452
v 144.9786 		57.5168 		52.123
v 145.9611 		54.0639 		44.1505
v 145.9166 		53.8446 		43.9926
v 144.2178 		59.1534 		67.5743
v 144.7584 		54.8269 		49.8986
v 144.7484 		56.4264 		56.7177
v 145.545 		56.3247 		61.735
v 146.1933 		55.9031 		58.5563
v 145.9048 		56.7341 		61.5429
v 145.7341 		56.9196 		62.5621
v 144.0999 		54.7029 		62.5621
v 146.3867 		55.9075 		58.6242
v 146.0335 		58.0573 		67.5743
v 146.5795 		57.8344 		71.263
v 146.9592 		57.4126 		68.9264
v 146.9136 		58.0573 		71.1216
v 146.828 		58.2211 		71.8702
v 145.2434 		56.9561 		71.8702
v 146.5644 		54.9691 		62.5621
v 145.487 		64.3334 		41.9452
v 144.7187 		62.7014 		34.64
v 141.2216 		65.3664 		41.9452
v 145.0341 		61.4407 		36.008
v 145.2421 		65.0702 		56.7177
v 147.3511 		63.6576 		55.7538
v 146.9588 		62.8484 		52.0439
v 144.0756 		60.1905 		41.9452
v 144.4735 		60.0563 		44.1501
v 144.5375 		61.4723 		49.8986
v 144.26 		59.9849 		43.9922
v 140.8176 		60.901 		49.8986
v 145.927 		62.2806 		56.7177
v 146.9932 		62.6277 		52.1228
v 146.2372 		61.5443 		61.7358
v 146.1937 		60.7757 		58.5555
v 146.7738 		61.4396 		61.5438
v 146.8501 		61.679 		62.5621
v 144.0999 		61.9761 		62.5621
v 143.4465 		58.8025 		49.8986
v 144.8314 		58.6214 		55.5288
v 144.7308 		58.8969 		56.7177
v 145.564 		59.99 		62.5621
v 146.2938 		60.6122 		58.6232
v 146.053 		59.5077 		66.8662
v 146.2726 		58.8847 		64.1393
v 146.5129 		59.5997 		66.7014
v 146.4943 		59.8141 		67.5743
v 146.4059 		58.7878 		64.1973
v 147.6624 		59.4203 		73.0707
v 147.5863 		59.5143 		73.028
v 148.0396 		64.1001 		67.5743
v 149.84 		62.8836 		75.5524
v 147.9325 		60.7364 		68.9763
v 147.8926 		60.872 		68.9262
v 147.2956 		60.4327 		71.8702
v 146.6364 		62.1195 		71.8702
v 147.9919 		61.9905 		67.5743
v 148.0707 		61.4093 		71.263
v 148.432 		61.2335 		71.1218
v 148.532 		61.389 		71.8702
v 149.4021 		61.3946 		75.5524
v 147.5498 		59.9981 		75.0324
v 147.8941 		59.9765 		74.9113
v 147.9219 		60.1322 		75.5524
v 149.8304 		59.8073 		82.2214
v 149.5694 		59.8472 		80.1896
v 147.348 		64.5885 		49.8986
v 147.8827 		63.3066 		55.5295
v 148.0725 		63.5309 		56.7177
v 147.8634 		67.8983 		49.8986
v 149.9952 		61.2713 		73.0703
v 150.039 		61.3835 		73.0277
v 150.7458 		61.4043 		75.5524
v 151.3844 		65.4436 		34.64
v 150.2217 		64.9845 		49.8986
v 151.9597 		69.7839 		41.9452
v 153.712 		66.1776 		56.7177
v 154.2652 		63.2862 		67.5743
v 151.6217 		64.1932 		56.7177
v 151.3118 		63.0447 		61.5435
v 154.1038 		61.1292 		75.5524
v 150.3499 		63.0438 		58.6241
v 150.4427 		63.2122 		58.5562
v 151.1346 		63.5591 		61.7357
v 151.5588 		63.0988 		62.5621
v 152.4012 		62.2727 		67.5743
v 150.4427 		65.6128 		62.5621
v 151.9338 		61.9144 		71.2631
v 151.9611 		61.5158 		71.1216
v 151.3759 		61.7986 		68.9257
v 153.0219 		48.7807 		49.8986
v 150.4427 		53.4668 		58.5562
v 149.7508 		53.1199 		61.7357
v 149.3266 		53.5802 		62.5621
v 150.4427 		51.0662 		62.5621
v 150.5355 		53.6352 		58.6241
v 148.4842 		54.4058 		67.5743
v 148.9515 		54.7646 		71.2631
v 149.5095 		54.8804 		68.9257
v 148.9243 		55.1628 		71.1217
v 148.7385 		55.1711 		71.8702
v 149.0496 		53.1761 		71.8702
v 152.8128 		53.1481 		56.7177
v 151.4427 		53.3187 		62.5621
v 149.6074 		54.9822 		68.9754
v 152.0524 		54.4801 		64.1391
v 151.6191 		53.9798 		66.8653
v 151.3087 		54.3296 		66.7004
v 151.1308 		54.2062 		67.5743
v 152.0703 		54.6434 		64.1972
v 150.191 		54.586 		71.8702
v 150.4427 		55.022 		75.0318
v 150.8463 		55.2955 		73.0277
v 150.2894 		55.3287 		74.9105
v 150.1396 		55.2747 		75.5524
v 148.2986 		55.9171 		75.5524
v 150.8902 		55.4077 		73.0704
v 149.4688 		57.079 		82.222
v 149.5644 		56.8345 		80.19
v 143.3969 		51.3423 		49.8986
v 147.1006 		53.7055 		56.7177
v 147.2291 		55.148 		66.865
v 147.8821 		55.0254 		64.1388
v 147.3789 		55.5898 		66.7001
v 147.1822 		55.6811 		67.5743
v 148.0332 		55.0916 		64.1968
v 152.9528 		55.9426 		68.9763
v 147.0435 		56.6792 		71.8702
v 147.0973 		57.3792 		68.9762
v 147.2581 		58.9721 		75.5524
v 146.1789 		60.0932 		75.5524
v 148.6905 		58.3423 		80.1866
v 148.815 		62.0356 		64.1973
v 148.8328 		62.1986 		64.1393
v 149.2663 		62.6991 		66.8656
v 149.5767 		62.3494 		66.7004
v 149.7546 		62.4729 		67.5743
v 150.4427 		61.657 		75.0318
v 150.5959 		61.3503 		74.9105
v 152.1469 		61.5075 		71.8702
v 151.8357 		63.5029 		71.8702
v 149.4426 		63.3603 		62.5621
v 151.278 		61.6968 		68.9754
v 150.6944 		62.093 		71.8702
v 152.5868 		60.762 		75.5524
v 151.3213 		59.8452 		80.1857
v 147.5496 		56.6808 		75.0319
v 147.7405 		56.9659 		74.9107
# 359 vertices

g group_22_1206582

usemtl color_1206582
s 0

f 6303 	6304 	6301
f 6301 	6305 	6302
f 6305 	6301 	6304
f 6310 	6307 	6306
f 6310 	6308 	6307
f 6320 	6316 	6310
f 6311 	6438 	6312
f 6315 	6310 	6314
f 6310 	6306 	6309
f 6309 	6314 	6310
f 6313 	6315 	6314
f 6308 	6310 	6317
f 6316 	6317 	6310
f 6310 	6315 	6320
f 6438 	6311 	6316
f 6317 	6316 	6311
f 6316 	6318 	6438
f 6326 	6321 	6315
f 6316 	6320 	6318
f 6322 	6438 	6318
f 6322 	6318 	6320
f 6319 	6315 	6313
f 6324 	6319 	6313
f 6320 	6315 	6321
f 6326 	6315 	6319
f 6319 	6329 	6326
f 6321 	6323 	6320
f 6323 	6322 	6320
f 6325 	6319 	6324
f 6328 	6319 	6325
f 6323 	6321 	6329
f 6326 	6329 	6321
f 6327 	6454 	6322
f 6330 	6327 	6322
f 6330 	6322 	6323
f 6325 	6305 	6328
f 6328 	6305 	6588
f 6335 	6333 	6328
f 6319 	6331 	6329
f 6333 	6331 	6328
f 6334 	6323 	6332
f 6330 	6336 	6327
f 6329 	6331 	6332
f 6319 	6328 	6331
f 6329 	6332 	6323
f 6334 	6332 	6331
f 6334 	6331 	6589
f 6331 	6333 	6589
f 6323 	6336 	6330
f 6338 	6337 	6334
f 6323 	6334 	6337
f 6337 	6339 	6336
f 6337 	6336 	6323
f 6338 	6592 	6337
f 6339 	6337 	6458
f 6334 	6340 	6338
f 6307 	6341 	6306
f 6342 	6341 	6307
f 6308 	6342 	6307
f 6311 	6312 	6308
f 6342 	6308 	6312
f 6308 	6317 	6311
f 6341 	6302 	6306
f 6306 	6302 	6309
f 6314 	6309 	6313
f 6302 	6324 	6313
f 6313 	6309 	6302
f 6324 	6302 	6305
f 6325 	6324 	6305
f 6345 	6373 	6344
f 6347 	6343 	6346
f 6373 	6346 	6343
f 6361 	6362 	6341
f 6302 	6341 	6362
f 6362 	6363 	6302
f 6364 	6302 	6363
f 6370 	6371 	6345
f 6373 	6345 	6371
f 6371 	6372 	6373
f 6372 	6375 	6373
f 6345 	6302 	6369
f 6370 	6345 	6369
f 6369 	6302 	6364
f 6359 	6360 	6342
f 6361 	6341 	6360
f 6341 	6342 	6360
f 6384 	6380 	6381
f 6383 	6384 	6381
f 6381 	6382 	6383
f 6390 	6391 	6395
f 6394 	6395 	6391
f 6391 	6392 	6394
f 6392 	6393 	6394
f 6394 	6400 	6402
f 6383 	6389 	6395
f 6389 	6383 	6382
f 6390 	6395 	6389
f 6384 	6373 	6379
f 6384 	6379 	6380
f 6375 	6379 	6373
f 6398 	6397 	6402
f 6401 	6402 	6397
f 6399 	6401 	6397
f 6399 	6403 	6401
f 6403 	6404 	6401
f 6405 	6479 	6404
f 6398 	6402 	6400
f 6393 	6400 	6394
f 6415 	6413 	6408
f 6410 	6414 	6411
f 6407 	6413 	6409
f 6407 	6408 	6413
f 6416 	6413 	6415
f 6419 	6413 	6416
f 6409 	6413 	6412
f 6412 	6420 	6410
f 6417 	6419 	6416
f 6414 	6410 	6420
f 6621 	6614 	6414
f 6413 	6420 	6412
f 6426 	6423 	6419
f 6413 	6424 	6420
f 6420 	6421 	6414
f 6425 	6414 	6421
f 6418 	6617 	6427
f 6428 	6417 	6430
f 6413 	6419 	6424
f 6423 	6424 	6419
f 6421 	6420 	6424
f 6424 	6423 	6429
f 6425 	6424 	6429
f 6421 	6424 	6425
f 6423 	6426 	6439
f 6439 	6429 	6423
f 6638 	6432 	6425
f 6427 	6621 	6414
f 6414 	6433 	6427
f 6435 	6418 	6434
f 6417 	6428 	6419
f 6439 	6426 	6428
f 6426 	6419 	6428
f 6430 	6431 	6428
f 6429 	6638 	6425
f 6432 	6433 	6425
f 6414 	6425 	6433
f 6434 	6427 	6433
f 6427 	6434 	6418
f 6432 	6436 	6433
f 6435 	6433 	6436
f 6434 	6433 	6435
f 6431 	6437 	6428
f 6437 	6431 	6312
f 6437 	6312 	6438
f 6445 	6441 	6437
f 6441 	6440 	6437
f 6428 	6437 	6440
f 6440 	6442 	6439
f 6440 	6439 	6428
f 6443 	6429 	6442
f 6439 	6442 	6429
f 6441 	6444 	6440
f 6443 	6442 	6440
f 6443 	6440 	6444
f 6447 	6446 	6443
f 6429 	6443 	6446
f 6446 	6448 	6449
f 6446 	6449 	6429
f 6436 	6449 	6448
f 6436 	6448 	6450
f 6628 	6418 	6451
f 6447 	6452 	6446
f 6450 	6446 	6452
f 6448 	6446 	6450
f 6453 	6445 	6438
f 6445 	6437 	6438
f 6438 	6322 	6454
f 6454 	6455 	6453
f 6454 	6453 	6438
f 6456 	6444 	6455
f 6444 	6453 	6455
f 6327 	6457 	6454
f 6456 	6454 	6457
f 6456 	6455 	6454
f 6327 	6336 	6457
f 6458 	6457 	6339
f 6336 	6339 	6457
f 6447 	6460 	6459
f 6447 	6459 	6452
f 6422 	6624 	6451
f 6463 	6592 	6466
f 6465 	6466 	6592
f 6584 	6563 	6464
f 6466 	6464 	6463
f 6462 	6461 	6463
f 6467 	6457 	6458
f 6470 	6469 	6457
f 6467 	6470 	6457
f 6456 	6469 	6444
f 6468 	6444 	6469
f 6468 	6459 	6444
f 6469 	6456 	6457
f 6463 	6452 	6470
f 6468 	6470 	6452
f 6469 	6470 	6468
f 6459 	6468 	6452
f 6471 	6436 	6450
f 6435 	6472 	6418
f 6473 	6418 	6472
f 6473 	6451 	6418
f 6472 	6436 	6474
f 6435 	6436 	6472
f 6471 	6474 	6436
f 6472 	6474 	6473
f 6422 	6473 	6474
f 6422 	6474 	6463
f 6451 	6473 	6422
f 6463 	6475 	6422
f 6452 	6463 	6471
f 6471 	6450 	6452
f 6474 	6471 	6463
f 6458 	6592 	6467
f 6463 	6467 	6592
f 6463 	6470 	6467
f 6463 	6495 	6476
f 6463 	6478 	6477
f 6463 	6477 	6495
f 6476 	6475 	6463
f 6626 	6422 	6475
f 6408 	6407 	6479
f 6479 	6407 	6401
f 6409 	6401 	6407
f 6410 	6411 	6409
f 6412 	6410 	6409
f 6401 	6409 	6411
f 6480 	6481 	6483
f 6481 	6482 	6483
f 6487 	6483 	6482
f 6480 	6483 	6490
f 6486 	6484 	6485
f 6487 	6488 	6483
f 6486 	6493 	6484
f 6490 	6493 	6486
f 6492 	6483 	6488
f 6602 	6492 	6489
f 6607 	6603 	6492
f 6490 	6483 	6493
f 6493 	6494 	6484
f 6605 	6484 	6494
f 6643 	6478 	6499
f 6499 	6478 	6642
f 6485 	6500 	6394
f 6500 	6514 	6394
f 6485 	6501 	6500
f 6482 	6402 	6401
f 6488 	6487 	6489
f 6487 	6401 	6489
f 6487 	6482 	6401
f 6489 	6401 	6502
f 6411 	6503 	6502
f 6411 	6502 	6401
f 6430 	6417 	6342
f 6342 	6312 	6430
f 6431 	6430 	6312
f 6342 	6417 	6415
f 6416 	6415 	6417
f 6415 	6408 	6342
f 6342 	6408 	6479
f 6504 	6505 	6506
f 6505 	6507 	6506
f 6509 	6510 	6508
f 6506 	6507 	6511
f 6511 	6513 	6506
f 6512 	6504 	6506
f 6512 	6517 	6509
f 6513 	6516 	6506
f 6510 	6509 	6517
f 6513 	6514 	6516
f 6517 	6512 	6506
f 6523 	6519 	6516
f 6519 	6518 	6516
f 6506 	6516 	6518
f 6518 	6520 	6517
f 6518 	6517 	6506
f 6521 	6510 	6520
f 6517 	6520 	6510
f 6519 	6522 	6518
f 6521 	6520 	6518
f 6521 	6518 	6522
f 6523 	6530 	6519
f 6510 	6524 	6559
f 6515 	6556 	6524
f 6640 	6526 	6521
f 6526 	6525 	6521
f 6510 	6521 	6525
f 6510 	6525 	6524
f 6527 	6524 	6525
f 6528 	6515 	6527
f 6524 	6527 	6515
f 6526 	6529 	6525
f 6528 	6525 	6529
f 6528 	6527 	6525
f 6522 	6519 	6530
f 6636 	6522 	6635
f 6530 	6635 	6522
f 6509 	6508 	6504
f 6512 	6509 	6504
f 6383 	6504 	6508
f 6531 	6532 	6533
f 6534 	6533 	6532
f 6538 	6533 	6534
f 6537 	6535 	6536
f 6539 	6540 	6533
f 6539 	6533 	6538
f 6540 	6539 	6541
f 6540 	6541 	6542
f 6543 	6544 	6533
f 6531 	6533 	6544
f 6535 	6537 	6543
f 6544 	6543 	6537
f 6554 	6546 	6540
f 6546 	6545 	6540
f 6533 	6540 	6545
f 6533 	6545 	6543
f 6547 	6543 	6545
f 6548 	6535 	6547
f 6543 	6547 	6535
f 6546 	6549 	6545
f 6548 	6547 	6545
f 6548 	6545 	6549
f 6542 	6541 	6550
f 6552 	6542 	6551
f 6551 	6542 	6550
f 6552 	6551 	6508
f 6552 	6508 	6510
f 6559 	6556 	6552
f 6554 	6540 	6542
f 6553 	6554 	6542
f 6549 	6546 	6553
f 6554 	6553 	6546
f 6556 	6555 	6552
f 6542 	6552 	6555
f 6542 	6555 	6553
f 6557 	6553 	6555
f 6558 	6549 	6557
f 6553 	6557 	6549
f 6555 	6556 	6515
f 6558 	6555 	6515
f 6558 	6557 	6555
f 6552 	6510 	6559
f 6559 	6524 	6556
f 6564 	6565 	6548
f 6566 	6564 	6549
f 6558 	6560 	6561
f 6561 	6573 	6558
f 6560 	6558 	6515
f 6560 	6641 	6561
f 6569 	6568 	6535
f 6562 	6645 	6568
f 6571 	6562 	6570
f 6565 	6569 	6548
f 6535 	6548 	6569
f 6548 	6549 	6564
f 6564 	6566 	6565
f 6566 	6567 	6565
f 6569 	6570 	6568
f 6568 	6570 	6562
f 6565 	6567 	6569
f 6571 	6569 	6567
f 6571 	6570 	6569
f 6582 	6562 	6572
f 6577 	6562 	6571
f 6549 	6558 	6573
f 6549 	6573 	6566
f 6574 	6566 	6573
f 6574 	6567 	6566
f 6575 	6567 	6574
f 6561 	6642 	6573
f 6575 	6574 	6573
f 6563 	6583 	6572
f 6562 	6576 	6572
f 6562 	6577 	6576
f 6571 	6567 	6577
f 6572 	6576 	6563
f 6464 	6652 	6584
f 6463 	6464 	6563
f 6532 	6531 	6373
f 6384 	6532 	6373
f 6534 	6532 	6384
f 6537 	6536 	6531
f 6373 	6531 	6536
f 6544 	6537 	6531
f 6578 	6579 	6581
f 6580 	6581 	6579
f 6580 	6579 	6536
f 6580 	6536 	6535
f 6644 	6645 	6580
f 6568 	6644 	6535
f 6580 	6535 	6644
f 6582 	6572 	6583
f 6651 	6657 	6589
f 6657 	6652 	6466
f 6466 	6465 	6657
f 6343 	6344 	6373
f 6578 	6346 	6373
f 6373 	6536 	6578
f 6579 	6578 	6536
f 6384 	6383 	6534
f 6538 	6534 	6383
f 6539 	6538 	6541
f 6550 	6541 	6383
f 6538 	6383 	6541
f 6383 	6508 	6550
f 6508 	6551 	6550
f 6395 	6394 	6507
f 6511 	6507 	6394
f 6514 	6511 	6394
f 6513 	6511 	6514
f 6343 	6587 	6344
f 6346 	6578 	6581
f 6585 	6344 	6587
f 6343 	6347 	6587
f 6586 	6587 	6347
f 6303 	6590 	6304
f 6304 	6588 	6305
f 6301 	6585 	6587
f 6301 	6587 	6303
f 6595 	6590 	6587
f 6303 	6587 	6590
f 6587 	6586 	6595
f 6588 	6304 	6590
f 6591 	6588 	6590
f 6588 	6591 	6596
f 6335 	6597 	6333
f 6458 	6337 	6592
f 6347 	6346 	6586
f 6586 	6593 	6594
f 6653 	6593 	6581
f 6594 	6593 	6653
f 6595 	6586 	6594
f 6591 	6590 	6595
f 6598 	6595 	6594
f 6591 	6595 	6596
f 6597 	6335 	6588
f 6335 	6328 	6588
f 6589 	6333 	6597
f 6588 	6599 	6597
f 6597 	6600 	6589
f 6600 	6651 	6589
f 6656 	6340 	6589
f 6340 	6656 	6338
f 6592 	6338 	6656
f 6581 	6586 	6346
f 6586 	6581 	6593
f 6598 	6594 	6653
f 6596 	6595 	6598
f 6654 	6601 	6596
f 6648 	6598 	6647
f 6600 	6597 	6599
f 6601 	6599 	6596
f 6588 	6596 	6599
f 6488 	6489 	6492
f 6632 	6484 	6637
f 6602 	6489 	6502
f 6483 	6492 	6604
f 6603 	6604 	6492
f 6483 	6604 	6493
f 6494 	6493 	6604
f 6604 	6603 	6606
f 6605 	6604 	6606
f 6494 	6604 	6605
f 6602 	6502 	6503
f 6607 	6492 	6602
f 6606 	6603 	6615
f 6607 	6615 	6603
f 6616 	6610 	6605
f 6610 	6609 	6605
f 6484 	6605 	6609
f 6609 	6611 	6608
f 6609 	6608 	6484
f 6612 	6491 	6611
f 6608 	6611 	6491
f 6610 	6613 	6609
f 6612 	6611 	6609
f 6612 	6609 	6613
f 6503 	6614 	6602
f 6414 	6614 	6411
f 6503 	6411 	6614
f 6602 	6615 	6607
f 6621 	6617 	6614
f 6602 	6618 	6615
f 6616 	6605 	6606
f 6616 	6622 	6610
f 6617 	6618 	6614
f 6602 	6614 	6618
f 6619 	6615 	6618
f 6615 	6619 	6606
f 6620 	6606 	6619
f 6617 	6418 	6618
f 6620 	6619 	6618
f 6620 	6618 	6418
f 6621 	6427 	6617
f 6622 	6616 	6606
f 6613 	6610 	6622
f 6628 	6624 	6620
f 6624 	6623 	6620
f 6606 	6620 	6623
f 6606 	6623 	6622
f 6625 	6622 	6623
f 6620 	6418 	6628
f 6613 	6622 	6625
f 6613 	6625 	6626
f 6623 	6624 	6422
f 6626 	6623 	6422
f 6626 	6625 	6623
f 6628 	6451 	6624
f 6495 	6497 	6627
f 6496 	6627 	6497
f 6475 	6613 	6626
f 6475 	6476 	6613
f 6612 	6630 	6491
f 6629 	6491 	6630
f 6629 	6627 	6491
f 6630 	6613 	6476
f 6612 	6613 	6630
f 6630 	6476 	6629
f 6627 	6629 	6495
f 6476 	6495 	6629
f 6498 	6477 	6529
f 6478 	6643 	6529
f 6477 	6478 	6529
f 6463 	6642 	6478
f 6477 	6498 	6495
f 6480 	6394 	6481
f 6402 	6481 	6394
f 6481 	6402 	6482
f 6486 	6485 	6480
f 6490 	6486 	6480
f 6394 	6480 	6485
f 6516 	6514 	6631
f 6631 	6514 	6500
f 6632 	6631 	6501
f 6500 	6501 	6631
f 6523 	6516 	6631
f 6501 	6485 	6632
f 6484 	6632 	6485
f 6637 	6634 	6632
f 6631 	6530 	6523
f 6634 	6633 	6632
f 6631 	6632 	6633
f 6631 	6633 	6530
f 6635 	6530 	6633
f 6633 	6634 	6491
f 6636 	6635 	6633
f 6636 	6633 	6491
f 6608 	6637 	6484
f 6479 	6406 	6342
f 6405 	6406 	6479
f 6359 	6342 	6406
f 6401 	6404 	6479
f 6445 	6453 	6441
f 6444 	6441 	6453
f 6443 	6444 	6460
f 6459 	6460 	6444
f 6460 	6447 	6443
f 6449 	6638 	6429
f 6432 	6638 	6449
f 6432 	6449 	6436
f 6639 	6640 	6522
f 6521 	6522 	6640
f 6529 	6526 	6639
f 6640 	6639 	6526
f 6639 	6659 	6529
f 6641 	6560 	6515
f 6561 	6641 	6642
f 6575 	6573 	6642
f 6461 	6462 	6567
f 6577 	6567 	6462
f 6567 	6575 	6461
f 6576 	6462 	6563
f 6577 	6462 	6576
f 6463 	6563 	6462
f 6463 	6461 	6642
f 6575 	6642 	6461
f 6528 	6643 	6515
f 6515 	6643 	6499
f 6499 	6641 	6515
f 6643 	6528 	6529
f 6641 	6499 	6642
f 6395 	6505 	6383
f 6383 	6505 	6504
f 6507 	6505 	6395
f 6645 	6646 	6580
f 6581 	6580 	6646
f 6644 	6568 	6645
f 6647 	6653 	6646
f 6653 	6647 	6598
f 6646 	6645 	6562
f 6648 	6646 	6562
f 6648 	6647 	6646
f 6582 	6583 	6648
f 6648 	6562 	6582
f 6650 	6655 	6649
f 6598 	6649 	6655
f 6583 	6649 	6648
f 6598 	6648 	6649
f 6584 	6652 	6650
f 6584 	6650 	6649
f 6584 	6649 	6563
f 6649 	6583 	6563
f 6654 	6596 	6598
f 6651 	6600 	6599
f 6651 	6599 	6652
f 6601 	6652 	6599
f 6581 	6646 	6653
f 6655 	6654 	6598
f 6601 	6654 	6655
f 6601 	6655 	6652
f 6655 	6650 	6652
f 6334 	6589 	6340
f 6465 	6589 	6657
f 6656 	6589 	6465
f 6464 	6466 	6652
f 6652 	6657 	6651
f 6656 	6465 	6592
f 6585 	6301 	6302
f 6345 	6585 	6302
f 6344 	6585 	6345
f 6634 	6637 	6608
f 6634 	6608 	6491
f 6496 	6497 	6636
f 6627 	6496 	6491
f 6497 	6658 	6636
f 6522 	6636 	6658
f 6658 	6659 	6639
f 6522 	6658 	6639
f 6636 	6491 	6496
f 6498 	6529 	6659
f 6497 	6495 	6658
f 6495 	6498 	6658
f 6498 	6659 	6658
# 640 faces

g group_22_11107152

usemtl color_11107152
s 0

f 6350 	6351 	6349
f 6351 	6352 	6349
f 6348 	6349 	6352
f 6348 	6352 	6353
f 6348 	6353 	6354
f 6348 	6354 	6355
f 6348 	6355 	6356
f 6348 	6356 	6357
f 6348 	6357 	6358
f 6348 	6358 	6368
f 6355 	6359 	6356
f 6354 	6360 	6359
f 6354 	6359 	6355
f 6353 	6361 	6360
f 6353 	6360 	6354
f 6361 	6353 	6362
f 6352 	6362 	6353
f 6352 	6351 	6363
f 6352 	6363 	6362
f 6351 	6350 	6364
f 6351 	6364 	6363
f 6349 	6348 	6371
f 6367 	6374 	6366
f 6368 	6376 	6367
f 6350 	6369 	6364
f 6370 	6369 	6349
f 6350 	6349 	6369
f 6349 	6371 	6370
f 6375 	6372 	6368
f 6368 	6372 	6348
f 6371 	6348 	6372
f 6365 	6366 	6374
f 6375 	6368 	6367
f 6380 	6379 	6366
f 6380 	6366 	6381
f 6365 	6381 	6366
f 6374 	6382 	6365
f 6378 	6367 	6377
f 6374 	6367 	6378
f 6377 	6367 	6376
f 6358 	6396 	6368
f 6367 	6379 	6375
f 6367 	6366 	6379
f 6381 	6365 	6382
f 6378 	6382 	6374
f 6390 	6389 	6377
f 6376 	6391 	6377
f 6387 	6368 	6386
f 6376 	6368 	6387
f 6386 	6368 	6385
f 6396 	6388 	6368
f 6378 	6389 	6382
f 6378 	6377 	6389
f 6390 	6377 	6391
f 6392 	6376 	6387
f 6376 	6392 	6391
f 6400 	6393 	6386
f 6387 	6393 	6392
f 6385 	6368 	6388
f 6388 	6397 	6385
f 6403 	6399 	6396
f 6388 	6396 	6399
f 6396 	6358 	6403
f 6404 	6403 	6358
f 6387 	6386 	6393
f 6398 	6400 	6385
f 6386 	6385 	6400
f 6385 	6397 	6398
f 6397 	6388 	6399
f 6404 	6358 	6357
f 6404 	6357 	6405
f 6405 	6357 	6406
f 6356 	6406 	6357
f 6356 	6359 	6406
# 74 faces

 #end of obj_22

o obj_23
v 165.1916 		86.9198 		41.9452
v 169.2213 		91.321 		32.6694
v 164.4572 		84.7713 		52.1239
v 164.633 		84.9116 		52.0446
v 165.5344 		84.9787 		55.7531
v 167.8512 		82.7617 		36.0079
v 169.1082 		82.4027 		34.6399
v 170.1472 		80.9258 		41.9452
v 167.2403 		84.2113 		41.9452
v 173.1808 		84.078 		41.9452
v 168.1167 		80.4024 		52.0439
v 168.626 		79.6605 		55.7531
v 166.9687 		84.1554 		43.9926
v 166.9243 		83.9361 		44.1505
v 168.127 		83.1731 		49.8986
v 168.1369 		81.5736 		56.7177
v 167.9067 		80.4832 		52.123
v 166.9805 		81.2659 		61.5429
v 169.4884 		86.6577 		49.8986
v 167.3403 		81.6753 		61.735
v 166.692 		82.0969 		58.5563
v 167.1513 		81.0804 		62.5621
v 168.7855 		83.2971 		62.5621
v 166.3445 		85.4463 		49.8986
v 165.4941 		84.3457 		55.5287
v 166.4986 		82.0925 		58.6242
v 165.9261 		80.5874 		68.9264
v 165.7848 		84.2945 		56.7177
v 166.3209 		83.0309 		62.5621
v 165.788 		80.6208 		68.9762
v 165.6563 		82.852 		66.8648
v 165.5065 		82.4103 		66.6999
v 165.0036 		82.9746 		64.1398
v 165.7032 		82.3189 		67.5743
v 164.852 		82.9082 		64.1979
v 165.8418 		81.3208 		71.8702
v 165.3357 		81.3192 		75.0319
v 164.8956 		81.5296 		73.0286
v 165.1449 		81.0341 		74.9107
v 164.7755 		81.5111 		73.0712
v 168.313 		83.0265 		32.6694
v 176 		79.6605 		32.6694
v 160.8731 		86.0623 		41.9452
v 162.4427 		85.8629 		36.0081
v 162.4427 		86.3925 		32.6694
v 160.7857 		85.801 		43.9929
v 160.9552 		85.6527 		44.1511
v 161.7411 		82.2617 		14
v 162.4427 		82.3533 		14
v 163.1443 		82.2617 		14
v 163.7984 		81.9925 		14
v 164.3597 		81.5643 		14
v 164.7908 		81.0069 		14
v 165.0619 		80.3573 		14
v 165.1541 		79.6605 		14
v 165.0619 		78.9637 		14
v 164.7908 		78.3141 		14
v 164.3597 		77.7567 		14
v 164.776 		79.6605 		20.3591
v 164.6229 		80.2405 		21.6439
v 164.3468 		80.7523 		22.623
v 164.0383 		81.2452 		21.6436
v 163.6093 		81.6673 		20.3592
v 163.6093 		81.6673 		20.3591
v 159.8234 		80.3573 		14
v 160.0945 		81.0069 		14
v 160.5257 		81.5643 		14
v 161.0869 		81.9925 		14
v 163.0266 		81.8257 		21.6445
v 162.4427 		81.8441 		22.623
v 161.8587 		81.8257 		21.6445
v 161.276 		81.6673 		20.3591
v 155.664 		91.321 		32.6694
v 159.7312 		79.6605 		14
v 161.276 		81.6673 		20.3592
v 160.5257 		77.7567 		14
v 160.0945 		78.3141 		14
v 159.8234 		78.9637 		14
v 160.847 		81.2452 		21.6436
v 160.5386 		80.7523 		22.623
v 160.2625 		80.2405 		21.6439
v 160.1093 		79.6605 		20.3591
v 148.8853 		79.6605 		32.6694
v 156.5723 		83.0265 		32.6694
v 162.4427 		76.9677 		14
v 161.7411 		77.0593 		14
v 161.0869 		77.3285 		14
v 163.1443 		77.0593 		14
v 160.2625 		79.0805 		21.6439
v 160.5386 		78.5687 		22.623
v 160.847 		78.0758 		21.6436
v 161.276 		77.6537 		20.3592
v 161.276 		77.6537 		20.3591
v 155.664 		68 		32.6694
v 156.5723 		76.2945 		32.6694
v 163.7984 		77.3285 		14
v 163.0266 		77.4953 		21.6445
v 162.4427 		77.4769 		22.623
v 163.6093 		77.6537 		20.3591
v 161.8587 		77.4953 		21.6445
v 169.2213 		68 		32.6694
v 162.4427 		72.9285 		32.6694
v 163.6093 		77.6537 		20.3592
v 164.0383 		78.0758 		21.6436
v 164.3468 		78.5687 		22.623
v 164.6229 		79.0805 		21.6439
v 168.1666 		75.2986 		34.64
v 167.8512 		76.5593 		36.008
v 167.3983 		73.6666 		41.9452
v 165.9266 		75.1516 		52.0439
v 165.5342 		74.3424 		55.7538
v 165.8922 		75.3723 		52.1228
v 171.6637 		72.6336 		41.9452
v 167.6433 		72.9298 		56.7177
v 168.8098 		77.8095 		41.9452
v 168.4118 		77.9437 		44.1501
v 168.6253 		78.0151 		43.9922
v 164.8457 		73.8993 		67.5743
v 168.3478 		76.5277 		49.8986
v 166.9583 		75.7194 		56.7177
v 166.1116 		76.5604 		61.5438
v 163.0453 		75.1164 		75.5524
v 166.6917 		77.2243 		58.5555
v 166.6482 		76.4557 		61.7358
v 166.0352 		76.321 		62.5621
v 166.5916 		77.3878 		58.6232
v 164.8935 		76.0095 		67.5743
v 172.0677 		77.099 		49.8986
v 168.7855 		76.0239 		62.5621
v 169.4389 		79.1975 		49.8986
v 168.0539 		79.3786 		55.5288
v 164.9927 		77.128 		68.9262
v 164.8146 		76.5907 		71.263
v 164.4534 		76.7665 		71.1218
v 164.3534 		76.611 		71.8702
v 166.2489 		75.8805 		71.8702
v 168.1546 		79.1031 		56.7177
v 170.9126 		80.7679 		56.7177
v 167.3213 		78.01 		62.5621
v 166.8323 		78.4923 		66.8662
v 166.6128 		79.1153 		64.1393
v 166.3724 		78.4003 		66.7014
v 166.3911 		78.1859 		67.5743
v 168.6675 		78.8466 		67.5743
v 166.4794 		79.2122 		64.1973
v 165.3357 		78.0018 		75.0318
v 165.299 		78.4857 		73.028
v 164.9913 		78.0233 		74.9105
v 165.5898 		77.5673 		71.8702
v 164.9635 		77.8674 		75.5524
v 163.4833 		76.6051 		75.5524
v 166.7064 		77.9068 		75.5524
v 166.8518 		79.9427 		67.5743
v 166.3058 		80.1656 		71.263
v 165.9717 		79.9427 		71.1216
v 166.0574 		79.7789 		71.8702
v 167.6419 		81.0439 		71.8702
v 165.2668 		80.9322 		75.5524
v 165.6272 		79.0279 		75.5524
v 165.2229 		78.5797 		73.0707
v 162.0781 		80.0226 		87.1072
v 162.0939 		80.1118 		86.4125
v 162.4427 		79.6605 		90
v 162.5762 		80.1555 		87.1059
v 163.417 		80.9214 		82.2196
v 162.6621 		80.1866 		86.4098
v 162.941 		79.7931 		87.1061
v 164.0294 		79.453 		82.2196
v 164.1948 		79.6577 		80.1866
v 163.0111 		79.7348 		86.4101
v 162.8075 		79.2982 		87.106
v 163.3163 		78.1523 		80.1872
v 163.055 		78.1924 		82.2212
v 162.7918 		79.2086 		86.409
v 162.3091 		79.1655 		87.1059
v 162.2232 		79.1344 		86.4098
v 161.9443 		79.5279 		87.1061
v 161.8742 		79.5862 		86.4101
v 168.313 		76.2945 		32.6694
v 159.6938 		72.4012 		41.9452
v 161.5009 		72.5564 		34.64
v 162.4427 		73.4581 		36.0081
v 160.9256 		68.2161 		41.9452
v 159.1733 		71.8224 		56.7177
v 159.351 		74.3423 		55.7531
v 160.2524 		74.4094 		52.0446
v 164.0122 		73.2587 		41.9452
v 163.9301 		73.6683 		44.1511
v 164.0996 		73.52 		43.9929
v 160.4281 		74.5497 		52.1239
v 158.6202 		74.7132 		67.5743
v 162.6636 		73.0155 		49.8986
v 161.2636 		73.8068 		56.7177
v 161.5735 		74.9553 		61.5435
v 158.7815 		76.8708 		75.5524
v 160.1098 		77.8099 		73.0712
v 159.9898 		77.7914 		73.0286
v 159.6185 		78.3888 		75.5524
v 160.8559 		79.868 		82.2196
v 158.5408 		73.8747 		49.8986
v 159.3912 		74.9753 		55.5287
v 165.5373 		73.4115 		49.8986
v 165.0026 		74.6934 		55.5295
v 154.7381 		78.3952 		41.9452
v 155.7771 		76.9183 		34.6399
v 151.7046 		75.243 		41.9452
v 157.0341 		76.5593 		36.0079
v 156.2593 		79.6605 		55.7531
v 156.7686 		78.9186 		52.0439
v 153.9727 		78.5531 		56.7177
v 157.645 		75.1097 		41.9452
v 156.9786 		78.8378 		52.123
v 157.9611 		75.3849 		44.1505
v 157.9166 		75.1656 		43.9926
v 156.2178 		80.4744 		67.5743
v 156.7584 		76.1479 		49.8986
v 156.7484 		77.7474 		56.7177
v 157.545 		77.6457 		61.735
v 158.1933 		77.2241 		58.5563
v 157.9048 		78.0551 		61.5429
v 157.7341 		78.2406 		62.5621
v 156.0999 		76.0239 		62.5621
v 158.3867 		77.2285 		58.6242
v 158.0335 		79.3783 		67.5743
v 158.5795 		79.1554 		71.263
v 158.9592 		78.7336 		68.9264
v 158.9136 		79.3783 		71.1216
v 158.828 		79.5421 		71.8702
v 157.2434 		78.2771 		71.8702
v 158.5644 		76.2901 		62.5621
v 157.487 		85.6544 		41.9452
v 156.7187 		84.0224 		34.64
v 153.2216 		86.6874 		41.9452
v 157.0341 		82.7617 		36.008
v 157.2421 		86.3912 		56.7177
v 159.3511 		84.9786 		55.7538
v 158.9588 		84.1694 		52.0439
v 156.0756 		81.5115 		41.9452
v 156.4735 		81.3773 		44.1501
v 156.5375 		82.7933 		49.8986
v 156.26 		81.3059 		43.9922
v 152.8176 		82.222 		49.8986
v 157.927 		83.6016 		56.7177
v 158.9932 		83.9487 		52.1228
v 158.2372 		82.8653 		61.7358
v 158.1937 		82.0967 		58.5555
v 158.7738 		82.7606 		61.5438
v 158.8501 		83 		62.5621
v 156.0999 		83.2971 		62.5621
v 155.4465 		80.1235 		49.8986
v 156.8314 		79.9424 		55.5288
v 156.7308 		80.2179 		56.7177
v 157.564 		81.311 		62.5621
v 158.2938 		81.9331 		58.6232
v 158.053 		80.8287 		66.8662
v 158.2726 		80.2057 		64.1393
v 158.5129 		80.9207 		66.7014
v 158.4943 		81.1351 		67.5743
v 158.4059 		80.1088 		64.1973
v 159.6624 		80.7413 		73.0707
v 159.5863 		80.8353 		73.028
v 160.0396 		85.4211 		67.5743
v 161.84 		84.2046 		75.5524
v 159.9325 		82.0574 		68.9763
v 159.8926 		82.193 		68.9262
v 159.2956 		81.7537 		71.8702
v 158.6364 		83.4405 		71.8702
v 159.9919 		83.3115 		67.5743
v 160.0707 		82.7303 		71.263
v 160.432 		82.5545 		71.1218
v 160.532 		82.71 		71.8702
v 161.4021 		82.7156 		75.5524
v 159.5498 		81.3191 		75.0324
v 159.8941 		81.2975 		74.9113
v 159.9219 		81.4532 		75.5524
v 161.8304 		81.1283 		82.2214
v 161.5694 		81.1682 		80.1896
v 159.348 		85.9095 		49.8986
v 159.8827 		84.6276 		55.5295
v 160.0725 		84.8519 		56.7177
v 159.8634 		89.2193 		49.8986
v 161.9952 		82.5923 		73.0703
v 162.039 		82.7045 		73.0277
v 162.7458 		82.7253 		75.5524
v 163.3844 		86.7646 		34.64
v 162.2217 		86.3055 		49.8986
v 163.9597 		91.1049 		41.9452
v 165.712 		87.4986 		56.7177
v 166.2652 		84.6072 		67.5743
v 163.6217 		85.5142 		56.7177
v 163.3118 		84.3657 		61.5435
v 166.1038 		82.4502 		75.5524
v 162.3499 		84.3648 		58.6241
v 162.4427 		84.5332 		58.5562
v 163.1346 		84.8801 		61.7357
v 163.5588 		84.4198 		62.5621
v 164.4012 		83.5937 		67.5743
v 162.4427 		86.9338 		62.5621
v 163.9338 		83.2354 		71.2631
v 163.9611 		82.8368 		71.1216
v 163.3759 		83.1196 		68.9257
v 165.0219 		70.1017 		49.8986
v 162.4427 		74.7878 		58.5562
v 161.7508 		74.4409 		61.7357
v 161.3266 		74.9012 		62.5621
v 162.4427 		72.3872 		62.5621
v 162.5355 		74.9562 		58.6241
v 160.4842 		75.7268 		67.5743
v 160.9515 		76.0856 		71.2631
v 161.5095 		76.2014 		68.9257
v 160.9243 		76.4838 		71.1217
v 160.7385 		76.4921 		71.8702
v 161.0496 		74.4971 		71.8702
v 164.8128 		74.4691 		56.7177
v 163.4427 		74.6397 		62.5621
v 161.6074 		76.3032 		68.9754
v 164.0524 		75.8011 		64.1391
v 163.6191 		75.3008 		66.8653
v 163.3087 		75.6506 		66.7004
v 163.1308 		75.5272 		67.5743
v 164.0703 		75.9644 		64.1972
v 162.191 		75.907 		71.8702
v 162.4427 		76.343 		75.0318
v 162.8463 		76.6165 		73.0277
v 162.2894 		76.6497 		74.9105
v 162.1396 		76.5957 		75.5524
v 160.2986 		77.238 		75.5524
v 162.8902 		76.7287 		73.0704
v 161.4688 		78.4 		82.222
v 161.5644 		78.1555 		80.19
v 155.3969 		72.6633 		49.8986
v 159.1006 		75.0265 		56.7177
v 159.2291 		76.469 		66.865
v 159.8821 		76.3464 		64.1388
v 159.3789 		76.9108 		66.7001
v 159.1822 		77.0021 		67.5743
v 160.0332 		76.4126 		64.1968
v 164.9528 		77.2636 		68.9763
v 159.0435 		78.0002 		71.8702
v 159.0973 		78.7002 		68.9762
v 159.2581 		80.2931 		75.5524
v 158.1789 		81.4142 		75.5524
v 160.6905 		79.6633 		80.1866
v 160.815 		83.3566 		64.1973
v 160.8328 		83.5196 		64.1393
v 161.2663 		84.0201 		66.8656
v 161.5767 		83.6704 		66.7004
v 161.7546 		83.7939 		67.5743
v 162.4427 		82.978 		75.0318
v 162.5959 		82.6713 		74.9105
v 164.1469 		82.8285 		71.8702
v 163.8357 		84.8239 		71.8702
v 161.4426 		84.6813 		62.5621
v 163.278 		83.0178 		68.9754
v 162.6944 		83.414 		71.8702
v 164.5868 		82.083 		75.5524
v 163.3213 		81.1662 		80.1857
v 159.5496 		78.0018 		75.0319
v 159.7405 		78.2869 		74.9107
# 359 vertices

g group_23_1206582

usemtl color_1206582
s 0

f 6662 	6663 	6660
f 6660 	6664 	6661
f 6664 	6660 	6663
f 6669 	6666 	6665
f 6669 	6667 	6666
f 6679 	6675 	6669
f 6670 	6797 	6671
f 6674 	6669 	6673
f 6669 	6665 	6668
f 6668 	6673 	6669
f 6672 	6674 	6673
f 6667 	6669 	6676
f 6675 	6676 	6669
f 6669 	6674 	6679
f 6797 	6670 	6675
f 6676 	6675 	6670
f 6675 	6677 	6797
f 6685 	6680 	6674
f 6675 	6679 	6677
f 6681 	6797 	6677
f 6681 	6677 	6679
f 6678 	6674 	6672
f 6683 	6678 	6672
f 6679 	6674 	6680
f 6685 	6674 	6678
f 6678 	6688 	6685
f 6680 	6682 	6679
f 6682 	6681 	6679
f 6684 	6678 	6683
f 6687 	6678 	6684
f 6682 	6680 	6688
f 6685 	6688 	6680
f 6686 	6813 	6681
f 6689 	6686 	6681
f 6689 	6681 	6682
f 6684 	6664 	6687
f 6687 	6664 	6947
f 6694 	6692 	6687
f 6678 	6690 	6688
f 6692 	6690 	6687
f 6693 	6682 	6691
f 6689 	6695 	6686
f 6688 	6690 	6691
f 6678 	6687 	6690
f 6688 	6691 	6682
f 6693 	6691 	6690
f 6693 	6690 	6948
f 6690 	6692 	6948
f 6682 	6695 	6689
f 6697 	6696 	6693
f 6682 	6693 	6696
f 6696 	6698 	6695
f 6696 	6695 	6682
f 6697 	6951 	6696
f 6698 	6696 	6817
f 6693 	6699 	6697
f 6666 	6700 	6665
f 6701 	6700 	6666
f 6667 	6701 	6666
f 6670 	6671 	6667
f 6701 	6667 	6671
f 6667 	6676 	6670
f 6700 	6661 	6665
f 6665 	6661 	6668
f 6673 	6668 	6672
f 6661 	6683 	6672
f 6672 	6668 	6661
f 6683 	6661 	6664
f 6684 	6683 	6664
f 6704 	6732 	6703
f 6706 	6702 	6705
f 6732 	6705 	6702
f 6720 	6721 	6700
f 6661 	6700 	6721
f 6721 	6722 	6661
f 6723 	6661 	6722
f 6729 	6730 	6704
f 6732 	6704 	6730
f 6730 	6731 	6732
f 6731 	6734 	6732
f 6704 	6661 	6728
f 6729 	6704 	6728
f 6728 	6661 	6723
f 6718 	6719 	6701
f 6720 	6700 	6719
f 6700 	6701 	6719
f 6743 	6739 	6740
f 6742 	6743 	6740
f 6740 	6741 	6742
f 6749 	6750 	6754
f 6753 	6754 	6750
f 6750 	6751 	6753
f 6751 	6752 	6753
f 6753 	6759 	6761
f 6742 	6748 	6754
f 6748 	6742 	6741
f 6749 	6754 	6748
f 6743 	6732 	6738
f 6743 	6738 	6739
f 6734 	6738 	6732
f 6757 	6756 	6761
f 6760 	6761 	6756
f 6758 	6760 	6756
f 6758 	6762 	6760
f 6762 	6763 	6760
f 6764 	6838 	6763
f 6757 	6761 	6759
f 6752 	6759 	6753
f 6774 	6772 	6767
f 6769 	6773 	6770
f 6766 	6772 	6768
f 6766 	6767 	6772
f 6775 	6772 	6774
f 6778 	6772 	6775
f 6768 	6772 	6771
f 6771 	6779 	6769
f 6776 	6778 	6775
f 6773 	6769 	6779
f 6980 	6973 	6773
f 6772 	6779 	6771
f 6785 	6782 	6778
f 6772 	6783 	6779
f 6779 	6780 	6773
f 6784 	6773 	6780
f 6777 	6976 	6786
f 6787 	6776 	6789
f 6772 	6778 	6783
f 6782 	6783 	6778
f 6780 	6779 	6783
f 6783 	6782 	6788
f 6784 	6783 	6788
f 6780 	6783 	6784
f 6782 	6785 	6798
f 6798 	6788 	6782
f 6997 	6791 	6784
f 6786 	6980 	6773
f 6773 	6792 	6786
f 6794 	6777 	6793
f 6776 	6787 	6778
f 6798 	6785 	6787
f 6785 	6778 	6787
f 6789 	6790 	6787
f 6788 	6997 	6784
f 6791 	6792 	6784
f 6773 	6784 	6792
f 6793 	6786 	6792
f 6786 	6793 	6777
f 6791 	6795 	6792
f 6794 	6792 	6795
f 6793 	6792 	6794
f 6790 	6796 	6787
f 6796 	6790 	6671
f 6796 	6671 	6797
f 6804 	6800 	6796
f 6800 	6799 	6796
f 6787 	6796 	6799
f 6799 	6801 	6798
f 6799 	6798 	6787
f 6802 	6788 	6801
f 6798 	6801 	6788
f 6800 	6803 	6799
f 6802 	6801 	6799
f 6802 	6799 	6803
f 6806 	6805 	6802
f 6788 	6802 	6805
f 6805 	6807 	6808
f 6805 	6808 	6788
f 6795 	6808 	6807
f 6795 	6807 	6809
f 6987 	6777 	6810
f 6806 	6811 	6805
f 6809 	6805 	6811
f 6807 	6805 	6809
f 6812 	6804 	6797
f 6804 	6796 	6797
f 6797 	6681 	6813
f 6813 	6814 	6812
f 6813 	6812 	6797
f 6815 	6803 	6814
f 6803 	6812 	6814
f 6686 	6816 	6813
f 6815 	6813 	6816
f 6815 	6814 	6813
f 6686 	6695 	6816
f 6817 	6816 	6698
f 6695 	6698 	6816
f 6806 	6819 	6818
f 6806 	6818 	6811
f 6781 	6983 	6810
f 6822 	6951 	6825
f 6824 	6825 	6951
f 6943 	6922 	6823
f 6825 	6823 	6822
f 6821 	6820 	6822
f 6826 	6816 	6817
f 6829 	6828 	6816
f 6826 	6829 	6816
f 6815 	6828 	6803
f 6827 	6803 	6828
f 6827 	6818 	6803
f 6828 	6815 	6816
f 6822 	6811 	6829
f 6827 	6829 	6811
f 6828 	6829 	6827
f 6818 	6827 	6811
f 6830 	6795 	6809
f 6794 	6831 	6777
f 6832 	6777 	6831
f 6832 	6810 	6777
f 6831 	6795 	6833
f 6794 	6795 	6831
f 6830 	6833 	6795
f 6831 	6833 	6832
f 6781 	6832 	6833
f 6781 	6833 	6822
f 6810 	6832 	6781
f 6822 	6834 	6781
f 6811 	6822 	6830
f 6830 	6809 	6811
f 6833 	6830 	6822
f 6817 	6951 	6826
f 6822 	6826 	6951
f 6822 	6829 	6826
f 6822 	6854 	6835
f 6822 	6837 	6836
f 6822 	6836 	6854
f 6835 	6834 	6822
f 6985 	6781 	6834
f 6767 	6766 	6838
f 6838 	6766 	6760
f 6768 	6760 	6766
f 6769 	6770 	6768
f 6771 	6769 	6768
f 6760 	6768 	6770
f 6839 	6840 	6842
f 6840 	6841 	6842
f 6846 	6842 	6841
f 6839 	6842 	6849
f 6845 	6843 	6844
f 6846 	6847 	6842
f 6845 	6852 	6843
f 6849 	6852 	6845
f 6851 	6842 	6847
f 6961 	6851 	6848
f 6966 	6962 	6851
f 6849 	6842 	6852
f 6852 	6853 	6843
f 6964 	6843 	6853
f 7002 	6837 	6858
f 6858 	6837 	7001
f 6844 	6859 	6753
f 6859 	6873 	6753
f 6844 	6860 	6859
f 6841 	6761 	6760
f 6847 	6846 	6848
f 6846 	6760 	6848
f 6846 	6841 	6760
f 6848 	6760 	6861
f 6770 	6862 	6861
f 6770 	6861 	6760
f 6789 	6776 	6701
f 6701 	6671 	6789
f 6790 	6789 	6671
f 6701 	6776 	6774
f 6775 	6774 	6776
f 6774 	6767 	6701
f 6701 	6767 	6838
f 6863 	6864 	6865
f 6864 	6866 	6865
f 6868 	6869 	6867
f 6865 	6866 	6870
f 6870 	6872 	6865
f 6871 	6863 	6865
f 6871 	6876 	6868
f 6872 	6875 	6865
f 6869 	6868 	6876
f 6872 	6873 	6875
f 6876 	6871 	6865
f 6882 	6878 	6875
f 6878 	6877 	6875
f 6865 	6875 	6877
f 6877 	6879 	6876
f 6877 	6876 	6865
f 6880 	6869 	6879
f 6876 	6879 	6869
f 6878 	6881 	6877
f 6880 	6879 	6877
f 6880 	6877 	6881
f 6882 	6889 	6878
f 6869 	6883 	6918
f 6874 	6915 	6883
f 6999 	6885 	6880
f 6885 	6884 	6880
f 6869 	6880 	6884
f 6869 	6884 	6883
f 6886 	6883 	6884
f 6887 	6874 	6886
f 6883 	6886 	6874
f 6885 	6888 	6884
f 6887 	6884 	6888
f 6887 	6886 	6884
f 6881 	6878 	6889
f 6995 	6881 	6994
f 6889 	6994 	6881
f 6868 	6867 	6863
f 6871 	6868 	6863
f 6742 	6863 	6867
f 6890 	6891 	6892
f 6893 	6892 	6891
f 6897 	6892 	6893
f 6896 	6894 	6895
f 6898 	6899 	6892
f 6898 	6892 	6897
f 6899 	6898 	6900
f 6899 	6900 	6901
f 6902 	6903 	6892
f 6890 	6892 	6903
f 6894 	6896 	6902
f 6903 	6902 	6896
f 6913 	6905 	6899
f 6905 	6904 	6899
f 6892 	6899 	6904
f 6892 	6904 	6902
f 6906 	6902 	6904
f 6907 	6894 	6906
f 6902 	6906 	6894
f 6905 	6908 	6904
f 6907 	6906 	6904
f 6907 	6904 	6908
f 6901 	6900 	6909
f 6911 	6901 	6910
f 6910 	6901 	6909
f 6911 	6910 	6867
f 6911 	6867 	6869
f 6918 	6915 	6911
f 6913 	6899 	6901
f 6912 	6913 	6901
f 6908 	6905 	6912
f 6913 	6912 	6905
f 6915 	6914 	6911
f 6901 	6911 	6914
f 6901 	6914 	6912
f 6916 	6912 	6914
f 6917 	6908 	6916
f 6912 	6916 	6908
f 6914 	6915 	6874
f 6917 	6914 	6874
f 6917 	6916 	6914
f 6911 	6869 	6918
f 6918 	6883 	6915
f 6923 	6924 	6907
f 6925 	6923 	6908
f 6917 	6919 	6920
f 6920 	6932 	6917
f 6919 	6917 	6874
f 6919 	7000 	6920
f 6928 	6927 	6894
f 6921 	7004 	6927
f 6930 	6921 	6929
f 6924 	6928 	6907
f 6894 	6907 	6928
f 6907 	6908 	6923
f 6923 	6925 	6924
f 6925 	6926 	6924
f 6928 	6929 	6927
f 6927 	6929 	6921
f 6924 	6926 	6928
f 6930 	6928 	6926
f 6930 	6929 	6928
f 6941 	6921 	6931
f 6936 	6921 	6930
f 6908 	6917 	6932
f 6908 	6932 	6925
f 6933 	6925 	6932
f 6933 	6926 	6925
f 6934 	6926 	6933
f 6920 	7001 	6932
f 6934 	6933 	6932
f 6922 	6942 	6931
f 6921 	6935 	6931
f 6921 	6936 	6935
f 6930 	6926 	6936
f 6931 	6935 	6922
f 6823 	7011 	6943
f 6822 	6823 	6922
f 6891 	6890 	6732
f 6743 	6891 	6732
f 6893 	6891 	6743
f 6896 	6895 	6890
f 6732 	6890 	6895
f 6903 	6896 	6890
f 6937 	6938 	6940
f 6939 	6940 	6938
f 6939 	6938 	6895
f 6939 	6895 	6894
f 7003 	7004 	6939
f 6927 	7003 	6894
f 6939 	6894 	7003
f 6941 	6931 	6942
f 7010 	7016 	6948
f 7016 	7011 	6825
f 6825 	6824 	7016
f 6702 	6703 	6732
f 6937 	6705 	6732
f 6732 	6895 	6937
f 6938 	6937 	6895
f 6743 	6742 	6893
f 6897 	6893 	6742
f 6898 	6897 	6900
f 6909 	6900 	6742
f 6897 	6742 	6900
f 6742 	6867 	6909
f 6867 	6910 	6909
f 6754 	6753 	6866
f 6870 	6866 	6753
f 6873 	6870 	6753
f 6872 	6870 	6873
f 6702 	6946 	6703
f 6705 	6937 	6940
f 6944 	6703 	6946
f 6702 	6706 	6946
f 6945 	6946 	6706
f 6662 	6949 	6663
f 6663 	6947 	6664
f 6660 	6944 	6946
f 6660 	6946 	6662
f 6954 	6949 	6946
f 6662 	6946 	6949
f 6946 	6945 	6954
f 6947 	6663 	6949
f 6950 	6947 	6949
f 6947 	6950 	6955
f 6694 	6956 	6692
f 6817 	6696 	6951
f 6706 	6705 	6945
f 6945 	6952 	6953
f 7012 	6952 	6940
f 6953 	6952 	7012
f 6954 	6945 	6953
f 6950 	6949 	6954
f 6957 	6954 	6953
f 6950 	6954 	6955
f 6956 	6694 	6947
f 6694 	6687 	6947
f 6948 	6692 	6956
f 6947 	6958 	6956
f 6956 	6959 	6948
f 6959 	7010 	6948
f 7015 	6699 	6948
f 6699 	7015 	6697
f 6951 	6697 	7015
f 6940 	6945 	6705
f 6945 	6940 	6952
f 6957 	6953 	7012
f 6955 	6954 	6957
f 7013 	6960 	6955
f 7007 	6957 	7006
f 6959 	6956 	6958
f 6960 	6958 	6955
f 6947 	6955 	6958
f 6847 	6848 	6851
f 6991 	6843 	6996
f 6961 	6848 	6861
f 6842 	6851 	6963
f 6962 	6963 	6851
f 6842 	6963 	6852
f 6853 	6852 	6963
f 6963 	6962 	6965
f 6964 	6963 	6965
f 6853 	6963 	6964
f 6961 	6861 	6862
f 6966 	6851 	6961
f 6965 	6962 	6974
f 6966 	6974 	6962
f 6975 	6969 	6964
f 6969 	6968 	6964
f 6843 	6964 	6968
f 6968 	6970 	6967
f 6968 	6967 	6843
f 6971 	6850 	6970
f 6967 	6970 	6850
f 6969 	6972 	6968
f 6971 	6970 	6968
f 6971 	6968 	6972
f 6862 	6973 	6961
f 6773 	6973 	6770
f 6862 	6770 	6973
f 6961 	6974 	6966
f 6980 	6976 	6973
f 6961 	6977 	6974
f 6975 	6964 	6965
f 6975 	6981 	6969
f 6976 	6977 	6973
f 6961 	6973 	6977
f 6978 	6974 	6977
f 6974 	6978 	6965
f 6979 	6965 	6978
f 6976 	6777 	6977
f 6979 	6978 	6977
f 6979 	6977 	6777
f 6980 	6786 	6976
f 6981 	6975 	6965
f 6972 	6969 	6981
f 6987 	6983 	6979
f 6983 	6982 	6979
f 6965 	6979 	6982
f 6965 	6982 	6981
f 6984 	6981 	6982
f 6979 	6777 	6987
f 6972 	6981 	6984
f 6972 	6984 	6985
f 6982 	6983 	6781
f 6985 	6982 	6781
f 6985 	6984 	6982
f 6987 	6810 	6983
f 6854 	6856 	6986
f 6855 	6986 	6856
f 6834 	6972 	6985
f 6834 	6835 	6972
f 6971 	6989 	6850
f 6988 	6850 	6989
f 6988 	6986 	6850
f 6989 	6972 	6835
f 6971 	6972 	6989
f 6989 	6835 	6988
f 6986 	6988 	6854
f 6835 	6854 	6988
f 6857 	6836 	6888
f 6837 	7002 	6888
f 6836 	6837 	6888
f 6822 	7001 	6837
f 6836 	6857 	6854
f 6839 	6753 	6840
f 6761 	6840 	6753
f 6840 	6761 	6841
f 6845 	6844 	6839
f 6849 	6845 	6839
f 6753 	6839 	6844
f 6875 	6873 	6990
f 6990 	6873 	6859
f 6991 	6990 	6860
f 6859 	6860 	6990
f 6882 	6875 	6990
f 6860 	6844 	6991
f 6843 	6991 	6844
f 6996 	6993 	6991
f 6990 	6889 	6882
f 6993 	6992 	6991
f 6990 	6991 	6992
f 6990 	6992 	6889
f 6994 	6889 	6992
f 6992 	6993 	6850
f 6995 	6994 	6992
f 6995 	6992 	6850
f 6967 	6996 	6843
f 6838 	6765 	6701
f 6764 	6765 	6838
f 6718 	6701 	6765
f 6760 	6763 	6838
f 6804 	6812 	6800
f 6803 	6800 	6812
f 6802 	6803 	6819
f 6818 	6819 	6803
f 6819 	6806 	6802
f 6808 	6997 	6788
f 6791 	6997 	6808
f 6791 	6808 	6795
f 6998 	6999 	6881
f 6880 	6881 	6999
f 6888 	6885 	6998
f 6999 	6998 	6885
f 6998 	7018 	6888
f 7000 	6919 	6874
f 6920 	7000 	7001
f 6934 	6932 	7001
f 6820 	6821 	6926
f 6936 	6926 	6821
f 6926 	6934 	6820
f 6935 	6821 	6922
f 6936 	6821 	6935
f 6822 	6922 	6821
f 6822 	6820 	7001
f 6934 	7001 	6820
f 6887 	7002 	6874
f 6874 	7002 	6858
f 6858 	7000 	6874
f 7002 	6887 	6888
f 7000 	6858 	7001
f 6754 	6864 	6742
f 6742 	6864 	6863
f 6866 	6864 	6754
f 7004 	7005 	6939
f 6940 	6939 	7005
f 7003 	6927 	7004
f 7006 	7012 	7005
f 7012 	7006 	6957
f 7005 	7004 	6921
f 7007 	7005 	6921
f 7007 	7006 	7005
f 6941 	6942 	7007
f 7007 	6921 	6941
f 7009 	7014 	7008
f 6957 	7008 	7014
f 6942 	7008 	7007
f 6957 	7007 	7008
f 6943 	7011 	7009
f 6943 	7009 	7008
f 6943 	7008 	6922
f 7008 	6942 	6922
f 7013 	6955 	6957
f 7010 	6959 	6958
f 7010 	6958 	7011
f 6960 	7011 	6958
f 6940 	7005 	7012
f 7014 	7013 	6957
f 6960 	7013 	7014
f 6960 	7014 	7011
f 7014 	7009 	7011
f 6693 	6948 	6699
f 6824 	6948 	7016
f 7015 	6948 	6824
f 6823 	6825 	7011
f 7011 	7016 	7010
f 7015 	6824 	6951
f 6944 	6660 	6661
f 6704 	6944 	6661
f 6703 	6944 	6704
f 6993 	6996 	6967
f 6993 	6967 	6850
f 6855 	6856 	6995
f 6986 	6855 	6850
f 6856 	7017 	6995
f 6881 	6995 	7017
f 7017 	7018 	6998
f 6881 	7017 	6998
f 6995 	6850 	6855
f 6857 	6888 	7018
f 6856 	6854 	7017
f 6854 	6857 	7017
f 6857 	7018 	7017
# 640 faces

g group_23_11107152

usemtl color_11107152
s 0

f 6709 	6710 	6708
f 6710 	6711 	6708
f 6707 	6708 	6711
f 6707 	6711 	6712
f 6707 	6712 	6713
f 6707 	6713 	6714
f 6707 	6714 	6715
f 6707 	6715 	6716
f 6707 	6716 	6717
f 6707 	6717 	6727
f 6714 	6718 	6715
f 6713 	6719 	6718
f 6713 	6718 	6714
f 6712 	6720 	6719
f 6712 	6719 	6713
f 6720 	6712 	6721
f 6711 	6721 	6712
f 6711 	6710 	6722
f 6711 	6722 	6721
f 6710 	6709 	6723
f 6710 	6723 	6722
f 6708 	6707 	6730
f 6726 	6733 	6725
f 6727 	6735 	6726
f 6709 	6728 	6723
f 6729 	6728 	6708
f 6709 	6708 	6728
f 6708 	6730 	6729
f 6734 	6731 	6727
f 6727 	6731 	6707
f 6730 	6707 	6731
f 6724 	6725 	6733
f 6734 	6727 	6726
f 6739 	6738 	6725
f 6739 	6725 	6740
f 6724 	6740 	6725
f 6733 	6741 	6724
f 6737 	6726 	6736
f 6733 	6726 	6737
f 6736 	6726 	6735
f 6717 	6755 	6727
f 6726 	6738 	6734
f 6726 	6725 	6738
f 6740 	6724 	6741
f 6737 	6741 	6733
f 6749 	6748 	6736
f 6735 	6750 	6736
f 6746 	6727 	6745
f 6735 	6727 	6746
f 6745 	6727 	6744
f 6755 	6747 	6727
f 6737 	6748 	6741
f 6737 	6736 	6748
f 6749 	6736 	6750
f 6751 	6735 	6746
f 6735 	6751 	6750
f 6759 	6752 	6745
f 6746 	6752 	6751
f 6744 	6727 	6747
f 6747 	6756 	6744
f 6762 	6758 	6755
f 6747 	6755 	6758
f 6755 	6717 	6762
f 6763 	6762 	6717
f 6746 	6745 	6752
f 6757 	6759 	6744
f 6745 	6744 	6759
f 6744 	6756 	6757
f 6756 	6747 	6758
f 6763 	6717 	6716
f 6763 	6716 	6764
f 6764 	6716 	6765
f 6715 	6765 	6716
f 6715 	6718 	6765
# 74 faces

 #end of obj_23

o obj_24
v 149.1916 		97.5988 		41.9452
v 153.2213 		102 		32.6694
v 148.4572 		95.4503 		52.1239
v 148.633 		95.5906 		52.0446
v 149.5344 		95.6577 		55.7531
v 151.8512 		93.4407 		36.0079
v 153.1082 		93.0817 		34.6399
v 154.1472 		91.6048 		41.9452
v 151.2403 		94.8903 		41.9452
v 157.1808 		94.757 		41.9452
v 152.1167 		91.0814 		52.0439
v 152.626 		90.3395 		55.7531
v 150.9687 		94.8344 		43.9926
v 150.9243 		94.6151 		44.1505
v 152.127 		93.8521 		49.8986
v 152.1369 		92.2526 		56.7177
v 151.9067 		91.1622 		52.123
v 150.9805 		91.9449 		61.5429
v 153.4884 		97.3367 		49.8986
v 151.3403 		92.3543 		61.735
v 150.692 		92.7759 		58.5563
v 151.1513 		91.7594 		62.5621
v 152.7855 		93.9761 		62.5621
v 150.3445 		96.1253 		49.8986
v 149.4941 		95.0247 		55.5287
v 150.4986 		92.7715 		58.6242
v 149.9261 		91.2664 		68.9264
v 149.7848 		94.9735 		56.7177
v 150.3209 		93.7099 		62.5621
v 149.788 		91.2998 		68.9762
v 149.6563 		93.531 		66.8648
v 149.5065 		93.0893 		66.6999
v 149.0036 		93.6536 		64.1398
v 149.7032 		92.9979 		67.5743
v 148.852 		93.5872 		64.1979
v 149.8418 		91.9998 		71.8702
v 149.3357 		91.9982 		75.0319
v 148.8956 		92.2086 		73.0286
v 149.1449 		91.7131 		74.9107
v 148.7755 		92.1901 		73.0712
v 152.313 		93.7055 		32.6694
v 160 		90.3395 		32.6694
v 144.8731 		96.7413 		41.9452
v 146.4427 		96.5419 		36.0081
v 146.4427 		97.0715 		32.6694
v 144.7857 		96.48 		43.9929
v 144.9552 		96.3317 		44.1511
v 145.7411 		92.9407 		14
v 146.4427 		93.0323 		14
v 147.1443 		92.9407 		14
v 147.7984 		92.6715 		14
v 148.3597 		92.2433 		14
v 148.7908 		91.6859 		14
v 149.0619 		91.0363 		14
v 149.1541 		90.3395 		14
v 149.0619 		89.6427 		14
v 148.7908 		88.9931 		14
v 148.3597 		88.4357 		14
v 148.776 		90.3395 		20.3591
v 148.6229 		90.9195 		21.6439
v 148.3468 		91.4313 		22.623
v 148.0383 		91.9242 		21.6436
v 147.6093 		92.3463 		20.3592
v 147.6093 		92.3463 		20.3591
v 143.8234 		91.0363 		14
v 144.0945 		91.6859 		14
v 144.5257 		92.2433 		14
v 145.0869 		92.6715 		14
v 147.0266 		92.5047 		21.6445
v 146.4427 		92.5231 		22.623
v 145.8587 		92.5047 		21.6445
v 145.276 		92.3463 		20.3591
v 139.664 		102 		32.6694
v 143.7312 		90.3395 		14
v 145.276 		92.3463 		20.3592
v 144.5257 		88.4357 		14
v 144.0945 		88.9931 		14
v 143.8234 		89.6427 		14
v 144.847 		91.9242 		21.6436
v 144.5386 		91.4313 		22.623
v 144.2625 		90.9195 		21.6439
v 144.1093 		90.3395 		20.3591
v 132.8853 		90.3395 		32.6694
v 140.5723 		93.7055 		32.6694
v 146.4427 		87.6467 		14
v 145.7411 		87.7383 		14
v 145.0869 		88.0075 		14
v 147.1443 		87.7383 		14
v 144.2625 		89.7595 		21.6439
v 144.5386 		89.2477 		22.623
v 144.847 		88.7548 		21.6436
v 145.276 		88.3327 		20.3592
v 145.276 		88.3327 		20.3591
v 139.664 		78.679 		32.6694
v 140.5723 		86.9735 		32.6694
v 147.7984 		88.0075 		14
v 147.0266 		88.1743 		21.6445
v 146.4427 		88.1559 		22.623
v 147.6093 		88.3327 		20.3591
v 145.8587 		88.1743 		21.6445
v 153.2213 		78.679 		32.6694
v 146.4427 		83.6075 		32.6694
v 147.6093 		88.3327 		20.3592
v 148.0383 		88.7548 		21.6436
v 148.3468 		89.2477 		22.623
v 148.6229 		89.7595 		21.6439
v 152.1666 		85.9776 		34.64
v 151.8512 		87.2383 		36.008
v 151.3983 		84.3456 		41.9452
v 149.9266 		85.8306 		52.0439
v 149.5342 		85.0214 		55.7538
v 149.8922 		86.0513 		52.1228
v 155.6637 		83.3126 		41.9452
v 151.6433 		83.6088 		56.7177
v 152.8098 		88.4885 		41.9452
v 152.4118 		88.6227 		44.1501
v 152.6253 		88.6941 		43.9922
v 148.8457 		84.5783 		67.5743
v 152.3478 		87.2067 		49.8986
v 150.9583 		86.3984 		56.7177
v 150.1116 		87.2394 		61.5438
v 147.0453 		85.7954 		75.5524
v 150.6917 		87.9033 		58.5555
v 150.6482 		87.1347 		61.7358
v 150.0352 		87 		62.5621
v 150.5916 		88.0669 		58.6232
v 148.8935 		86.6885 		67.5743
v 156.0677 		87.778 		49.8986
v 152.7855 		86.7029 		62.5621
v 153.4389 		89.8765 		49.8986
v 152.0539 		90.0576 		55.5288
v 148.9927 		87.807 		68.9262
v 148.8146 		87.2697 		71.263
v 148.4534 		87.4455 		71.1218
v 148.3534 		87.29 		71.8702
v 150.2489 		86.5595 		71.8702
v 152.1546 		89.7821 		56.7177
v 154.9126 		91.4469 		56.7177
v 151.3213 		88.689 		62.5621
v 150.8323 		89.1713 		66.8662
v 150.6128 		89.7943 		64.1393
v 150.3724 		89.0793 		66.7014
v 150.3911 		88.8649 		67.5743
v 152.6675 		89.5256 		67.5743
v 150.4794 		89.8912 		64.1973
v 149.3357 		88.6808 		75.0318
v 149.299 		89.1647 		73.028
v 148.9913 		88.7023 		74.9105
v 149.5898 		88.2463 		71.8702
v 148.9635 		88.5464 		75.5524
v 147.4833 		87.2841 		75.5524
v 150.7064 		88.5858 		75.5524
v 150.8518 		90.6217 		67.5743
v 150.3058 		90.8446 		71.263
v 149.9717 		90.6217 		71.1216
v 150.0574 		90.4579 		71.8702
v 151.6419 		91.7229 		71.8702
v 149.2668 		91.6112 		75.5524
v 149.6272 		89.7069 		75.5524
v 149.2229 		89.2587 		73.0707
v 146.0781 		90.7016 		87.1072
v 146.0939 		90.7908 		86.4125
v 146.4427 		90.3395 		90
v 146.5762 		90.8345 		87.1059
v 147.417 		91.6004 		82.2196
v 146.6621 		90.8656 		86.4098
v 146.941 		90.4721 		87.1061
v 148.0294 		90.132 		82.2196
v 148.1948 		90.3367 		80.1866
v 147.0111 		90.4138 		86.4101
v 146.8075 		89.9772 		87.106
v 147.3163 		88.8313 		80.1872
v 147.055 		88.8714 		82.2212
v 146.7918 		89.8876 		86.409
v 146.3091 		89.8445 		87.1059
v 146.2232 		89.8134 		86.4098
v 145.9443 		90.2069 		87.1061
v 145.8742 		90.2652 		86.4101
v 152.313 		86.9735 		32.6694
v 143.6938 		83.0802 		41.9452
v 145.5009 		83.2354 		34.64
v 146.4427 		84.1371 		36.0081
v 144.9256 		78.8951 		41.9452
v 143.1733 		82.5014 		56.7177
v 143.351 		85.0213 		55.7531
v 144.2524 		85.0884 		52.0446
v 148.0122 		83.9377 		41.9452
v 147.9301 		84.3473 		44.1511
v 148.0996 		84.199 		43.9929
v 144.4281 		85.2287 		52.1239
v 142.6202 		85.3922 		67.5743
v 146.6636 		83.6945 		49.8986
v 145.2636 		84.4858 		56.7177
v 145.5735 		85.6343 		61.5435
v 142.7815 		87.5498 		75.5524
v 144.1098 		88.4889 		73.0712
v 143.9898 		88.4704 		73.0286
v 143.6185 		89.0678 		75.5524
v 144.8559 		90.547 		82.2196
v 142.5408 		84.5537 		49.8986
v 143.3912 		85.6543 		55.5287
v 149.5373 		84.0905 		49.8986
v 149.0026 		85.3724 		55.5295
v 138.7381 		89.0742 		41.9452
v 139.7771 		87.5973 		34.6399
v 135.7046 		85.922 		41.9452
v 141.0341 		87.2383 		36.0079
v 140.2593 		90.3395 		55.7531
v 140.7686 		89.5976 		52.0439
v 137.9727 		89.2321 		56.7177
v 141.645 		85.7887 		41.9452
v 140.9786 		89.5168 		52.123
v 141.9611 		86.0639 		44.1505
v 141.9166 		85.8446 		43.9926
v 140.2178 		91.1534 		67.5743
v 140.7584 		86.8269 		49.8986
v 140.7484 		88.4264 		56.7177
v 141.545 		88.3247 		61.735
v 142.1933 		87.9031 		58.5563
v 141.9048 		88.7341 		61.5429
v 141.7341 		88.9196 		62.5621
v 140.0999 		86.7029 		62.5621
v 142.3867 		87.9075 		58.6242
v 142.0335 		90.0573 		67.5743
v 142.5795 		89.8344 		71.263
v 142.9592 		89.4126 		68.9264
v 142.9136 		90.0573 		71.1216
v 142.828 		90.2211 		71.8702
v 141.2434 		88.9561 		71.8702
v 142.5644 		86.9691 		62.5621
v 141.487 		96.3334 		41.9452
v 140.7187 		94.7014 		34.64
v 137.2216 		97.3664 		41.9452
v 141.0341 		93.4407 		36.008
v 141.2421 		97.0702 		56.7177
v 143.3511 		95.6576 		55.7538
v 142.9588 		94.8484 		52.0439
v 140.0756 		92.1905 		41.9452
v 140.4735 		92.0563 		44.1501
v 140.5375 		93.4723 		49.8986
v 140.26 		91.9849 		43.9922
v 136.8176 		92.901 		49.8986
v 141.927 		94.2806 		56.7177
v 142.9932 		94.6277 		52.1228
v 142.2372 		93.5443 		61.7358
v 142.1937 		92.7757 		58.5555
v 142.7738 		93.4396 		61.5438
v 142.8501 		93.679 		62.5621
v 140.0999 		93.9761 		62.5621
v 139.4465 		90.8025 		49.8986
v 140.8314 		90.6214 		55.5288
v 140.7308 		90.8969 		56.7177
v 141.564 		91.99 		62.5621
v 142.2938 		92.6122 		58.6232
v 142.053 		91.5077 		66.8662
v 142.2726 		90.8847 		64.1393
v 142.5129 		91.5997 		66.7014
v 142.4943 		91.8141 		67.5743
v 142.4059 		90.7878 		64.1973
v 143.6624 		91.4203 		73.0707
v 143.5863 		91.5143 		73.028
v 144.0396 		96.1001 		67.5743
v 145.84 		94.8836 		75.5524
v 143.9325 		92.7364 		68.9763
v 143.8926 		92.872 		68.9262
v 143.2956 		92.4327 		71.8702
v 142.6364 		94.1195 		71.8702
v 143.9919 		93.9905 		67.5743
v 144.0707 		93.4093 		71.263
v 144.432 		93.2335 		71.1218
v 144.532 		93.389 		71.8702
v 145.4021 		93.3946 		75.5524
v 143.5498 		91.9981 		75.0324
v 143.8941 		91.9765 		74.9113
v 143.9219 		92.1322 		75.5524
v 145.8304 		91.8073 		82.2214
v 145.5694 		91.8472 		80.1896
v 143.348 		96.5885 		49.8986
v 143.8827 		95.3066 		55.5295
v 144.0725 		95.5309 		56.7177
v 143.8634 		99.8983 		49.8986
v 145.9952 		93.2713 		73.0703
v 146.039 		93.3835 		73.0277
v 146.7458 		93.4043 		75.5524
v 147.3844 		97.4436 		34.64
v 146.2217 		96.9845 		49.8986
v 147.9597 		101.7839 		41.9452
v 149.712 		98.1776 		56.7177
v 150.2652 		95.2862 		67.5743
v 147.6217 		96.1932 		56.7177
v 147.3118 		95.0447 		61.5435
v 150.1038 		93.1292 		75.5524
v 146.3499 		95.0438 		58.6241
v 146.4427 		95.2122 		58.5562
v 147.1346 		95.5591 		61.7357
v 147.5588 		95.0988 		62.5621
v 148.4012 		94.2727 		67.5743
v 146.4427 		97.6128 		62.5621
v 147.9338 		93.9144 		71.2631
v 147.9611 		93.5158 		71.1216
v 147.3759 		93.7986 		68.9257
v 149.0219 		80.7807 		49.8986
v 146.4427 		85.4668 		58.5562
v 145.7508 		85.1199 		61.7357
v 145.3266 		85.5802 		62.5621
v 146.4427 		83.0662 		62.5621
v 146.5355 		85.6352 		58.6241
v 144.4842 		86.4058 		67.5743
v 144.9515 		86.7646 		71.2631
v 145.5095 		86.8804 		68.9257
v 144.9243 		87.1628 		71.1217
v 144.7385 		87.1711 		71.8702
v 145.0496 		85.1761 		71.8702
v 148.8128 		85.1481 		56.7177
v 147.4427 		85.3187 		62.5621
v 145.6074 		86.9822 		68.9754
v 148.0524 		86.4801 		64.1391
v 147.6191 		85.9798 		66.8653
v 147.3087 		86.3296 		66.7004
v 147.1308 		86.2062 		67.5743
v 148.0703 		86.6434 		64.1972
v 146.191 		86.586 		71.8702
v 146.4427 		87.022 		75.0318
v 146.8463 		87.2955 		73.0277
v 146.2894 		87.3287 		74.9105
v 146.1396 		87.2747 		75.5524
v 144.2986 		87.9171 		75.5524
v 146.8902 		87.4077 		73.0704
v 145.4688 		89.079 		82.222
v 145.5644 		88.8345 		80.19
v 139.3969 		83.3423 		49.8986
v 143.1006 		85.7055 		56.7177
v 143.2291 		87.148 		66.865
v 143.8821 		87.0254 		64.1388
v 143.3789 		87.5898 		66.7001
v 143.1822 		87.6811 		67.5743
v 144.0332 		87.0916 		64.1968
v 148.9528 		87.9426 		68.9763
v 143.0435 		88.6792 		71.8702
v 143.0973 		89.3792 		68.9762
v 143.2581 		90.9721 		75.5524
v 142.1789 		92.0932 		75.5524
v 144.6905 		90.3423 		80.1866
v 144.815 		94.0356 		64.1973
v 144.8328 		94.1986 		64.1393
v 145.2663 		94.6991 		66.8656
v 145.5767 		94.3494 		66.7004
v 145.7546 		94.4729 		67.5743
v 146.4427 		93.657 		75.0318
v 146.5959 		93.3503 		74.9105
v 148.1469 		93.5075 		71.8702
v 147.8357 		95.5029 		71.8702
v 145.4426 		95.3603 		62.5621
v 147.278 		93.6968 		68.9754
v 146.6944 		94.093 		71.8702
v 148.5868 		92.762 		75.5524
v 147.3213 		91.8452 		80.1857
v 143.5496 		88.6808 		75.0319
v 143.7405 		88.9659 		74.9107
# 359 vertices

g group_24_1206582

usemtl color_1206582
s 0

f 7021 	7022 	7019
f 7019 	7023 	7020
f 7023 	7019 	7022
f 7028 	7025 	7024
f 7028 	7026 	7025
f 7038 	7034 	7028
f 7029 	7156 	7030
f 7033 	7028 	7032
f 7028 	7024 	7027
f 7027 	7032 	7028
f 7031 	7033 	7032
f 7026 	7028 	7035
f 7034 	7035 	7028
f 7028 	7033 	7038
f 7156 	7029 	7034
f 7035 	7034 	7029
f 7034 	7036 	7156
f 7044 	7039 	7033
f 7034 	7038 	7036
f 7040 	7156 	7036
f 7040 	7036 	7038
f 7037 	7033 	7031
f 7042 	7037 	7031
f 7038 	7033 	7039
f 7044 	7033 	7037
f 7037 	7047 	7044
f 7039 	7041 	7038
f 7041 	7040 	7038
f 7043 	7037 	7042
f 7046 	7037 	7043
f 7041 	7039 	7047
f 7044 	7047 	7039
f 7045 	7172 	7040
f 7048 	7045 	7040
f 7048 	7040 	7041
f 7043 	7023 	7046
f 7046 	7023 	7306
f 7053 	7051 	7046
f 7037 	7049 	7047
f 7051 	7049 	7046
f 7052 	7041 	7050
f 7048 	7054 	7045
f 7047 	7049 	7050
f 7037 	7046 	7049
f 7047 	7050 	7041
f 7052 	7050 	7049
f 7052 	7049 	7307
f 7049 	7051 	7307
f 7041 	7054 	7048
f 7056 	7055 	7052
f 7041 	7052 	7055
f 7055 	7057 	7054
f 7055 	7054 	7041
f 7056 	7310 	7055
f 7057 	7055 	7176
f 7052 	7058 	7056
f 7025 	7059 	7024
f 7060 	7059 	7025
f 7026 	7060 	7025
f 7029 	7030 	7026
f 7060 	7026 	7030
f 7026 	7035 	7029
f 7059 	7020 	7024
f 7024 	7020 	7027
f 7032 	7027 	7031
f 7020 	7042 	7031
f 7031 	7027 	7020
f 7042 	7020 	7023
f 7043 	7042 	7023
f 7063 	7091 	7062
f 7065 	7061 	7064
f 7091 	7064 	7061
f 7079 	7080 	7059
f 7020 	7059 	7080
f 7080 	7081 	7020
f 7082 	7020 	7081
f 7088 	7089 	7063
f 7091 	7063 	7089
f 7089 	7090 	7091
f 7090 	7093 	7091
f 7063 	7020 	7087
f 7088 	7063 	7087
f 7087 	7020 	7082
f 7077 	7078 	7060
f 7079 	7059 	7078
f 7059 	7060 	7078
f 7102 	7098 	7099
f 7101 	7102 	7099
f 7099 	7100 	7101
f 7108 	7109 	7113
f 7112 	7113 	7109
f 7109 	7110 	7112
f 7110 	7111 	7112
f 7112 	7118 	7120
f 7101 	7107 	7113
f 7107 	7101 	7100
f 7108 	7113 	7107
f 7102 	7091 	7097
f 7102 	7097 	7098
f 7093 	7097 	7091
f 7116 	7115 	7120
f 7119 	7120 	7115
f 7117 	7119 	7115
f 7117 	7121 	7119
f 7121 	7122 	7119
f 7123 	7197 	7122
f 7116 	7120 	7118
f 7111 	7118 	7112
f 7133 	7131 	7126
f 7128 	7132 	7129
f 7125 	7131 	7127
f 7125 	7126 	7131
f 7134 	7131 	7133
f 7137 	7131 	7134
f 7127 	7131 	7130
f 7130 	7138 	7128
f 7135 	7137 	7134
f 7132 	7128 	7138
f 7339 	7332 	7132
f 7131 	7138 	7130
f 7144 	7141 	7137
f 7131 	7142 	7138
f 7138 	7139 	7132
f 7143 	7132 	7139
f 7136 	7335 	7145
f 7146 	7135 	7148
f 7131 	7137 	7142
f 7141 	7142 	7137
f 7139 	7138 	7142
f 7142 	7141 	7147
f 7143 	7142 	7147
f 7139 	7142 	7143
f 7141 	7144 	7157
f 7157 	7147 	7141
f 7356 	7150 	7143
f 7145 	7339 	7132
f 7132 	7151 	7145
f 7153 	7136 	7152
f 7135 	7146 	7137
f 7157 	7144 	7146
f 7144 	7137 	7146
f 7148 	7149 	7146
f 7147 	7356 	7143
f 7150 	7151 	7143
f 7132 	7143 	7151
f 7152 	7145 	7151
f 7145 	7152 	7136
f 7150 	7154 	7151
f 7153 	7151 	7154
f 7152 	7151 	7153
f 7149 	7155 	7146
f 7155 	7149 	7030
f 7155 	7030 	7156
f 7163 	7159 	7155
f 7159 	7158 	7155
f 7146 	7155 	7158
f 7158 	7160 	7157
f 7158 	7157 	7146
f 7161 	7147 	7160
f 7157 	7160 	7147
f 7159 	7162 	7158
f 7161 	7160 	7158
f 7161 	7158 	7162
f 7165 	7164 	7161
f 7147 	7161 	7164
f 7164 	7166 	7167
f 7164 	7167 	7147
f 7154 	7167 	7166
f 7154 	7166 	7168
f 7346 	7136 	7169
f 7165 	7170 	7164
f 7168 	7164 	7170
f 7166 	7164 	7168
f 7171 	7163 	7156
f 7163 	7155 	7156
f 7156 	7040 	7172
f 7172 	7173 	7171
f 7172 	7171 	7156
f 7174 	7162 	7173
f 7162 	7171 	7173
f 7045 	7175 	7172
f 7174 	7172 	7175
f 7174 	7173 	7172
f 7045 	7054 	7175
f 7176 	7175 	7057
f 7054 	7057 	7175
f 7165 	7178 	7177
f 7165 	7177 	7170
f 7140 	7342 	7169
f 7181 	7310 	7184
f 7183 	7184 	7310
f 7302 	7281 	7182
f 7184 	7182 	7181
f 7180 	7179 	7181
f 7185 	7175 	7176
f 7188 	7187 	7175
f 7185 	7188 	7175
f 7174 	7187 	7162
f 7186 	7162 	7187
f 7186 	7177 	7162
f 7187 	7174 	7175
f 7181 	7170 	7188
f 7186 	7188 	7170
f 7187 	7188 	7186
f 7177 	7186 	7170
f 7189 	7154 	7168
f 7153 	7190 	7136
f 7191 	7136 	7190
f 7191 	7169 	7136
f 7190 	7154 	7192
f 7153 	7154 	7190
f 7189 	7192 	7154
f 7190 	7192 	7191
f 7140 	7191 	7192
f 7140 	7192 	7181
f 7169 	7191 	7140
f 7181 	7193 	7140
f 7170 	7181 	7189
f 7189 	7168 	7170
f 7192 	7189 	7181
f 7176 	7310 	7185
f 7181 	7185 	7310
f 7181 	7188 	7185
f 7181 	7213 	7194
f 7181 	7196 	7195
f 7181 	7195 	7213
f 7194 	7193 	7181
f 7344 	7140 	7193
f 7126 	7125 	7197
f 7197 	7125 	7119
f 7127 	7119 	7125
f 7128 	7129 	7127
f 7130 	7128 	7127
f 7119 	7127 	7129
f 7198 	7199 	7201
f 7199 	7200 	7201
f 7205 	7201 	7200
f 7198 	7201 	7208
f 7204 	7202 	7203
f 7205 	7206 	7201
f 7204 	7211 	7202
f 7208 	7211 	7204
f 7210 	7201 	7206
f 7320 	7210 	7207
f 7325 	7321 	7210
f 7208 	7201 	7211
f 7211 	7212 	7202
f 7323 	7202 	7212
f 7361 	7196 	7217
f 7217 	7196 	7360
f 7203 	7218 	7112
f 7218 	7232 	7112
f 7203 	7219 	7218
f 7200 	7120 	7119
f 7206 	7205 	7207
f 7205 	7119 	7207
f 7205 	7200 	7119
f 7207 	7119 	7220
f 7129 	7221 	7220
f 7129 	7220 	7119
f 7148 	7135 	7060
f 7060 	7030 	7148
f 7149 	7148 	7030
f 7060 	7135 	7133
f 7134 	7133 	7135
f 7133 	7126 	7060
f 7060 	7126 	7197
f 7222 	7223 	7224
f 7223 	7225 	7224
f 7227 	7228 	7226
f 7224 	7225 	7229
f 7229 	7231 	7224
f 7230 	7222 	7224
f 7230 	7235 	7227
f 7231 	7234 	7224
f 7228 	7227 	7235
f 7231 	7232 	7234
f 7235 	7230 	7224
f 7241 	7237 	7234
f 7237 	7236 	7234
f 7224 	7234 	7236
f 7236 	7238 	7235
f 7236 	7235 	7224
f 7239 	7228 	7238
f 7235 	7238 	7228
f 7237 	7240 	7236
f 7239 	7238 	7236
f 7239 	7236 	7240
f 7241 	7248 	7237
f 7228 	7242 	7277
f 7233 	7274 	7242
f 7358 	7244 	7239
f 7244 	7243 	7239
f 7228 	7239 	7243
f 7228 	7243 	7242
f 7245 	7242 	7243
f 7246 	7233 	7245
f 7242 	7245 	7233
f 7244 	7247 	7243
f 7246 	7243 	7247
f 7246 	7245 	7243
f 7240 	7237 	7248
f 7354 	7240 	7353
f 7248 	7353 	7240
f 7227 	7226 	7222
f 7230 	7227 	7222
f 7101 	7222 	7226
f 7249 	7250 	7251
f 7252 	7251 	7250
f 7256 	7251 	7252
f 7255 	7253 	7254
f 7257 	7258 	7251
f 7257 	7251 	7256
f 7258 	7257 	7259
f 7258 	7259 	7260
f 7261 	7262 	7251
f 7249 	7251 	7262
f 7253 	7255 	7261
f 7262 	7261 	7255
f 7272 	7264 	7258
f 7264 	7263 	7258
f 7251 	7258 	7263
f 7251 	7263 	7261
f 7265 	7261 	7263
f 7266 	7253 	7265
f 7261 	7265 	7253
f 7264 	7267 	7263
f 7266 	7265 	7263
f 7266 	7263 	7267
f 7260 	7259 	7268
f 7270 	7260 	7269
f 7269 	7260 	7268
f 7270 	7269 	7226
f 7270 	7226 	7228
f 7277 	7274 	7270
f 7272 	7258 	7260
f 7271 	7272 	7260
f 7267 	7264 	7271
f 7272 	7271 	7264
f 7274 	7273 	7270
f 7260 	7270 	7273
f 7260 	7273 	7271
f 7275 	7271 	7273
f 7276 	7267 	7275
f 7271 	7275 	7267
f 7273 	7274 	7233
f 7276 	7273 	7233
f 7276 	7275 	7273
f 7270 	7228 	7277
f 7277 	7242 	7274
f 7282 	7283 	7266
f 7284 	7282 	7267
f 7276 	7278 	7279
f 7279 	7291 	7276
f 7278 	7276 	7233
f 7278 	7359 	7279
f 7287 	7286 	7253
f 7280 	7363 	7286
f 7289 	7280 	7288
f 7283 	7287 	7266
f 7253 	7266 	7287
f 7266 	7267 	7282
f 7282 	7284 	7283
f 7284 	7285 	7283
f 7287 	7288 	7286
f 7286 	7288 	7280
f 7283 	7285 	7287
f 7289 	7287 	7285
f 7289 	7288 	7287
f 7300 	7280 	7290
f 7295 	7280 	7289
f 7267 	7276 	7291
f 7267 	7291 	7284
f 7292 	7284 	7291
f 7292 	7285 	7284
f 7293 	7285 	7292
f 7279 	7360 	7291
f 7293 	7292 	7291
f 7281 	7301 	7290
f 7280 	7294 	7290
f 7280 	7295 	7294
f 7289 	7285 	7295
f 7290 	7294 	7281
f 7182 	7370 	7302
f 7181 	7182 	7281
f 7250 	7249 	7091
f 7102 	7250 	7091
f 7252 	7250 	7102
f 7255 	7254 	7249
f 7091 	7249 	7254
f 7262 	7255 	7249
f 7296 	7297 	7299
f 7298 	7299 	7297
f 7298 	7297 	7254
f 7298 	7254 	7253
f 7362 	7363 	7298
f 7286 	7362 	7253
f 7298 	7253 	7362
f 7300 	7290 	7301
f 7369 	7375 	7307
f 7375 	7370 	7184
f 7184 	7183 	7375
f 7061 	7062 	7091
f 7296 	7064 	7091
f 7091 	7254 	7296
f 7297 	7296 	7254
f 7102 	7101 	7252
f 7256 	7252 	7101
f 7257 	7256 	7259
f 7268 	7259 	7101
f 7256 	7101 	7259
f 7101 	7226 	7268
f 7226 	7269 	7268
f 7113 	7112 	7225
f 7229 	7225 	7112
f 7232 	7229 	7112
f 7231 	7229 	7232
f 7061 	7305 	7062
f 7064 	7296 	7299
f 7303 	7062 	7305
f 7061 	7065 	7305
f 7304 	7305 	7065
f 7021 	7308 	7022
f 7022 	7306 	7023
f 7019 	7303 	7305
f 7019 	7305 	7021
f 7313 	7308 	7305
f 7021 	7305 	7308
f 7305 	7304 	7313
f 7306 	7022 	7308
f 7309 	7306 	7308
f 7306 	7309 	7314
f 7053 	7315 	7051
f 7176 	7055 	7310
f 7065 	7064 	7304
f 7304 	7311 	7312
f 7371 	7311 	7299
f 7312 	7311 	7371
f 7313 	7304 	7312
f 7309 	7308 	7313
f 7316 	7313 	7312
f 7309 	7313 	7314
f 7315 	7053 	7306
f 7053 	7046 	7306
f 7307 	7051 	7315
f 7306 	7317 	7315
f 7315 	7318 	7307
f 7318 	7369 	7307
f 7374 	7058 	7307
f 7058 	7374 	7056
f 7310 	7056 	7374
f 7299 	7304 	7064
f 7304 	7299 	7311
f 7316 	7312 	7371
f 7314 	7313 	7316
f 7372 	7319 	7314
f 7366 	7316 	7365
f 7318 	7315 	7317
f 7319 	7317 	7314
f 7306 	7314 	7317
f 7206 	7207 	7210
f 7350 	7202 	7355
f 7320 	7207 	7220
f 7201 	7210 	7322
f 7321 	7322 	7210
f 7201 	7322 	7211
f 7212 	7211 	7322
f 7322 	7321 	7324
f 7323 	7322 	7324
f 7212 	7322 	7323
f 7320 	7220 	7221
f 7325 	7210 	7320
f 7324 	7321 	7333
f 7325 	7333 	7321
f 7334 	7328 	7323
f 7328 	7327 	7323
f 7202 	7323 	7327
f 7327 	7329 	7326
f 7327 	7326 	7202
f 7330 	7209 	7329
f 7326 	7329 	7209
f 7328 	7331 	7327
f 7330 	7329 	7327
f 7330 	7327 	7331
f 7221 	7332 	7320
f 7132 	7332 	7129
f 7221 	7129 	7332
f 7320 	7333 	7325
f 7339 	7335 	7332
f 7320 	7336 	7333
f 7334 	7323 	7324
f 7334 	7340 	7328
f 7335 	7336 	7332
f 7320 	7332 	7336
f 7337 	7333 	7336
f 7333 	7337 	7324
f 7338 	7324 	7337
f 7335 	7136 	7336
f 7338 	7337 	7336
f 7338 	7336 	7136
f 7339 	7145 	7335
f 7340 	7334 	7324
f 7331 	7328 	7340
f 7346 	7342 	7338
f 7342 	7341 	7338
f 7324 	7338 	7341
f 7324 	7341 	7340
f 7343 	7340 	7341
f 7338 	7136 	7346
f 7331 	7340 	7343
f 7331 	7343 	7344
f 7341 	7342 	7140
f 7344 	7341 	7140
f 7344 	7343 	7341
f 7346 	7169 	7342
f 7213 	7215 	7345
f 7214 	7345 	7215
f 7193 	7331 	7344
f 7193 	7194 	7331
f 7330 	7348 	7209
f 7347 	7209 	7348
f 7347 	7345 	7209
f 7348 	7331 	7194
f 7330 	7331 	7348
f 7348 	7194 	7347
f 7345 	7347 	7213
f 7194 	7213 	7347
f 7216 	7195 	7247
f 7196 	7361 	7247
f 7195 	7196 	7247
f 7181 	7360 	7196
f 7195 	7216 	7213
f 7198 	7112 	7199
f 7120 	7199 	7112
f 7199 	7120 	7200
f 7204 	7203 	7198
f 7208 	7204 	7198
f 7112 	7198 	7203
f 7234 	7232 	7349
f 7349 	7232 	7218
f 7350 	7349 	7219
f 7218 	7219 	7349
f 7241 	7234 	7349
f 7219 	7203 	7350
f 7202 	7350 	7203
f 7355 	7352 	7350
f 7349 	7248 	7241
f 7352 	7351 	7350
f 7349 	7350 	7351
f 7349 	7351 	7248
f 7353 	7248 	7351
f 7351 	7352 	7209
f 7354 	7353 	7351
f 7354 	7351 	7209
f 7326 	7355 	7202
f 7197 	7124 	7060
f 7123 	7124 	7197
f 7077 	7060 	7124
f 7119 	7122 	7197
f 7163 	7171 	7159
f 7162 	7159 	7171
f 7161 	7162 	7178
f 7177 	7178 	7162
f 7178 	7165 	7161
f 7167 	7356 	7147
f 7150 	7356 	7167
f 7150 	7167 	7154
f 7357 	7358 	7240
f 7239 	7240 	7358
f 7247 	7244 	7357
f 7358 	7357 	7244
f 7357 	7377 	7247
f 7359 	7278 	7233
f 7279 	7359 	7360
f 7293 	7291 	7360
f 7179 	7180 	7285
f 7295 	7285 	7180
f 7285 	7293 	7179
f 7294 	7180 	7281
f 7295 	7180 	7294
f 7181 	7281 	7180
f 7181 	7179 	7360
f 7293 	7360 	7179
f 7246 	7361 	7233
f 7233 	7361 	7217
f 7217 	7359 	7233
f 7361 	7246 	7247
f 7359 	7217 	7360
f 7113 	7223 	7101
f 7101 	7223 	7222
f 7225 	7223 	7113
f 7363 	7364 	7298
f 7299 	7298 	7364
f 7362 	7286 	7363
f 7365 	7371 	7364
f 7371 	7365 	7316
f 7364 	7363 	7280
f 7366 	7364 	7280
f 7366 	7365 	7364
f 7300 	7301 	7366
f 7366 	7280 	7300
f 7368 	7373 	7367
f 7316 	7367 	7373
f 7301 	7367 	7366
f 7316 	7366 	7367
f 7302 	7370 	7368
f 7302 	7368 	7367
f 7302 	7367 	7281
f 7367 	7301 	7281
f 7372 	7314 	7316
f 7369 	7318 	7317
f 7369 	7317 	7370
f 7319 	7370 	7317
f 7299 	7364 	7371
f 7373 	7372 	7316
f 7319 	7372 	7373
f 7319 	7373 	7370
f 7373 	7368 	7370
f 7052 	7307 	7058
f 7183 	7307 	7375
f 7374 	7307 	7183
f 7182 	7184 	7370
f 7370 	7375 	7369
f 7374 	7183 	7310
f 7303 	7019 	7020
f 7063 	7303 	7020
f 7062 	7303 	7063
f 7352 	7355 	7326
f 7352 	7326 	7209
f 7214 	7215 	7354
f 7345 	7214 	7209
f 7215 	7376 	7354
f 7240 	7354 	7376
f 7376 	7377 	7357
f 7240 	7376 	7357
f 7354 	7209 	7214
f 7216 	7247 	7377
f 7215 	7213 	7376
f 7213 	7216 	7376
f 7216 	7377 	7376
# 640 faces

g group_24_11107152

usemtl color_11107152
s 0

f 7068 	7069 	7067
f 7069 	7070 	7067
f 7066 	7067 	7070
f 7066 	7070 	7071
f 7066 	7071 	7072
f 7066 	7072 	7073
f 7066 	7073 	7074
f 7066 	7074 	7075
f 7066 	7075 	7076
f 7066 	7076 	7086
f 7073 	7077 	7074
f 7072 	7078 	7077
f 7072 	7077 	7073
f 7071 	7079 	7078
f 7071 	7078 	7072
f 7079 	7071 	7080
f 7070 	7080 	7071
f 7070 	7069 	7081
f 7070 	7081 	7080
f 7069 	7068 	7082
f 7069 	7082 	7081
f 7067 	7066 	7089
f 7085 	7092 	7084
f 7086 	7094 	7085
f 7068 	7087 	7082
f 7088 	7087 	7067
f 7068 	7067 	7087
f 7067 	7089 	7088
f 7093 	7090 	7086
f 7086 	7090 	7066
f 7089 	7066 	7090
f 7083 	7084 	7092
f 7093 	7086 	7085
f 7098 	7097 	7084
f 7098 	7084 	7099
f 7083 	7099 	7084
f 7092 	7100 	7083
f 7096 	7085 	7095
f 7092 	7085 	7096
f 7095 	7085 	7094
f 7076 	7114 	7086
f 7085 	7097 	7093
f 7085 	7084 	7097
f 7099 	7083 	7100
f 7096 	7100 	7092
f 7108 	7107 	7095
f 7094 	7109 	7095
f 7105 	7086 	7104
f 7094 	7086 	7105
f 7104 	7086 	7103
f 7114 	7106 	7086
f 7096 	7107 	7100
f 7096 	7095 	7107
f 7108 	7095 	7109
f 7110 	7094 	7105
f 7094 	7110 	7109
f 7118 	7111 	7104
f 7105 	7111 	7110
f 7103 	7086 	7106
f 7106 	7115 	7103
f 7121 	7117 	7114
f 7106 	7114 	7117
f 7114 	7076 	7121
f 7122 	7121 	7076
f 7105 	7104 	7111
f 7116 	7118 	7103
f 7104 	7103 	7118
f 7103 	7115 	7116
f 7115 	7106 	7117
f 7122 	7076 	7075
f 7122 	7075 	7123
f 7123 	7075 	7124
f 7074 	7124 	7075
f 7074 	7077 	7124
# 74 faces

 #end of obj_24

o obj_25
v -140.5988 		88.1916 		41.9452
v -145 		92.2213 		32.6694
v -138.4503 		87.4572 		52.1239
v -138.5906 		87.633 		52.0446
v -138.6577 		88.5344 		55.7531
v -136.4407 		90.8512 		36.0079
v -136.0817 		92.1082 		34.6399
v -134.6048 		93.1472 		41.9452
v -137.8903 		90.2403 		41.9452
v -137.757 		96.1808 		41.9452
v -134.0814 		91.1167 		52.0439
v -133.3395 		91.626 		55.7531
v -137.8344 		89.9687 		43.9926
v -137.6151 		89.9243 		44.1505
v -136.8521 		91.127 		49.8986
v -135.2526 		91.1369 		56.7177
v -134.1622 		90.9067 		52.123
v -134.9449 		89.9805 		61.5429
v -140.3367 		92.4884 		49.8986
v -135.3543 		90.3403 		61.735
v -135.7759 		89.692 		58.5563
v -134.7594 		90.1513 		62.5621
v -136.9761 		91.7855 		62.5621
v -139.1253 		89.3445 		49.8986
v -138.0247 		88.4941 		55.5287
v -135.7715 		89.4986 		58.6242
v -134.2664 		88.9261 		68.9264
v -137.9735 		88.7848 		56.7177
v -136.7099 		89.3209 		62.5621
v -134.2998 		88.788 		68.9762
v -136.531 		88.6563 		66.8648
v -136.0893 		88.5065 		66.6999
v -136.6536 		88.0036 		64.1398
v -135.9979 		88.7032 		67.5743
v -136.5872 		87.852 		64.1979
v -134.9998 		88.8418 		71.8702
v -134.9982 		88.3357 		75.0319
v -135.2086 		87.8956 		73.0286
v -134.7131 		88.1449 		74.9107
v -135.1901 		87.7755 		73.0712
v -136.7055 		91.313 		32.6694
v -133.3395 		99 		32.6694
v -139.7413 		83.8731 		41.9452
v -139.5419 		85.4427 		36.0081
v -140.0715 		85.4427 		32.6694
v -139.48 		83.7857 		43.9929
v -139.3317 		83.9552 		44.1511
v -135.9407 		84.7411 		14
v -136.0323 		85.4427 		14
v -135.9407 		86.1443 		14
v -135.6715 		86.7984 		14
v -135.2433 		87.3597 		14
v -134.6859 		87.7908 		14
v -134.0363 		88.0619 		14
v -133.3395 		88.1541 		14
v -132.6427 		88.0619 		14
v -131.9931 		87.7908 		14
v -131.4357 		87.3597 		14
v -133.3395 		87.776 		20.3591
v -133.9195 		87.6229 		21.6439
v -134.4313 		87.3468 		22.623
v -134.9242 		87.0383 		21.6436
v -135.3463 		86.6093 		20.3592
v -135.3463 		86.6093 		20.3591
v -134.0363 		82.8234 		14
v -134.6859 		83.0945 		14
v -135.2433 		83.5257 		14
v -135.6715 		84.0869 		14
v -135.5047 		86.0266 		21.6445
v -135.5231 		85.4427 		22.623
v -135.5047 		84.8587 		21.6445
v -135.3463 		84.276 		20.3591
v -145 		78.664 		32.6694
v -133.3395 		82.7312 		14
v -135.3463 		84.276 		20.3592
v -131.4357 		83.5257 		14
v -131.9931 		83.0945 		14
v -132.6427 		82.8234 		14
v -134.9242 		83.847 		21.6436
v -134.4313 		83.5386 		22.623
v -133.9195 		83.2625 		21.6439
v -133.3395 		83.1093 		20.3591
v -133.3395 		71.8853 		32.6694
v -136.7055 		79.5723 		32.6694
v -130.6467 		85.4427 		14
v -130.7383 		84.7411 		14
v -131.0075 		84.0869 		14
v -130.7383 		86.1443 		14
v -132.7595 		83.2625 		21.6439
v -132.2477 		83.5386 		22.623
v -131.7548 		83.847 		21.6436
v -131.3327 		84.276 		20.3592
v -131.3327 		84.276 		20.3591
v -121.679 		78.664 		32.6694
v -129.9735 		79.5723 		32.6694
v -131.0075 		86.7984 		14
v -131.1743 		86.0266 		21.6445
v -131.1559 		85.4427 		22.623
v -131.3327 		86.6093 		20.3591
v -131.1743 		84.8587 		21.6445
v -121.679 		92.2213 		32.6694
v -126.6075 		85.4427 		32.6694
v -131.3327 		86.6093 		20.3592
v -131.7548 		87.0383 		21.6436
v -132.2477 		87.3468 		22.623
v -132.7595 		87.6229 		21.6439
v -128.9776 		91.1666 		34.64
v -130.2383 		90.8512 		36.008
v -127.3456 		90.3983 		41.9452
v -128.8306 		88.9266 		52.0439
v -128.0214 		88.5342 		55.7538
v -129.0513 		88.8922 		52.1228
v -126.3126 		94.6637 		41.9452
v -126.6088 		90.6433 		56.7177
v -131.4885 		91.8098 		41.9452
v -131.6227 		91.4118 		44.1501
v -131.6941 		91.6253 		43.9922
v -127.5783 		87.8457 		67.5743
v -130.2067 		91.3478 		49.8986
v -129.3984 		89.9583 		56.7177
v -130.2394 		89.1116 		61.5438
v -128.7954 		86.0453 		75.5524
v -130.9033 		89.6917 		58.5555
v -130.1347 		89.6482 		61.7358
v -130 		89.0352 		62.5621
v -131.0669 		89.5916 		58.6232
v -129.6885 		87.8935 		67.5743
v -130.778 		95.0677 		49.8986
v -129.7029 		91.7855 		62.5621
v -132.8765 		92.4389 		49.8986
v -133.0576 		91.0539 		55.5288
v -130.807 		87.9927 		68.9262
v -130.2697 		87.8146 		71.263
v -130.4455 		87.4534 		71.1218
v -130.29 		87.3534 		71.8702
v -129.5595 		89.2489 		71.8702
v -132.7821 		91.1546 		56.7177
v -134.4469 		93.9126 		56.7177
v -131.689 		90.3213 		62.5621
v -132.1713 		89.8323 		66.8662
v -132.7943 		89.6128 		64.1393
v -132.0793 		89.3724 		66.7014
v -131.8649 		89.3911 		67.5743
v -132.5256 		91.6675 		67.5743
v -132.8912 		89.4794 		64.1973
v -131.6808 		88.3357 		75.0318
v -132.1647 		88.299 		73.028
v -131.7023 		87.9913 		74.9105
v -131.2463 		88.5898 		71.8702
v -131.5464 		87.9635 		75.5524
v -130.2841 		86.4833 		75.5524
v -131.5858 		89.7064 		75.5524
v -133.6217 		89.8518 		67.5743
v -133.8446 		89.3058 		71.263
v -133.6217 		88.9717 		71.1216
v -133.4579 		89.0574 		71.8702
v -134.7229 		90.6419 		71.8702
v -134.6112 		88.2668 		75.5524
v -132.7069 		88.6272 		75.5524
v -132.2587 		88.2229 		73.0707
v -133.7016 		85.0781 		87.1072
v -133.7908 		85.0939 		86.4125
v -133.3395 		85.4427 		90
v -133.8345 		85.5762 		87.1059
v -134.6004 		86.417 		82.2196
v -133.8656 		85.6621 		86.4098
v -133.4721 		85.941 		87.1061
v -133.132 		87.0294 		82.2196
v -133.3367 		87.1948 		80.1866
v -133.4138 		86.0111 		86.4101
v -132.9772 		85.8075 		87.106
v -131.8313 		86.3163 		80.1872
v -131.8714 		86.055 		82.2212
v -132.8876 		85.7918 		86.409
v -132.8445 		85.3091 		87.1059
v -132.8134 		85.2232 		86.4098
v -133.2069 		84.9443 		87.1061
v -133.2652 		84.8742 		86.4101
v -129.9735 		91.313 		32.6694
v -126.0802 		82.6938 		41.9452
v -126.2354 		84.5009 		34.64
v -127.1371 		85.4427 		36.0081
v -121.8951 		83.9256 		41.9452
v -125.5014 		82.1733 		56.7177
v -128.0213 		82.351 		55.7531
v -128.0884 		83.2524 		52.0446
v -126.9377 		87.0122 		41.9452
v -127.3473 		86.9301 		44.1511
v -127.199 		87.0996 		43.9929
v -128.2287 		83.4281 		52.1239
v -128.3922 		81.6202 		67.5743
v -126.6945 		85.6636 		49.8986
v -127.4858 		84.2636 		56.7177
v -128.6343 		84.5735 		61.5435
v -130.5498 		81.7815 		75.5524
v -131.4889 		83.1098 		73.0712
v -131.4704 		82.9898 		73.0286
v -132.0678 		82.6185 		75.5524
v -133.547 		83.8559 		82.2196
v -127.5537 		81.5408 		49.8986
v -128.6543 		82.3912 		55.5287
v -127.0905 		88.5373 		49.8986
v -128.3724 		88.0026 		55.5295
v -132.0742 		77.7381 		41.9452
v -130.5973 		78.7771 		34.6399
v -128.922 		74.7046 		41.9452
v -130.2383 		80.0341 		36.0079
v -133.3395 		79.2593 		55.7531
v -132.5976 		79.7686 		52.0439
v -132.2321 		76.9727 		56.7177
v -128.7887 		80.645 		41.9452
v -132.5168 		79.9786 		52.123
v -129.0639 		80.9611 		44.1505
v -128.8446 		80.9166 		43.9926
v -134.1534 		79.2178 		67.5743
v -129.8269 		79.7584 		49.8986
v -131.4264 		79.7484 		56.7177
v -131.3247 		80.545 		61.735
v -130.9031 		81.1933 		58.5563
v -131.7341 		80.9048 		61.5429
v -131.9196 		80.7341 		62.5621
v -129.7029 		79.0999 		62.5621
v -130.9075 		81.3867 		58.6242
v -133.0573 		81.0335 		67.5743
v -132.8344 		81.5795 		71.263
v -132.4126 		81.9592 		68.9264
v -133.0573 		81.9136 		71.1216
v -133.2211 		81.828 		71.8702
v -131.9561 		80.2434 		71.8702
v -129.9691 		81.5644 		62.5621
v -139.3334 		80.487 		41.9452
v -137.7014 		79.7187 		34.64
v -140.3664 		76.2216 		41.9452
v -136.4407 		80.0341 		36.008
v -140.0702 		80.2421 		56.7177
v -138.6576 		82.3511 		55.7538
v -137.8484 		81.9588 		52.0439
v -135.1905 		79.0756 		41.9452
v -135.0563 		79.4735 		44.1501
v -136.4723 		79.5375 		49.8986
v -134.9849 		79.26 		43.9922
v -135.901 		75.8176 		49.8986
v -137.2806 		80.927 		56.7177
v -137.6277 		81.9932 		52.1228
v -136.5443 		81.2372 		61.7358
v -135.7757 		81.1937 		58.5555
v -136.4396 		81.7738 		61.5438
v -136.679 		81.8501 		62.5621
v -136.9761 		79.0999 		62.5621
v -133.8025 		78.4465 		49.8986
v -133.6214 		79.8314 		55.5288
v -133.8969 		79.7308 		56.7177
v -134.99 		80.564 		62.5621
v -135.6122 		81.2938 		58.6232
v -134.5077 		81.053 		66.8662
v -133.8847 		81.2726 		64.1393
v -134.5997 		81.5129 		66.7014
v -134.8141 		81.4943 		67.5743
v -133.7878 		81.4059 		64.1973
v -134.4203 		82.6624 		73.0707
v -134.5143 		82.5863 		73.028
v -139.1001 		83.0396 		67.5743
v -137.8836 		84.84 		75.5524
v -135.7364 		82.9325 		68.9763
v -135.872 		82.8926 		68.9262
v -135.4327 		82.2956 		71.8702
v -137.1195 		81.6364 		71.8702
v -136.9905 		82.9919 		67.5743
v -136.4093 		83.0707 		71.263
v -136.2335 		83.432 		71.1218
v -136.389 		83.532 		71.8702
v -136.3946 		84.4021 		75.5524
v -134.9981 		82.5498 		75.0324
v -134.9765 		82.8941 		74.9113
v -135.1322 		82.9219 		75.5524
v -134.8073 		84.8304 		82.2214
v -134.8472 		84.5694 		80.1896
v -139.5885 		82.348 		49.8986
v -138.3066 		82.8827 		55.5295
v -138.5309 		83.0725 		56.7177
v -142.8983 		82.8634 		49.8986
v -136.2713 		84.9952 		73.0703
v -136.3835 		85.039 		73.0277
v -136.4043 		85.7458 		75.5524
v -140.4436 		86.3844 		34.64
v -139.9845 		85.2217 		49.8986
v -144.7839 		86.9597 		41.9452
v -141.1776 		88.712 		56.7177
v -138.2862 		89.2652 		67.5743
v -139.1932 		86.6217 		56.7177
v -138.0447 		86.3118 		61.5435
v -136.1292 		89.1038 		75.5524
v -138.0438 		85.3499 		58.6241
v -138.2122 		85.4427 		58.5562
v -138.5591 		86.1346 		61.7357
v -138.0988 		86.5588 		62.5621
v -137.2727 		87.4012 		67.5743
v -140.6128 		85.4427 		62.5621
v -136.9144 		86.9338 		71.2631
v -136.5158 		86.9611 		71.1216
v -136.7986 		86.3759 		68.9257
v -123.7807 		88.0219 		49.8986
v -128.4668 		85.4427 		58.5562
v -128.1199 		84.7508 		61.7357
v -128.5802 		84.3266 		62.5621
v -126.0662 		85.4427 		62.5621
v -128.6352 		85.5355 		58.6241
v -129.4058 		83.4842 		67.5743
v -129.7646 		83.9515 		71.2631
v -129.8804 		84.5095 		68.9257
v -130.1628 		83.9243 		71.1217
v -130.1711 		83.7385 		71.8702
v -128.1761 		84.0496 		71.8702
v -128.1481 		87.8128 		56.7177
v -128.3187 		86.4427 		62.5621
v -129.9822 		84.6074 		68.9754
v -129.4801 		87.0524 		64.1391
v -128.9798 		86.6191 		66.8653
v -129.3296 		86.3087 		66.7004
v -129.2062 		86.1308 		67.5743
v -129.6434 		87.0703 		64.1972
v -129.586 		85.191 		71.8702
v -130.022 		85.4427 		75.0318
v -130.2955 		85.8463 		73.0277
v -130.3287 		85.2894 		74.9105
v -130.2747 		85.1396 		75.5524
v -130.9171 		83.2986 		75.5524
v -130.4077 		85.8902 		73.0704
v -132.079 		84.4688 		82.222
v -131.8345 		84.5644 		80.19
v -126.3423 		78.3969 		49.8986
v -128.7055 		82.1006 		56.7177
v -130.148 		82.2291 		66.865
v -130.0254 		82.8821 		64.1388
v -130.5898 		82.3789 		66.7001
v -130.6811 		82.1822 		67.5743
v -130.0916 		83.0332 		64.1968
v -130.9426 		87.9528 		68.9763
v -131.6792 		82.0435 		71.8702
v -132.3792 		82.0973 		68.9762
v -133.9721 		82.2581 		75.5524
v -135.0932 		81.1789 		75.5524
v -133.3423 		83.6905 		80.1866
v -137.0356 		83.815 		64.1973
v -137.1986 		83.8328 		64.1393
v -137.6991 		84.2663 		66.8656
v -137.3494 		84.5767 		66.7004
v -137.4729 		84.7546 		67.5743
v -136.657 		85.4427 		75.0318
v -136.3503 		85.5959 		74.9105
v -136.5075 		87.1469 		71.8702
v -138.5029 		86.8357 		71.8702
v -138.3603 		84.4426 		62.5621
v -136.6968 		86.278 		68.9754
v -137.093 		85.6944 		71.8702
v -135.762 		87.5868 		75.5524
v -134.8452 		86.3213 		80.1857
v -131.6808 		82.5496 		75.0319
v -131.9659 		82.7405 		74.9107
# 359 vertices

g group_25_1206582

usemtl color_1206582
s 0

f 7380 	7381 	7378
f 7378 	7382 	7379
f 7382 	7378 	7381
f 7387 	7384 	7383
f 7387 	7385 	7384
f 7397 	7393 	7387
f 7388 	7515 	7389
f 7392 	7387 	7391
f 7387 	7383 	7386
f 7386 	7391 	7387
f 7390 	7392 	7391
f 7385 	7387 	7394
f 7393 	7394 	7387
f 7387 	7392 	7397
f 7515 	7388 	7393
f 7394 	7393 	7388
f 7393 	7395 	7515
f 7403 	7398 	7392
f 7393 	7397 	7395
f 7399 	7515 	7395
f 7399 	7395 	7397
f 7396 	7392 	7390
f 7401 	7396 	7390
f 7397 	7392 	7398
f 7403 	7392 	7396
f 7396 	7406 	7403
f 7398 	7400 	7397
f 7400 	7399 	7397
f 7402 	7396 	7401
f 7405 	7396 	7402
f 7400 	7398 	7406
f 7403 	7406 	7398
f 7404 	7531 	7399
f 7407 	7404 	7399
f 7407 	7399 	7400
f 7402 	7382 	7405
f 7405 	7382 	7665
f 7412 	7410 	7405
f 7396 	7408 	7406
f 7410 	7408 	7405
f 7411 	7400 	7409
f 7407 	7413 	7404
f 7406 	7408 	7409
f 7396 	7405 	7408
f 7406 	7409 	7400
f 7411 	7409 	7408
f 7411 	7408 	7666
f 7408 	7410 	7666
f 7400 	7413 	7407
f 7415 	7414 	7411
f 7400 	7411 	7414
f 7414 	7416 	7413
f 7414 	7413 	7400
f 7415 	7669 	7414
f 7416 	7414 	7535
f 7411 	7417 	7415
f 7384 	7418 	7383
f 7419 	7418 	7384
f 7385 	7419 	7384
f 7388 	7389 	7385
f 7419 	7385 	7389
f 7385 	7394 	7388
f 7418 	7379 	7383
f 7383 	7379 	7386
f 7391 	7386 	7390
f 7379 	7401 	7390
f 7390 	7386 	7379
f 7401 	7379 	7382
f 7402 	7401 	7382
f 7422 	7450 	7421
f 7424 	7420 	7423
f 7450 	7423 	7420
f 7438 	7439 	7418
f 7379 	7418 	7439
f 7439 	7440 	7379
f 7441 	7379 	7440
f 7447 	7448 	7422
f 7450 	7422 	7448
f 7448 	7449 	7450
f 7449 	7452 	7450
f 7422 	7379 	7446
f 7447 	7422 	7446
f 7446 	7379 	7441
f 7436 	7437 	7419
f 7438 	7418 	7437
f 7418 	7419 	7437
f 7461 	7457 	7458
f 7460 	7461 	7458
f 7458 	7459 	7460
f 7467 	7468 	7472
f 7471 	7472 	7468
f 7468 	7469 	7471
f 7469 	7470 	7471
f 7471 	7477 	7479
f 7460 	7466 	7472
f 7466 	7460 	7459
f 7467 	7472 	7466
f 7461 	7450 	7456
f 7461 	7456 	7457
f 7452 	7456 	7450
f 7475 	7474 	7479
f 7478 	7479 	7474
f 7476 	7478 	7474
f 7476 	7480 	7478
f 7480 	7481 	7478
f 7482 	7556 	7481
f 7475 	7479 	7477
f 7470 	7477 	7471
f 7492 	7490 	7485
f 7487 	7491 	7488
f 7484 	7490 	7486
f 7484 	7485 	7490
f 7493 	7490 	7492
f 7496 	7490 	7493
f 7486 	7490 	7489
f 7489 	7497 	7487
f 7494 	7496 	7493
f 7491 	7487 	7497
f 7698 	7691 	7491
f 7490 	7497 	7489
f 7503 	7500 	7496
f 7490 	7501 	7497
f 7497 	7498 	7491
f 7502 	7491 	7498
f 7495 	7694 	7504
f 7505 	7494 	7507
f 7490 	7496 	7501
f 7500 	7501 	7496
f 7498 	7497 	7501
f 7501 	7500 	7506
f 7502 	7501 	7506
f 7498 	7501 	7502
f 7500 	7503 	7516
f 7516 	7506 	7500
f 7715 	7509 	7502
f 7504 	7698 	7491
f 7491 	7510 	7504
f 7512 	7495 	7511
f 7494 	7505 	7496
f 7516 	7503 	7505
f 7503 	7496 	7505
f 7507 	7508 	7505
f 7506 	7715 	7502
f 7509 	7510 	7502
f 7491 	7502 	7510
f 7511 	7504 	7510
f 7504 	7511 	7495
f 7509 	7513 	7510
f 7512 	7510 	7513
f 7511 	7510 	7512
f 7508 	7514 	7505
f 7514 	7508 	7389
f 7514 	7389 	7515
f 7522 	7518 	7514
f 7518 	7517 	7514
f 7505 	7514 	7517
f 7517 	7519 	7516
f 7517 	7516 	7505
f 7520 	7506 	7519
f 7516 	7519 	7506
f 7518 	7521 	7517
f 7520 	7519 	7517
f 7520 	7517 	7521
f 7524 	7523 	7520
f 7506 	7520 	7523
f 7523 	7525 	7526
f 7523 	7526 	7506
f 7513 	7526 	7525
f 7513 	7525 	7527
f 7705 	7495 	7528
f 7524 	7529 	7523
f 7527 	7523 	7529
f 7525 	7523 	7527
f 7530 	7522 	7515
f 7522 	7514 	7515
f 7515 	7399 	7531
f 7531 	7532 	7530
f 7531 	7530 	7515
f 7533 	7521 	7532
f 7521 	7530 	7532
f 7404 	7534 	7531
f 7533 	7531 	7534
f 7533 	7532 	7531
f 7404 	7413 	7534
f 7535 	7534 	7416
f 7413 	7416 	7534
f 7524 	7537 	7536
f 7524 	7536 	7529
f 7499 	7701 	7528
f 7540 	7669 	7543
f 7542 	7543 	7669
f 7661 	7640 	7541
f 7543 	7541 	7540
f 7539 	7538 	7540
f 7544 	7534 	7535
f 7547 	7546 	7534
f 7544 	7547 	7534
f 7533 	7546 	7521
f 7545 	7521 	7546
f 7545 	7536 	7521
f 7546 	7533 	7534
f 7540 	7529 	7547
f 7545 	7547 	7529
f 7546 	7547 	7545
f 7536 	7545 	7529
f 7548 	7513 	7527
f 7512 	7549 	7495
f 7550 	7495 	7549
f 7550 	7528 	7495
f 7549 	7513 	7551
f 7512 	7513 	7549
f 7548 	7551 	7513
f 7549 	7551 	7550
f 7499 	7550 	7551
f 7499 	7551 	7540
f 7528 	7550 	7499
f 7540 	7552 	7499
f 7529 	7540 	7548
f 7548 	7527 	7529
f 7551 	7548 	7540
f 7535 	7669 	7544
f 7540 	7544 	7669
f 7540 	7547 	7544
f 7540 	7572 	7553
f 7540 	7555 	7554
f 7540 	7554 	7572
f 7553 	7552 	7540
f 7703 	7499 	7552
f 7485 	7484 	7556
f 7556 	7484 	7478
f 7486 	7478 	7484
f 7487 	7488 	7486
f 7489 	7487 	7486
f 7478 	7486 	7488
f 7557 	7558 	7560
f 7558 	7559 	7560
f 7564 	7560 	7559
f 7557 	7560 	7567
f 7563 	7561 	7562
f 7564 	7565 	7560
f 7563 	7570 	7561
f 7567 	7570 	7563
f 7569 	7560 	7565
f 7679 	7569 	7566
f 7684 	7680 	7569
f 7567 	7560 	7570
f 7570 	7571 	7561
f 7682 	7561 	7571
f 7720 	7555 	7576
f 7576 	7555 	7719
f 7562 	7577 	7471
f 7577 	7591 	7471
f 7562 	7578 	7577
f 7559 	7479 	7478
f 7565 	7564 	7566
f 7564 	7478 	7566
f 7564 	7559 	7478
f 7566 	7478 	7579
f 7488 	7580 	7579
f 7488 	7579 	7478
f 7507 	7494 	7419
f 7419 	7389 	7507
f 7508 	7507 	7389
f 7419 	7494 	7492
f 7493 	7492 	7494
f 7492 	7485 	7419
f 7419 	7485 	7556
f 7581 	7582 	7583
f 7582 	7584 	7583
f 7586 	7587 	7585
f 7583 	7584 	7588
f 7588 	7590 	7583
f 7589 	7581 	7583
f 7589 	7594 	7586
f 7590 	7593 	7583
f 7587 	7586 	7594
f 7590 	7591 	7593
f 7594 	7589 	7583
f 7600 	7596 	7593
f 7596 	7595 	7593
f 7583 	7593 	7595
f 7595 	7597 	7594
f 7595 	7594 	7583
f 7598 	7587 	7597
f 7594 	7597 	7587
f 7596 	7599 	7595
f 7598 	7597 	7595
f 7598 	7595 	7599
f 7600 	7607 	7596
f 7587 	7601 	7636
f 7592 	7633 	7601
f 7717 	7603 	7598
f 7603 	7602 	7598
f 7587 	7598 	7602
f 7587 	7602 	7601
f 7604 	7601 	7602
f 7605 	7592 	7604
f 7601 	7604 	7592
f 7603 	7606 	7602
f 7605 	7602 	7606
f 7605 	7604 	7602
f 7599 	7596 	7607
f 7713 	7599 	7712
f 7607 	7712 	7599
f 7586 	7585 	7581
f 7589 	7586 	7581
f 7460 	7581 	7585
f 7608 	7609 	7610
f 7611 	7610 	7609
f 7615 	7610 	7611
f 7614 	7612 	7613
f 7616 	7617 	7610
f 7616 	7610 	7615
f 7617 	7616 	7618
f 7617 	7618 	7619
f 7620 	7621 	7610
f 7608 	7610 	7621
f 7612 	7614 	7620
f 7621 	7620 	7614
f 7631 	7623 	7617
f 7623 	7622 	7617
f 7610 	7617 	7622
f 7610 	7622 	7620
f 7624 	7620 	7622
f 7625 	7612 	7624
f 7620 	7624 	7612
f 7623 	7626 	7622
f 7625 	7624 	7622
f 7625 	7622 	7626
f 7619 	7618 	7627
f 7629 	7619 	7628
f 7628 	7619 	7627
f 7629 	7628 	7585
f 7629 	7585 	7587
f 7636 	7633 	7629
f 7631 	7617 	7619
f 7630 	7631 	7619
f 7626 	7623 	7630
f 7631 	7630 	7623
f 7633 	7632 	7629
f 7619 	7629 	7632
f 7619 	7632 	7630
f 7634 	7630 	7632
f 7635 	7626 	7634
f 7630 	7634 	7626
f 7632 	7633 	7592
f 7635 	7632 	7592
f 7635 	7634 	7632
f 7629 	7587 	7636
f 7636 	7601 	7633
f 7641 	7642 	7625
f 7643 	7641 	7626
f 7635 	7637 	7638
f 7638 	7650 	7635
f 7637 	7635 	7592
f 7637 	7718 	7638
f 7646 	7645 	7612
f 7639 	7722 	7645
f 7648 	7639 	7647
f 7642 	7646 	7625
f 7612 	7625 	7646
f 7625 	7626 	7641
f 7641 	7643 	7642
f 7643 	7644 	7642
f 7646 	7647 	7645
f 7645 	7647 	7639
f 7642 	7644 	7646
f 7648 	7646 	7644
f 7648 	7647 	7646
f 7659 	7639 	7649
f 7654 	7639 	7648
f 7626 	7635 	7650
f 7626 	7650 	7643
f 7651 	7643 	7650
f 7651 	7644 	7643
f 7652 	7644 	7651
f 7638 	7719 	7650
f 7652 	7651 	7650
f 7640 	7660 	7649
f 7639 	7653 	7649
f 7639 	7654 	7653
f 7648 	7644 	7654
f 7649 	7653 	7640
f 7541 	7729 	7661
f 7540 	7541 	7640
f 7609 	7608 	7450
f 7461 	7609 	7450
f 7611 	7609 	7461
f 7614 	7613 	7608
f 7450 	7608 	7613
f 7621 	7614 	7608
f 7655 	7656 	7658
f 7657 	7658 	7656
f 7657 	7656 	7613
f 7657 	7613 	7612
f 7721 	7722 	7657
f 7645 	7721 	7612
f 7657 	7612 	7721
f 7659 	7649 	7660
f 7728 	7734 	7666
f 7734 	7729 	7543
f 7543 	7542 	7734
f 7420 	7421 	7450
f 7655 	7423 	7450
f 7450 	7613 	7655
f 7656 	7655 	7613
f 7461 	7460 	7611
f 7615 	7611 	7460
f 7616 	7615 	7618
f 7627 	7618 	7460
f 7615 	7460 	7618
f 7460 	7585 	7627
f 7585 	7628 	7627
f 7472 	7471 	7584
f 7588 	7584 	7471
f 7591 	7588 	7471
f 7590 	7588 	7591
f 7420 	7664 	7421
f 7423 	7655 	7658
f 7662 	7421 	7664
f 7420 	7424 	7664
f 7663 	7664 	7424
f 7380 	7667 	7381
f 7381 	7665 	7382
f 7378 	7662 	7664
f 7378 	7664 	7380
f 7672 	7667 	7664
f 7380 	7664 	7667
f 7664 	7663 	7672
f 7665 	7381 	7667
f 7668 	7665 	7667
f 7665 	7668 	7673
f 7412 	7674 	7410
f 7535 	7414 	7669
f 7424 	7423 	7663
f 7663 	7670 	7671
f 7730 	7670 	7658
f 7671 	7670 	7730
f 7672 	7663 	7671
f 7668 	7667 	7672
f 7675 	7672 	7671
f 7668 	7672 	7673
f 7674 	7412 	7665
f 7412 	7405 	7665
f 7666 	7410 	7674
f 7665 	7676 	7674
f 7674 	7677 	7666
f 7677 	7728 	7666
f 7733 	7417 	7666
f 7417 	7733 	7415
f 7669 	7415 	7733
f 7658 	7663 	7423
f 7663 	7658 	7670
f 7675 	7671 	7730
f 7673 	7672 	7675
f 7731 	7678 	7673
f 7725 	7675 	7724
f 7677 	7674 	7676
f 7678 	7676 	7673
f 7665 	7673 	7676
f 7565 	7566 	7569
f 7709 	7561 	7714
f 7679 	7566 	7579
f 7560 	7569 	7681
f 7680 	7681 	7569
f 7560 	7681 	7570
f 7571 	7570 	7681
f 7681 	7680 	7683
f 7682 	7681 	7683
f 7571 	7681 	7682
f 7679 	7579 	7580
f 7684 	7569 	7679
f 7683 	7680 	7692
f 7684 	7692 	7680
f 7693 	7687 	7682
f 7687 	7686 	7682
f 7561 	7682 	7686
f 7686 	7688 	7685
f 7686 	7685 	7561
f 7689 	7568 	7688
f 7685 	7688 	7568
f 7687 	7690 	7686
f 7689 	7688 	7686
f 7689 	7686 	7690
f 7580 	7691 	7679
f 7491 	7691 	7488
f 7580 	7488 	7691
f 7679 	7692 	7684
f 7698 	7694 	7691
f 7679 	7695 	7692
f 7693 	7682 	7683
f 7693 	7699 	7687
f 7694 	7695 	7691
f 7679 	7691 	7695
f 7696 	7692 	7695
f 7692 	7696 	7683
f 7697 	7683 	7696
f 7694 	7495 	7695
f 7697 	7696 	7695
f 7697 	7695 	7495
f 7698 	7504 	7694
f 7699 	7693 	7683
f 7690 	7687 	7699
f 7705 	7701 	7697
f 7701 	7700 	7697
f 7683 	7697 	7700
f 7683 	7700 	7699
f 7702 	7699 	7700
f 7697 	7495 	7705
f 7690 	7699 	7702
f 7690 	7702 	7703
f 7700 	7701 	7499
f 7703 	7700 	7499
f 7703 	7702 	7700
f 7705 	7528 	7701
f 7572 	7574 	7704
f 7573 	7704 	7574
f 7552 	7690 	7703
f 7552 	7553 	7690
f 7689 	7707 	7568
f 7706 	7568 	7707
f 7706 	7704 	7568
f 7707 	7690 	7553
f 7689 	7690 	7707
f 7707 	7553 	7706
f 7704 	7706 	7572
f 7553 	7572 	7706
f 7575 	7554 	7606
f 7555 	7720 	7606
f 7554 	7555 	7606
f 7540 	7719 	7555
f 7554 	7575 	7572
f 7557 	7471 	7558
f 7479 	7558 	7471
f 7558 	7479 	7559
f 7563 	7562 	7557
f 7567 	7563 	7557
f 7471 	7557 	7562
f 7593 	7591 	7708
f 7708 	7591 	7577
f 7709 	7708 	7578
f 7577 	7578 	7708
f 7600 	7593 	7708
f 7578 	7562 	7709
f 7561 	7709 	7562
f 7714 	7711 	7709
f 7708 	7607 	7600
f 7711 	7710 	7709
f 7708 	7709 	7710
f 7708 	7710 	7607
f 7712 	7607 	7710
f 7710 	7711 	7568
f 7713 	7712 	7710
f 7713 	7710 	7568
f 7685 	7714 	7561
f 7556 	7483 	7419
f 7482 	7483 	7556
f 7436 	7419 	7483
f 7478 	7481 	7556
f 7522 	7530 	7518
f 7521 	7518 	7530
f 7520 	7521 	7537
f 7536 	7537 	7521
f 7537 	7524 	7520
f 7526 	7715 	7506
f 7509 	7715 	7526
f 7509 	7526 	7513
f 7716 	7717 	7599
f 7598 	7599 	7717
f 7606 	7603 	7716
f 7717 	7716 	7603
f 7716 	7736 	7606
f 7718 	7637 	7592
f 7638 	7718 	7719
f 7652 	7650 	7719
f 7538 	7539 	7644
f 7654 	7644 	7539
f 7644 	7652 	7538
f 7653 	7539 	7640
f 7654 	7539 	7653
f 7540 	7640 	7539
f 7540 	7538 	7719
f 7652 	7719 	7538
f 7605 	7720 	7592
f 7592 	7720 	7576
f 7576 	7718 	7592
f 7720 	7605 	7606
f 7718 	7576 	7719
f 7472 	7582 	7460
f 7460 	7582 	7581
f 7584 	7582 	7472
f 7722 	7723 	7657
f 7658 	7657 	7723
f 7721 	7645 	7722
f 7724 	7730 	7723
f 7730 	7724 	7675
f 7723 	7722 	7639
f 7725 	7723 	7639
f 7725 	7724 	7723
f 7659 	7660 	7725
f 7725 	7639 	7659
f 7727 	7732 	7726
f 7675 	7726 	7732
f 7660 	7726 	7725
f 7675 	7725 	7726
f 7661 	7729 	7727
f 7661 	7727 	7726
f 7661 	7726 	7640
f 7726 	7660 	7640
f 7731 	7673 	7675
f 7728 	7677 	7676
f 7728 	7676 	7729
f 7678 	7729 	7676
f 7658 	7723 	7730
f 7732 	7731 	7675
f 7678 	7731 	7732
f 7678 	7732 	7729
f 7732 	7727 	7729
f 7411 	7666 	7417
f 7542 	7666 	7734
f 7733 	7666 	7542
f 7541 	7543 	7729
f 7729 	7734 	7728
f 7733 	7542 	7669
f 7662 	7378 	7379
f 7422 	7662 	7379
f 7421 	7662 	7422
f 7711 	7714 	7685
f 7711 	7685 	7568
f 7573 	7574 	7713
f 7704 	7573 	7568
f 7574 	7735 	7713
f 7599 	7713 	7735
f 7735 	7736 	7716
f 7599 	7735 	7716
f 7713 	7568 	7573
f 7575 	7606 	7736
f 7574 	7572 	7735
f 7572 	7575 	7735
f 7575 	7736 	7735
# 640 faces

g group_25_11107152

usemtl color_11107152
s 0

f 7427 	7428 	7426
f 7428 	7429 	7426
f 7425 	7426 	7429
f 7425 	7429 	7430
f 7425 	7430 	7431
f 7425 	7431 	7432
f 7425 	7432 	7433
f 7425 	7433 	7434
f 7425 	7434 	7435
f 7425 	7435 	7445
f 7432 	7436 	7433
f 7431 	7437 	7436
f 7431 	7436 	7432
f 7430 	7438 	7437
f 7430 	7437 	7431
f 7438 	7430 	7439
f 7429 	7439 	7430
f 7429 	7428 	7440
f 7429 	7440 	7439
f 7428 	7427 	7441
f 7428 	7441 	7440
f 7426 	7425 	7448
f 7444 	7451 	7443
f 7445 	7453 	7444
f 7427 	7446 	7441
f 7447 	7446 	7426
f 7427 	7426 	7446
f 7426 	7448 	7447
f 7452 	7449 	7445
f 7445 	7449 	7425
f 7448 	7425 	7449
f 7442 	7443 	7451
f 7452 	7445 	7444
f 7457 	7456 	7443
f 7457 	7443 	7458
f 7442 	7458 	7443
f 7451 	7459 	7442
f 7455 	7444 	7454
f 7451 	7444 	7455
f 7454 	7444 	7453
f 7435 	7473 	7445
f 7444 	7456 	7452
f 7444 	7443 	7456
f 7458 	7442 	7459
f 7455 	7459 	7451
f 7467 	7466 	7454
f 7453 	7468 	7454
f 7464 	7445 	7463
f 7453 	7445 	7464
f 7463 	7445 	7462
f 7473 	7465 	7445
f 7455 	7466 	7459
f 7455 	7454 	7466
f 7467 	7454 	7468
f 7469 	7453 	7464
f 7453 	7469 	7468
f 7477 	7470 	7463
f 7464 	7470 	7469
f 7462 	7445 	7465
f 7465 	7474 	7462
f 7480 	7476 	7473
f 7465 	7473 	7476
f 7473 	7435 	7480
f 7481 	7480 	7435
f 7464 	7463 	7470
f 7475 	7477 	7462
f 7463 	7462 	7477
f 7462 	7474 	7475
f 7474 	7465 	7476
f 7481 	7435 	7434
f 7481 	7434 	7482
f 7482 	7434 	7483
f 7433 	7483 	7434
f 7433 	7436 	7483
# 74 faces

 #end of obj_25

o obj_26
v -161.5988 		64.3062 		41.9452
v -166 		68.336 		32.6694
v -159.4503 		63.5719 		52.1239
v -159.5906 		63.7476 		52.0446
v -159.6577 		64.649 		55.7531
v -157.4407 		66.9659 		36.0079
v -157.0817 		68.2229 		34.6399
v -155.6048 		69.2619 		41.9452
v -158.8903 		66.355 		41.9452
v -158.757 		72.2954 		41.9452
v -155.0814 		67.2314 		52.0439
v -154.3395 		67.7407 		55.7531
v -158.8344 		66.0834 		43.9926
v -158.6151 		66.0389 		44.1505
v -157.8521 		67.2416 		49.8986
v -156.2526 		67.2516 		56.7177
v -155.1622 		67.0214 		52.123
v -155.9449 		66.0952 		61.5429
v -161.3367 		68.6031 		49.8986
v -156.3543 		66.455 		61.735
v -156.7759 		65.8067 		58.5563
v -155.7594 		66.2659 		62.5621
v -157.9761 		67.9001 		62.5621
v -160.1253 		65.4592 		49.8986
v -159.0247 		64.6088 		55.5287
v -156.7715 		65.6133 		58.6242
v -155.2664 		65.0408 		68.9264
v -158.9735 		64.8994 		56.7177
v -157.7099 		65.4356 		62.5621
v -155.2998 		64.9027 		68.9762
v -157.531 		64.771 		66.8648
v -157.0893 		64.6212 		66.6999
v -157.6536 		64.1182 		64.1398
v -156.9979 		64.8179 		67.5743
v -157.5872 		63.9666 		64.1979
v -155.9998 		64.9565 		71.8702
v -155.9982 		64.4504 		75.0319
v -156.2086 		64.0102 		73.0286
v -155.7131 		64.2595 		74.9107
v -156.1901 		63.8902 		73.0712
v -157.7055 		67.4277 		32.6694
v -154.3395 		75.1147 		32.6694
v -160.7413 		59.9878 		41.9452
v -160.5419 		61.5573 		36.0081
v -161.0715 		61.5573 		32.6694
v -160.48 		59.9004 		43.9929
v -160.3317 		60.0699 		44.1511
v -156.9407 		60.8557 		14
v -157.0323 		61.5573 		14
v -156.9407 		62.2589 		14
v -156.6715 		62.9131 		14
v -156.2433 		63.4743 		14
v -155.6859 		63.9055 		14
v -155.0363 		64.1766 		14
v -154.3395 		64.2688 		14
v -153.6427 		64.1766 		14
v -152.9931 		63.9055 		14
v -152.4357 		63.4743 		14
v -154.3395 		63.8907 		20.3591
v -154.9195 		63.7375 		21.6439
v -155.4313 		63.4614 		22.623
v -155.9242 		63.153 		21.6436
v -156.3463 		62.724 		20.3592
v -156.3463 		62.724 		20.3591
v -155.0363 		58.9381 		14
v -155.6859 		59.2092 		14
v -156.2433 		59.6403 		14
v -156.6715 		60.2016 		14
v -156.5047 		62.1413 		21.6445
v -156.5231 		61.5573 		22.623
v -156.5047 		60.9734 		21.6445
v -156.3463 		60.3907 		20.3591
v -166 		54.7787 		32.6694
v -154.3395 		58.8459 		14
v -156.3463 		60.3907 		20.3592
v -152.4357 		59.6403 		14
v -152.9931 		59.2092 		14
v -153.6427 		58.9381 		14
v -155.9242 		59.9617 		21.6436
v -155.4313 		59.6532 		22.623
v -154.9195 		59.3771 		21.6439
v -154.3395 		59.224 		20.3591
v -154.3395 		48 		32.6694
v -157.7055 		55.687 		32.6694
v -151.6467 		61.5573 		14
v -151.7383 		60.8557 		14
v -152.0075 		60.2016 		14
v -151.7383 		62.2589 		14
v -153.7595 		59.3771 		21.6439
v -153.2477 		59.6532 		22.623
v -152.7548 		59.9617 		21.6436
v -152.3327 		60.3907 		20.3592
v -152.3327 		60.3907 		20.3591
v -142.679 		54.7787 		32.6694
v -150.9735 		55.687 		32.6694
v -152.0075 		62.9131 		14
v -152.1743 		62.1413 		21.6445
v -152.1559 		61.5573 		22.623
v -152.3327 		62.724 		20.3591
v -152.1743 		60.9734 		21.6445
v -142.679 		68.336 		32.6694
v -147.6075 		61.5573 		32.6694
v -152.3327 		62.724 		20.3592
v -152.7548 		63.153 		21.6436
v -153.2477 		63.4614 		22.623
v -153.7595 		63.7375 		21.6439
v -149.9776 		67.2813 		34.64
v -151.2383 		66.9659 		36.008
v -148.3456 		66.513 		41.9452
v -149.8306 		65.0412 		52.0439
v -149.0214 		64.6489 		55.7538
v -150.0513 		65.0068 		52.1228
v -147.3126 		70.7784 		41.9452
v -147.6088 		66.7579 		56.7177
v -152.4885 		67.9244 		41.9452
v -152.6227 		67.5265 		44.1501
v -152.6941 		67.74 		43.9922
v -148.5783 		63.9604 		67.5743
v -151.2067 		67.4625 		49.8986
v -150.3984 		66.073 		56.7177
v -151.2394 		65.2262 		61.5438
v -149.7954 		62.16 		75.5524
v -151.9033 		65.8063 		58.5555
v -151.1347 		65.7628 		61.7358
v -151 		65.1499 		62.5621
v -152.0669 		65.7062 		58.6232
v -150.6885 		64.0081 		67.5743
v -151.778 		71.1824 		49.8986
v -150.7029 		67.9001 		62.5621
v -153.8765 		68.5535 		49.8986
v -154.0576 		67.1686 		55.5288
v -151.807 		64.1074 		68.9262
v -151.2697 		63.9293 		71.263
v -151.4455 		63.568 		71.1218
v -151.29 		63.468 		71.8702
v -150.5595 		65.3636 		71.8702
v -153.7821 		67.2692 		56.7177
v -155.4469 		70.0273 		56.7177
v -152.689 		66.436 		62.5621
v -153.1713 		65.947 		66.8662
v -153.7943 		65.7274 		64.1393
v -153.0793 		65.4871 		66.7014
v -152.8649 		65.5057 		67.5743
v -153.5256 		67.7822 		67.5743
v -153.8912 		65.5941 		64.1973
v -152.6808 		64.4504 		75.0318
v -153.1647 		64.4137 		73.028
v -152.7023 		64.106 		74.9105
v -152.2463 		64.7044 		71.8702
v -152.5464 		64.0782 		75.5524
v -151.2841 		62.5979 		75.5524
v -152.5858 		65.8211 		75.5524
v -154.6217 		65.9665 		67.5743
v -154.8446 		65.4205 		71.263
v -154.6217 		65.0864 		71.1216
v -154.4579 		65.172 		71.8702
v -155.7229 		66.7566 		71.8702
v -155.6112 		64.3815 		75.5524
v -153.7069 		64.7419 		75.5524
v -153.2587 		64.3376 		73.0707
v -154.7016 		61.1927 		87.1072
v -154.7908 		61.2086 		86.4125
v -154.3395 		61.5573 		90
v -154.8345 		61.6909 		87.1059
v -155.6004 		62.5317 		82.2196
v -154.8656 		61.7768 		86.4098
v -154.4721 		62.0557 		87.1061
v -154.132 		63.1441 		82.2196
v -154.3367 		63.3095 		80.1866
v -154.4138 		62.1258 		86.4101
v -153.9772 		61.9222 		87.106
v -152.8313 		62.4309 		80.1872
v -152.8714 		62.1697 		82.2212
v -153.8876 		61.9064 		86.409
v -153.8445 		61.4238 		87.1059
v -153.8134 		61.3379 		86.4098
v -154.2069 		61.059 		87.1061
v -154.2652 		60.9889 		86.4101
v -150.9735 		67.4277 		32.6694
v -147.0802 		58.8084 		41.9452
v -147.2354 		60.6156 		34.64
v -148.1371 		61.5573 		36.0081
v -142.8951 		60.0403 		41.9452
v -146.5014 		58.288 		56.7177
v -149.0213 		58.4656 		55.7531
v -149.0884 		59.367 		52.0446
v -147.9377 		63.1269 		41.9452
v -148.3473 		63.0448 		44.1511
v -148.199 		63.2143 		43.9929
v -149.2287 		59.5428 		52.1239
v -149.3922 		57.7348 		67.5743
v -147.6945 		61.7783 		49.8986
v -148.4858 		60.3783 		56.7177
v -149.6343 		60.6882 		61.5435
v -151.5498 		57.8962 		75.5524
v -152.4889 		59.2245 		73.0712
v -152.4704 		59.1044 		73.0286
v -153.0678 		58.7332 		75.5524
v -154.547 		59.9706 		82.2196
v -148.5537 		57.6555 		49.8986
v -149.6543 		58.5059 		55.5287
v -148.0905 		64.652 		49.8986
v -149.3724 		64.1173 		55.5295
v -153.0742 		53.8528 		41.9452
v -151.5973 		54.8918 		34.6399
v -149.922 		50.8192 		41.9452
v -151.2383 		56.1488 		36.0079
v -154.3395 		55.374 		55.7531
v -153.5976 		55.8833 		52.0439
v -153.2321 		53.0874 		56.7177
v -149.7887 		56.7597 		41.9452
v -153.5168 		56.0933 		52.123
v -150.0639 		57.0757 		44.1505
v -149.8446 		57.0313 		43.9926
v -155.1534 		55.3325 		67.5743
v -150.8269 		55.873 		49.8986
v -152.4264 		55.8631 		56.7177
v -152.3247 		56.6597 		61.735
v -151.9031 		57.308 		58.5563
v -152.7341 		57.0195 		61.5429
v -152.9196 		56.8487 		62.5621
v -150.7029 		55.2145 		62.5621
v -151.9075 		57.5014 		58.6242
v -154.0573 		57.1482 		67.5743
v -153.8344 		57.6942 		71.263
v -153.4126 		58.0739 		68.9264
v -154.0573 		58.0283 		71.1216
v -154.2211 		57.9426 		71.8702
v -152.9561 		56.3581 		71.8702
v -150.9691 		57.6791 		62.5621
v -160.3334 		56.6017 		41.9452
v -158.7014 		55.8334 		34.64
v -161.3664 		52.3363 		41.9452
v -157.4407 		56.1488 		36.008
v -161.0702 		56.3567 		56.7177
v -159.6576 		58.4658 		55.7538
v -158.8484 		58.0734 		52.0439
v -156.1905 		55.1902 		41.9452
v -156.0563 		55.5882 		44.1501
v -157.4723 		55.6522 		49.8986
v -155.9849 		55.3747 		43.9922
v -156.901 		51.9323 		49.8986
v -158.2806 		57.0417 		56.7177
v -158.6277 		58.1078 		52.1228
v -157.5443 		57.3518 		61.7358
v -156.7757 		57.3083 		58.5555
v -157.4396 		57.8884 		61.5438
v -157.679 		57.9648 		62.5621
v -157.9761 		55.2145 		62.5621
v -154.8025 		54.5611 		49.8986
v -154.6214 		55.9461 		55.5288
v -154.8969 		55.8454 		56.7177
v -155.99 		56.6787 		62.5621
v -156.6122 		57.4084 		58.6232
v -155.5077 		57.1677 		66.8662
v -154.8847 		57.3872 		64.1393
v -155.5997 		57.6276 		66.7014
v -155.8141 		57.6089 		67.5743
v -154.7878 		57.5206 		64.1973
v -155.4203 		58.7771 		73.0707
v -155.5143 		58.701 		73.028
v -160.1001 		59.1543 		67.5743
v -158.8836 		60.9547 		75.5524
v -156.7364 		59.0472 		68.9763
v -156.872 		59.0073 		68.9262
v -156.4327 		58.4102 		71.8702
v -158.1195 		57.7511 		71.8702
v -157.9905 		59.1065 		67.5743
v -157.4093 		59.1854 		71.263
v -157.2335 		59.5466 		71.1218
v -157.389 		59.6466 		71.8702
v -157.3946 		60.5168 		75.5524
v -155.9981 		58.6644 		75.0324
v -155.9765 		59.0088 		74.9113
v -156.1322 		59.0366 		75.5524
v -155.8073 		60.945 		82.2214
v -155.8472 		60.684 		80.1896
v -160.5885 		58.4627 		49.8986
v -159.3066 		58.9974 		55.5295
v -159.5309 		59.1872 		56.7177
v -163.8983 		58.9781 		49.8986
v -157.2713 		61.1099 		73.0703
v -157.3835 		61.1537 		73.0277
v -157.4043 		61.8604 		75.5524
v -161.4436 		62.4991 		34.64
v -160.9845 		61.3364 		49.8986
v -165.7839 		63.0744 		41.9452
v -162.1776 		64.8267 		56.7177
v -159.2862 		65.3798 		67.5743
v -160.1932 		62.7364 		56.7177
v -159.0447 		62.4265 		61.5435
v -157.1292 		65.2185 		75.5524
v -159.0438 		61.4645 		58.6241
v -159.2122 		61.5573 		58.5562
v -159.5591 		62.2492 		61.7357
v -159.0988 		62.6734 		62.5621
v -158.2727 		63.5158 		67.5743
v -161.6128 		61.5573 		62.5621
v -157.9144 		63.0485 		71.2631
v -157.5158 		63.0758 		71.1216
v -157.7986 		62.4905 		68.9257
v -144.7807 		64.1366 		49.8986
v -149.4668 		61.5573 		58.5562
v -149.1199 		60.8654 		61.7357
v -149.5802 		60.4412 		62.5621
v -147.0662 		61.5573 		62.5621
v -149.6352 		61.6501 		58.6241
v -150.4058 		59.5988 		67.5743
v -150.7646 		60.0662 		71.2631
v -150.8804 		60.6241 		68.9257
v -151.1628 		60.0389 		71.1217
v -151.1711 		59.8532 		71.8702
v -149.1761 		60.1643 		71.8702
v -149.1481 		63.9275 		56.7177
v -149.3187 		62.5574 		62.5621
v -150.9822 		60.722 		68.9754
v -150.4801 		63.1671 		64.1391
v -149.9798 		62.7337 		66.8653
v -150.3296 		62.4233 		66.7004
v -150.2062 		62.2455 		67.5743
v -150.6434 		63.185 		64.1972
v -150.586 		61.3056 		71.8702
v -151.022 		61.5573 		75.0318
v -151.2955 		61.961 		73.0277
v -151.3287 		61.4041 		74.9105
v -151.2747 		61.2542 		75.5524
v -151.9171 		59.4133 		75.5524
v -151.4077 		62.0048 		73.0704
v -153.079 		60.5834 		82.222
v -152.8345 		60.6791 		80.19
v -147.3423 		54.5116 		49.8986
v -149.7055 		58.2152 		56.7177
v -151.148 		58.3437 		66.865
v -151.0254 		58.9968 		64.1388
v -151.5898 		58.4935 		66.7001
v -151.6811 		58.2969 		67.5743
v -151.0916 		59.1479 		64.1968
v -151.9426 		64.0675 		68.9763
v -152.6792 		58.1582 		71.8702
v -153.3792 		58.212 		68.9762
v -154.9721 		58.3728 		75.5524
v -156.0932 		57.2936 		75.5524
v -154.3423 		59.8052 		80.1866
v -158.0356 		59.9297 		64.1973
v -158.1986 		59.9475 		64.1393
v -158.6991 		60.381 		66.8656
v -158.3494 		60.6913 		66.7004
v -158.4729 		60.8692 		67.5743
v -157.657 		61.5573 		75.0318
v -157.3503 		61.7106 		74.9105
v -157.5075 		63.2615 		71.8702
v -159.5029 		62.9504 		71.8702
v -159.3603 		60.5573 		62.5621
v -157.6968 		62.3926 		68.9754
v -158.093 		61.809 		71.8702
v -156.762 		63.7015 		75.5524
v -155.8452 		62.436 		80.1857
v -152.6808 		58.6643 		75.0319
v -152.9659 		58.8551 		74.9107
# 359 vertices

g group_26_1206582

usemtl color_1206582
s 0

f 7739 	7740 	7737
f 7737 	7741 	7738
f 7741 	7737 	7740
f 7746 	7743 	7742
f 7746 	7744 	7743
f 7756 	7752 	7746
f 7747 	7874 	7748
f 7751 	7746 	7750
f 7746 	7742 	7745
f 7745 	7750 	7746
f 7749 	7751 	7750
f 7744 	7746 	7753
f 7752 	7753 	7746
f 7746 	7751 	7756
f 7874 	7747 	7752
f 7753 	7752 	7747
f 7752 	7754 	7874
f 7762 	7757 	7751
f 7752 	7756 	7754
f 7758 	7874 	7754
f 7758 	7754 	7756
f 7755 	7751 	7749
f 7760 	7755 	7749
f 7756 	7751 	7757
f 7762 	7751 	7755
f 7755 	7765 	7762
f 7757 	7759 	7756
f 7759 	7758 	7756
f 7761 	7755 	7760
f 7764 	7755 	7761
f 7759 	7757 	7765
f 7762 	7765 	7757
f 7763 	7890 	7758
f 7766 	7763 	7758
f 7766 	7758 	7759
f 7761 	7741 	7764
f 7764 	7741 	8024
f 7771 	7769 	7764
f 7755 	7767 	7765
f 7769 	7767 	7764
f 7770 	7759 	7768
f 7766 	7772 	7763
f 7765 	7767 	7768
f 7755 	7764 	7767
f 7765 	7768 	7759
f 7770 	7768 	7767
f 7770 	7767 	8025
f 7767 	7769 	8025
f 7759 	7772 	7766
f 7774 	7773 	7770
f 7759 	7770 	7773
f 7773 	7775 	7772
f 7773 	7772 	7759
f 7774 	8028 	7773
f 7775 	7773 	7894
f 7770 	7776 	7774
f 7743 	7777 	7742
f 7778 	7777 	7743
f 7744 	7778 	7743
f 7747 	7748 	7744
f 7778 	7744 	7748
f 7744 	7753 	7747
f 7777 	7738 	7742
f 7742 	7738 	7745
f 7750 	7745 	7749
f 7738 	7760 	7749
f 7749 	7745 	7738
f 7760 	7738 	7741
f 7761 	7760 	7741
f 7781 	7809 	7780
f 7783 	7779 	7782
f 7809 	7782 	7779
f 7797 	7798 	7777
f 7738 	7777 	7798
f 7798 	7799 	7738
f 7800 	7738 	7799
f 7806 	7807 	7781
f 7809 	7781 	7807
f 7807 	7808 	7809
f 7808 	7811 	7809
f 7781 	7738 	7805
f 7806 	7781 	7805
f 7805 	7738 	7800
f 7795 	7796 	7778
f 7797 	7777 	7796
f 7777 	7778 	7796
f 7820 	7816 	7817
f 7819 	7820 	7817
f 7817 	7818 	7819
f 7826 	7827 	7831
f 7830 	7831 	7827
f 7827 	7828 	7830
f 7828 	7829 	7830
f 7830 	7836 	7838
f 7819 	7825 	7831
f 7825 	7819 	7818
f 7826 	7831 	7825
f 7820 	7809 	7815
f 7820 	7815 	7816
f 7811 	7815 	7809
f 7834 	7833 	7838
f 7837 	7838 	7833
f 7835 	7837 	7833
f 7835 	7839 	7837
f 7839 	7840 	7837
f 7841 	7915 	7840
f 7834 	7838 	7836
f 7829 	7836 	7830
f 7851 	7849 	7844
f 7846 	7850 	7847
f 7843 	7849 	7845
f 7843 	7844 	7849
f 7852 	7849 	7851
f 7855 	7849 	7852
f 7845 	7849 	7848
f 7848 	7856 	7846
f 7853 	7855 	7852
f 7850 	7846 	7856
f 8057 	8050 	7850
f 7849 	7856 	7848
f 7862 	7859 	7855
f 7849 	7860 	7856
f 7856 	7857 	7850
f 7861 	7850 	7857
f 7854 	8053 	7863
f 7864 	7853 	7866
f 7849 	7855 	7860
f 7859 	7860 	7855
f 7857 	7856 	7860
f 7860 	7859 	7865
f 7861 	7860 	7865
f 7857 	7860 	7861
f 7859 	7862 	7875
f 7875 	7865 	7859
f 8074 	7868 	7861
f 7863 	8057 	7850
f 7850 	7869 	7863
f 7871 	7854 	7870
f 7853 	7864 	7855
f 7875 	7862 	7864
f 7862 	7855 	7864
f 7866 	7867 	7864
f 7865 	8074 	7861
f 7868 	7869 	7861
f 7850 	7861 	7869
f 7870 	7863 	7869
f 7863 	7870 	7854
f 7868 	7872 	7869
f 7871 	7869 	7872
f 7870 	7869 	7871
f 7867 	7873 	7864
f 7873 	7867 	7748
f 7873 	7748 	7874
f 7881 	7877 	7873
f 7877 	7876 	7873
f 7864 	7873 	7876
f 7876 	7878 	7875
f 7876 	7875 	7864
f 7879 	7865 	7878
f 7875 	7878 	7865
f 7877 	7880 	7876
f 7879 	7878 	7876
f 7879 	7876 	7880
f 7883 	7882 	7879
f 7865 	7879 	7882
f 7882 	7884 	7885
f 7882 	7885 	7865
f 7872 	7885 	7884
f 7872 	7884 	7886
f 8064 	7854 	7887
f 7883 	7888 	7882
f 7886 	7882 	7888
f 7884 	7882 	7886
f 7889 	7881 	7874
f 7881 	7873 	7874
f 7874 	7758 	7890
f 7890 	7891 	7889
f 7890 	7889 	7874
f 7892 	7880 	7891
f 7880 	7889 	7891
f 7763 	7893 	7890
f 7892 	7890 	7893
f 7892 	7891 	7890
f 7763 	7772 	7893
f 7894 	7893 	7775
f 7772 	7775 	7893
f 7883 	7896 	7895
f 7883 	7895 	7888
f 7858 	8060 	7887
f 7899 	8028 	7902
f 7901 	7902 	8028
f 8020 	7999 	7900
f 7902 	7900 	7899
f 7898 	7897 	7899
f 7903 	7893 	7894
f 7906 	7905 	7893
f 7903 	7906 	7893
f 7892 	7905 	7880
f 7904 	7880 	7905
f 7904 	7895 	7880
f 7905 	7892 	7893
f 7899 	7888 	7906
f 7904 	7906 	7888
f 7905 	7906 	7904
f 7895 	7904 	7888
f 7907 	7872 	7886
f 7871 	7908 	7854
f 7909 	7854 	7908
f 7909 	7887 	7854
f 7908 	7872 	7910
f 7871 	7872 	7908
f 7907 	7910 	7872
f 7908 	7910 	7909
f 7858 	7909 	7910
f 7858 	7910 	7899
f 7887 	7909 	7858
f 7899 	7911 	7858
f 7888 	7899 	7907
f 7907 	7886 	7888
f 7910 	7907 	7899
f 7894 	8028 	7903
f 7899 	7903 	8028
f 7899 	7906 	7903
f 7899 	7931 	7912
f 7899 	7914 	7913
f 7899 	7913 	7931
f 7912 	7911 	7899
f 8062 	7858 	7911
f 7844 	7843 	7915
f 7915 	7843 	7837
f 7845 	7837 	7843
f 7846 	7847 	7845
f 7848 	7846 	7845
f 7837 	7845 	7847
f 7916 	7917 	7919
f 7917 	7918 	7919
f 7923 	7919 	7918
f 7916 	7919 	7926
f 7922 	7920 	7921
f 7923 	7924 	7919
f 7922 	7929 	7920
f 7926 	7929 	7922
f 7928 	7919 	7924
f 8038 	7928 	7925
f 8043 	8039 	7928
f 7926 	7919 	7929
f 7929 	7930 	7920
f 8041 	7920 	7930
f 8079 	7914 	7935
f 7935 	7914 	8078
f 7921 	7936 	7830
f 7936 	7950 	7830
f 7921 	7937 	7936
f 7918 	7838 	7837
f 7924 	7923 	7925
f 7923 	7837 	7925
f 7923 	7918 	7837
f 7925 	7837 	7938
f 7847 	7939 	7938
f 7847 	7938 	7837
f 7866 	7853 	7778
f 7778 	7748 	7866
f 7867 	7866 	7748
f 7778 	7853 	7851
f 7852 	7851 	7853
f 7851 	7844 	7778
f 7778 	7844 	7915
f 7940 	7941 	7942
f 7941 	7943 	7942
f 7945 	7946 	7944
f 7942 	7943 	7947
f 7947 	7949 	7942
f 7948 	7940 	7942
f 7948 	7953 	7945
f 7949 	7952 	7942
f 7946 	7945 	7953
f 7949 	7950 	7952
f 7953 	7948 	7942
f 7959 	7955 	7952
f 7955 	7954 	7952
f 7942 	7952 	7954
f 7954 	7956 	7953
f 7954 	7953 	7942
f 7957 	7946 	7956
f 7953 	7956 	7946
f 7955 	7958 	7954
f 7957 	7956 	7954
f 7957 	7954 	7958
f 7959 	7966 	7955
f 7946 	7960 	7995
f 7951 	7992 	7960
f 8076 	7962 	7957
f 7962 	7961 	7957
f 7946 	7957 	7961
f 7946 	7961 	7960
f 7963 	7960 	7961
f 7964 	7951 	7963
f 7960 	7963 	7951
f 7962 	7965 	7961
f 7964 	7961 	7965
f 7964 	7963 	7961
f 7958 	7955 	7966
f 8072 	7958 	8071
f 7966 	8071 	7958
f 7945 	7944 	7940
f 7948 	7945 	7940
f 7819 	7940 	7944
f 7967 	7968 	7969
f 7970 	7969 	7968
f 7974 	7969 	7970
f 7973 	7971 	7972
f 7975 	7976 	7969
f 7975 	7969 	7974
f 7976 	7975 	7977
f 7976 	7977 	7978
f 7979 	7980 	7969
f 7967 	7969 	7980
f 7971 	7973 	7979
f 7980 	7979 	7973
f 7990 	7982 	7976
f 7982 	7981 	7976
f 7969 	7976 	7981
f 7969 	7981 	7979
f 7983 	7979 	7981
f 7984 	7971 	7983
f 7979 	7983 	7971
f 7982 	7985 	7981
f 7984 	7983 	7981
f 7984 	7981 	7985
f 7978 	7977 	7986
f 7988 	7978 	7987
f 7987 	7978 	7986
f 7988 	7987 	7944
f 7988 	7944 	7946
f 7995 	7992 	7988
f 7990 	7976 	7978
f 7989 	7990 	7978
f 7985 	7982 	7989
f 7990 	7989 	7982
f 7992 	7991 	7988
f 7978 	7988 	7991
f 7978 	7991 	7989
f 7993 	7989 	7991
f 7994 	7985 	7993
f 7989 	7993 	7985
f 7991 	7992 	7951
f 7994 	7991 	7951
f 7994 	7993 	7991
f 7988 	7946 	7995
f 7995 	7960 	7992
f 8000 	8001 	7984
f 8002 	8000 	7985
f 7994 	7996 	7997
f 7997 	8009 	7994
f 7996 	7994 	7951
f 7996 	8077 	7997
f 8005 	8004 	7971
f 7998 	8081 	8004
f 8007 	7998 	8006
f 8001 	8005 	7984
f 7971 	7984 	8005
f 7984 	7985 	8000
f 8000 	8002 	8001
f 8002 	8003 	8001
f 8005 	8006 	8004
f 8004 	8006 	7998
f 8001 	8003 	8005
f 8007 	8005 	8003
f 8007 	8006 	8005
f 8018 	7998 	8008
f 8013 	7998 	8007
f 7985 	7994 	8009
f 7985 	8009 	8002
f 8010 	8002 	8009
f 8010 	8003 	8002
f 8011 	8003 	8010
f 7997 	8078 	8009
f 8011 	8010 	8009
f 7999 	8019 	8008
f 7998 	8012 	8008
f 7998 	8013 	8012
f 8007 	8003 	8013
f 8008 	8012 	7999
f 7900 	8088 	8020
f 7899 	7900 	7999
f 7968 	7967 	7809
f 7820 	7968 	7809
f 7970 	7968 	7820
f 7973 	7972 	7967
f 7809 	7967 	7972
f 7980 	7973 	7967
f 8014 	8015 	8017
f 8016 	8017 	8015
f 8016 	8015 	7972
f 8016 	7972 	7971
f 8080 	8081 	8016
f 8004 	8080 	7971
f 8016 	7971 	8080
f 8018 	8008 	8019
f 8087 	8093 	8025
f 8093 	8088 	7902
f 7902 	7901 	8093
f 7779 	7780 	7809
f 8014 	7782 	7809
f 7809 	7972 	8014
f 8015 	8014 	7972
f 7820 	7819 	7970
f 7974 	7970 	7819
f 7975 	7974 	7977
f 7986 	7977 	7819
f 7974 	7819 	7977
f 7819 	7944 	7986
f 7944 	7987 	7986
f 7831 	7830 	7943
f 7947 	7943 	7830
f 7950 	7947 	7830
f 7949 	7947 	7950
f 7779 	8023 	7780
f 7782 	8014 	8017
f 8021 	7780 	8023
f 7779 	7783 	8023
f 8022 	8023 	7783
f 7739 	8026 	7740
f 7740 	8024 	7741
f 7737 	8021 	8023
f 7737 	8023 	7739
f 8031 	8026 	8023
f 7739 	8023 	8026
f 8023 	8022 	8031
f 8024 	7740 	8026
f 8027 	8024 	8026
f 8024 	8027 	8032
f 7771 	8033 	7769
f 7894 	7773 	8028
f 7783 	7782 	8022
f 8022 	8029 	8030
f 8089 	8029 	8017
f 8030 	8029 	8089
f 8031 	8022 	8030
f 8027 	8026 	8031
f 8034 	8031 	8030
f 8027 	8031 	8032
f 8033 	7771 	8024
f 7771 	7764 	8024
f 8025 	7769 	8033
f 8024 	8035 	8033
f 8033 	8036 	8025
f 8036 	8087 	8025
f 8092 	7776 	8025
f 7776 	8092 	7774
f 8028 	7774 	8092
f 8017 	8022 	7782
f 8022 	8017 	8029
f 8034 	8030 	8089
f 8032 	8031 	8034
f 8090 	8037 	8032
f 8084 	8034 	8083
f 8036 	8033 	8035
f 8037 	8035 	8032
f 8024 	8032 	8035
f 7924 	7925 	7928
f 8068 	7920 	8073
f 8038 	7925 	7938
f 7919 	7928 	8040
f 8039 	8040 	7928
f 7919 	8040 	7929
f 7930 	7929 	8040
f 8040 	8039 	8042
f 8041 	8040 	8042
f 7930 	8040 	8041
f 8038 	7938 	7939
f 8043 	7928 	8038
f 8042 	8039 	8051
f 8043 	8051 	8039
f 8052 	8046 	8041
f 8046 	8045 	8041
f 7920 	8041 	8045
f 8045 	8047 	8044
f 8045 	8044 	7920
f 8048 	7927 	8047
f 8044 	8047 	7927
f 8046 	8049 	8045
f 8048 	8047 	8045
f 8048 	8045 	8049
f 7939 	8050 	8038
f 7850 	8050 	7847
f 7939 	7847 	8050
f 8038 	8051 	8043
f 8057 	8053 	8050
f 8038 	8054 	8051
f 8052 	8041 	8042
f 8052 	8058 	8046
f 8053 	8054 	8050
f 8038 	8050 	8054
f 8055 	8051 	8054
f 8051 	8055 	8042
f 8056 	8042 	8055
f 8053 	7854 	8054
f 8056 	8055 	8054
f 8056 	8054 	7854
f 8057 	7863 	8053
f 8058 	8052 	8042
f 8049 	8046 	8058
f 8064 	8060 	8056
f 8060 	8059 	8056
f 8042 	8056 	8059
f 8042 	8059 	8058
f 8061 	8058 	8059
f 8056 	7854 	8064
f 8049 	8058 	8061
f 8049 	8061 	8062
f 8059 	8060 	7858
f 8062 	8059 	7858
f 8062 	8061 	8059
f 8064 	7887 	8060
f 7931 	7933 	8063
f 7932 	8063 	7933
f 7911 	8049 	8062
f 7911 	7912 	8049
f 8048 	8066 	7927
f 8065 	7927 	8066
f 8065 	8063 	7927
f 8066 	8049 	7912
f 8048 	8049 	8066
f 8066 	7912 	8065
f 8063 	8065 	7931
f 7912 	7931 	8065
f 7934 	7913 	7965
f 7914 	8079 	7965
f 7913 	7914 	7965
f 7899 	8078 	7914
f 7913 	7934 	7931
f 7916 	7830 	7917
f 7838 	7917 	7830
f 7917 	7838 	7918
f 7922 	7921 	7916
f 7926 	7922 	7916
f 7830 	7916 	7921
f 7952 	7950 	8067
f 8067 	7950 	7936
f 8068 	8067 	7937
f 7936 	7937 	8067
f 7959 	7952 	8067
f 7937 	7921 	8068
f 7920 	8068 	7921
f 8073 	8070 	8068
f 8067 	7966 	7959
f 8070 	8069 	8068
f 8067 	8068 	8069
f 8067 	8069 	7966
f 8071 	7966 	8069
f 8069 	8070 	7927
f 8072 	8071 	8069
f 8072 	8069 	7927
f 8044 	8073 	7920
f 7915 	7842 	7778
f 7841 	7842 	7915
f 7795 	7778 	7842
f 7837 	7840 	7915
f 7881 	7889 	7877
f 7880 	7877 	7889
f 7879 	7880 	7896
f 7895 	7896 	7880
f 7896 	7883 	7879
f 7885 	8074 	7865
f 7868 	8074 	7885
f 7868 	7885 	7872
f 8075 	8076 	7958
f 7957 	7958 	8076
f 7965 	7962 	8075
f 8076 	8075 	7962
f 8075 	8095 	7965
f 8077 	7996 	7951
f 7997 	8077 	8078
f 8011 	8009 	8078
f 7897 	7898 	8003
f 8013 	8003 	7898
f 8003 	8011 	7897
f 8012 	7898 	7999
f 8013 	7898 	8012
f 7899 	7999 	7898
f 7899 	7897 	8078
f 8011 	8078 	7897
f 7964 	8079 	7951
f 7951 	8079 	7935
f 7935 	8077 	7951
f 8079 	7964 	7965
f 8077 	7935 	8078
f 7831 	7941 	7819
f 7819 	7941 	7940
f 7943 	7941 	7831
f 8081 	8082 	8016
f 8017 	8016 	8082
f 8080 	8004 	8081
f 8083 	8089 	8082
f 8089 	8083 	8034
f 8082 	8081 	7998
f 8084 	8082 	7998
f 8084 	8083 	8082
f 8018 	8019 	8084
f 8084 	7998 	8018
f 8086 	8091 	8085
f 8034 	8085 	8091
f 8019 	8085 	8084
f 8034 	8084 	8085
f 8020 	8088 	8086
f 8020 	8086 	8085
f 8020 	8085 	7999
f 8085 	8019 	7999
f 8090 	8032 	8034
f 8087 	8036 	8035
f 8087 	8035 	8088
f 8037 	8088 	8035
f 8017 	8082 	8089
f 8091 	8090 	8034
f 8037 	8090 	8091
f 8037 	8091 	8088
f 8091 	8086 	8088
f 7770 	8025 	7776
f 7901 	8025 	8093
f 8092 	8025 	7901
f 7900 	7902 	8088
f 8088 	8093 	8087
f 8092 	7901 	8028
f 8021 	7737 	7738
f 7781 	8021 	7738
f 7780 	8021 	7781
f 8070 	8073 	8044
f 8070 	8044 	7927
f 7932 	7933 	8072
f 8063 	7932 	7927
f 7933 	8094 	8072
f 7958 	8072 	8094
f 8094 	8095 	8075
f 7958 	8094 	8075
f 8072 	7927 	7932
f 7934 	7965 	8095
f 7933 	7931 	8094
f 7931 	7934 	8094
f 7934 	8095 	8094
# 640 faces

g group_26_11107152

usemtl color_11107152
s 0

f 7786 	7787 	7785
f 7787 	7788 	7785
f 7784 	7785 	7788
f 7784 	7788 	7789
f 7784 	7789 	7790
f 7784 	7790 	7791
f 7784 	7791 	7792
f 7784 	7792 	7793
f 7784 	7793 	7794
f 7784 	7794 	7804
f 7791 	7795 	7792
f 7790 	7796 	7795
f 7790 	7795 	7791
f 7789 	7797 	7796
f 7789 	7796 	7790
f 7797 	7789 	7798
f 7788 	7798 	7789
f 7788 	7787 	7799
f 7788 	7799 	7798
f 7787 	7786 	7800
f 7787 	7800 	7799
f 7785 	7784 	7807
f 7803 	7810 	7802
f 7804 	7812 	7803
f 7786 	7805 	7800
f 7806 	7805 	7785
f 7786 	7785 	7805
f 7785 	7807 	7806
f 7811 	7808 	7804
f 7804 	7808 	7784
f 7807 	7784 	7808
f 7801 	7802 	7810
f 7811 	7804 	7803
f 7816 	7815 	7802
f 7816 	7802 	7817
f 7801 	7817 	7802
f 7810 	7818 	7801
f 7814 	7803 	7813
f 7810 	7803 	7814
f 7813 	7803 	7812
f 7794 	7832 	7804
f 7803 	7815 	7811
f 7803 	7802 	7815
f 7817 	7801 	7818
f 7814 	7818 	7810
f 7826 	7825 	7813
f 7812 	7827 	7813
f 7823 	7804 	7822
f 7812 	7804 	7823
f 7822 	7804 	7821
f 7832 	7824 	7804
f 7814 	7825 	7818
f 7814 	7813 	7825
f 7826 	7813 	7827
f 7828 	7812 	7823
f 7812 	7828 	7827
f 7836 	7829 	7822
f 7823 	7829 	7828
f 7821 	7804 	7824
f 7824 	7833 	7821
f 7839 	7835 	7832
f 7824 	7832 	7835
f 7832 	7794 	7839
f 7840 	7839 	7794
f 7823 	7822 	7829
f 7834 	7836 	7821
f 7822 	7821 	7836
f 7821 	7833 	7834
f 7833 	7824 	7835
f 7840 	7794 	7793
f 7840 	7793 	7841
f 7841 	7793 	7842
f 7792 	7842 	7793
f 7792 	7795 	7842
# 74 faces

 #end of obj_26

o obj_27
v -150.5988 		41.1916 		41.9452
v -155 		45.2213 		32.6694
v -148.4503 		40.4572 		52.1239
v -148.5906 		40.633 		52.0446
v -148.6577 		41.5344 		55.7531
v -146.4407 		43.8512 		36.0079
v -146.0817 		45.1082 		34.6399
v -144.6048 		46.1472 		41.9452
v -147.8903 		43.2403 		41.9452
v -147.757 		49.1808 		41.9452
v -144.0814 		44.1167 		52.0439
v -143.3395 		44.626 		55.7531
v -147.8344 		42.9687 		43.9926
v -147.6151 		42.9243 		44.1505
v -146.8521 		44.127 		49.8986
v -145.2526 		44.1369 		56.7177
v -144.1622 		43.9067 		52.123
v -144.9449 		42.9805 		61.5429
v -150.3367 		45.4884 		49.8986
v -145.3543 		43.3403 		61.735
v -145.7759 		42.692 		58.5563
v -144.7594 		43.1513 		62.5621
v -146.9761 		44.7855 		62.5621
v -149.1253 		42.3445 		49.8986
v -148.0247 		41.4941 		55.5287
v -145.7715 		42.4986 		58.6242
v -144.2664 		41.9261 		68.9264
v -147.9735 		41.7848 		56.7177
v -146.7099 		42.3209 		62.5621
v -144.2998 		41.788 		68.9762
v -146.531 		41.6563 		66.8648
v -146.0893 		41.5065 		66.6999
v -146.6536 		41.0036 		64.1398
v -145.9979 		41.7032 		67.5743
v -146.5872 		40.852 		64.1979
v -144.9998 		41.8418 		71.8702
v -144.9982 		41.3357 		75.0319
v -145.2086 		40.8956 		73.0286
v -144.7131 		41.1449 		74.9107
v -145.1901 		40.7755 		73.0712
v -146.7055 		44.313 		32.6694
v -143.3395 		52 		32.6694
v -149.7413 		36.8731 		41.9452
v -149.5419 		38.4427 		36.0081
v -150.0715 		38.4427 		32.6694
v -149.48 		36.7857 		43.9929
v -149.3317 		36.9552 		44.1511
v -145.9407 		37.7411 		14
v -146.0323 		38.4427 		14
v -145.9407 		39.1443 		14
v -145.6715 		39.7984 		14
v -145.2433 		40.3597 		14
v -144.6859 		40.7908 		14
v -144.0363 		41.0619 		14
v -143.3395 		41.1541 		14
v -142.6427 		41.0619 		14
v -141.9931 		40.7908 		14
v -141.4357 		40.3597 		14
v -143.3395 		40.776 		20.3591
v -143.9195 		40.6229 		21.6439
v -144.4313 		40.3468 		22.623
v -144.9242 		40.0383 		21.6436
v -145.3463 		39.6093 		20.3592
v -145.3463 		39.6093 		20.3591
v -144.0363 		35.8234 		14
v -144.6859 		36.0945 		14
v -145.2433 		36.5257 		14
v -145.6715 		37.0869 		14
v -145.5047 		39.0266 		21.6445
v -145.5231 		38.4427 		22.623
v -145.5047 		37.8587 		21.6445
v -145.3463 		37.276 		20.3591
v -155 		31.664 		32.6694
v -143.3395 		35.7312 		14
v -145.3463 		37.276 		20.3592
v -141.4357 		36.5257 		14
v -141.9931 		36.0945 		14
v -142.6427 		35.8234 		14
v -144.9242 		36.847 		21.6436
v -144.4313 		36.5386 		22.623
v -143.9195 		36.2625 		21.6439
v -143.3395 		36.1093 		20.3591
v -143.3395 		24.8853 		32.6694
v -146.7055 		32.5723 		32.6694
v -140.6467 		38.4427 		14
v -140.7383 		37.7411 		14
v -141.0075 		37.0869 		14
v -140.7383 		39.1443 		14
v -142.7595 		36.2625 		21.6439
v -142.2477 		36.5386 		22.623
v -141.7548 		36.847 		21.6436
v -141.3327 		37.276 		20.3592
v -141.3327 		37.276 		20.3591
v -131.679 		31.664 		32.6694
v -139.9735 		32.5723 		32.6694
v -141.0075 		39.7984 		14
v -141.1743 		39.0266 		21.6445
v -141.1559 		38.4427 		22.623
v -141.3327 		39.6093 		20.3591
v -141.1743 		37.8587 		21.6445
v -131.679 		45.2213 		32.6694
v -136.6075 		38.4427 		32.6694
v -141.3327 		39.6093 		20.3592
v -141.7548 		40.0383 		21.6436
v -142.2477 		40.3468 		22.623
v -142.7595 		40.6229 		21.6439
v -138.9776 		44.1666 		34.64
v -140.2383 		43.8512 		36.008
v -137.3456 		43.3983 		41.9452
v -138.8306 		41.9266 		52.0439
v -138.0214 		41.5342 		55.7538
v -139.0513 		41.8922 		52.1228
v -136.3126 		47.6637 		41.9452
v -136.6088 		43.6433 		56.7177
v -141.4885 		44.8098 		41.9452
v -141.6227 		44.4118 		44.1501
v -141.6941 		44.6253 		43.9922
v -137.5783 		40.8457 		67.5743
v -140.2067 		44.3478 		49.8986
v -139.3984 		42.9583 		56.7177
v -140.2394 		42.1116 		61.5438
v -138.7954 		39.0453 		75.5524
v -140.9033 		42.6917 		58.5555
v -140.1347 		42.6482 		61.7358
v -140 		42.0352 		62.5621
v -141.0669 		42.5916 		58.6232
v -139.6885 		40.8935 		67.5743
v -140.778 		48.0677 		49.8986
v -139.7029 		44.7855 		62.5621
v -142.8765 		45.4389 		49.8986
v -143.0576 		44.0539 		55.5288
v -140.807 		40.9927 		68.9262
v -140.2697 		40.8146 		71.263
v -140.4455 		40.4534 		71.1218
v -140.29 		40.3534 		71.8702
v -139.5595 		42.2489 		71.8702
v -142.7821 		44.1546 		56.7177
v -144.4469 		46.9126 		56.7177
v -141.689 		43.3213 		62.5621
v -142.1713 		42.8323 		66.8662
v -142.7943 		42.6128 		64.1393
v -142.0793 		42.3724 		66.7014
v -141.8649 		42.3911 		67.5743
v -142.5256 		44.6675 		67.5743
v -142.8912 		42.4794 		64.1973
v -141.6808 		41.3357 		75.0318
v -142.1647 		41.299 		73.028
v -141.7023 		40.9913 		74.9105
v -141.2463 		41.5898 		71.8702
v -141.5464 		40.9635 		75.5524
v -140.2841 		39.4833 		75.5524
v -141.5858 		42.7064 		75.5524
v -143.6217 		42.8518 		67.5743
v -143.8446 		42.3058 		71.263
v -143.6217 		41.9717 		71.1216
v -143.4579 		42.0574 		71.8702
v -144.7229 		43.6419 		71.8702
v -144.6112 		41.2668 		75.5524
v -142.7069 		41.6272 		75.5524
v -142.2587 		41.2229 		73.0707
v -143.7016 		38.0781 		87.1072
v -143.7908 		38.0939 		86.4125
v -143.3395 		38.4427 		90
v -143.8345 		38.5762 		87.1059
v -144.6004 		39.417 		82.2196
v -143.8656 		38.6621 		86.4098
v -143.4721 		38.941 		87.1061
v -143.132 		40.0294 		82.2196
v -143.3367 		40.1948 		80.1866
v -143.4138 		39.0111 		86.4101
v -142.9772 		38.8075 		87.106
v -141.8313 		39.3163 		80.1872
v -141.8714 		39.055 		82.2212
v -142.8876 		38.7918 		86.409
v -142.8445 		38.3091 		87.1059
v -142.8134 		38.2232 		86.4098
v -143.2069 		37.9443 		87.1061
v -143.2652 		37.8742 		86.4101
v -139.9735 		44.313 		32.6694
v -136.0802 		35.6938 		41.9452
v -136.2354 		37.5009 		34.64
v -137.1371 		38.4427 		36.0081
v -131.8951 		36.9256 		41.9452
v -135.5014 		35.1733 		56.7177
v -138.0213 		35.351 		55.7531
v -138.0884 		36.2524 		52.0446
v -136.9377 		40.0122 		41.9452
v -137.3473 		39.9301 		44.1511
v -137.199 		40.0996 		43.9929
v -138.2287 		36.4281 		52.1239
v -138.3922 		34.6202 		67.5743
v -136.6945 		38.6636 		49.8986
v -137.4858 		37.2636 		56.7177
v -138.6343 		37.5735 		61.5435
v -140.5498 		34.7815 		75.5524
v -141.4889 		36.1098 		73.0712
v -141.4704 		35.9898 		73.0286
v -142.0678 		35.6185 		75.5524
v -143.547 		36.8559 		82.2196
v -137.5537 		34.5408 		49.8986
v -138.6543 		35.3912 		55.5287
v -137.0905 		41.5373 		49.8986
v -138.3724 		41.0026 		55.5295
v -142.0742 		30.7381 		41.9452
v -140.5973 		31.7771 		34.6399
v -138.922 		27.7046 		41.9452
v -140.2383 		33.0341 		36.0079
v -143.3395 		32.2593 		55.7531
v -142.5976 		32.7686 		52.0439
v -142.2321 		29.9727 		56.7177
v -138.7887 		33.645 		41.9452
v -142.5168 		32.9786 		52.123
v -139.0639 		33.9611 		44.1505
v -138.8446 		33.9166 		43.9926
v -144.1534 		32.2178 		67.5743
v -139.8269 		32.7584 		49.8986
v -141.4264 		32.7484 		56.7177
v -141.3247 		33.545 		61.735
v -140.9031 		34.1933 		58.5563
v -141.7341 		33.9048 		61.5429
v -141.9196 		33.7341 		62.5621
v -139.7029 		32.0999 		62.5621
v -140.9075 		34.3867 		58.6242
v -143.0573 		34.0335 		67.5743
v -142.8344 		34.5795 		71.263
v -142.4126 		34.9592 		68.9264
v -143.0573 		34.9136 		71.1216
v -143.2211 		34.828 		71.8702
v -141.9561 		33.2434 		71.8702
v -139.9691 		34.5644 		62.5621
v -149.3334 		33.487 		41.9452
v -147.7014 		32.7187 		34.64
v -150.3664 		29.2216 		41.9452
v -146.4407 		33.0341 		36.008
v -150.0702 		33.2421 		56.7177
v -148.6576 		35.3511 		55.7538
v -147.8484 		34.9588 		52.0439
v -145.1905 		32.0756 		41.9452
v -145.0563 		32.4735 		44.1501
v -146.4723 		32.5375 		49.8986
v -144.9849 		32.26 		43.9922
v -145.901 		28.8176 		49.8986
v -147.2806 		33.927 		56.7177
v -147.6277 		34.9932 		52.1228
v -146.5443 		34.2372 		61.7358
v -145.7757 		34.1937 		58.5555
v -146.4396 		34.7738 		61.5438
v -146.679 		34.8501 		62.5621
v -146.9761 		32.0999 		62.5621
v -143.8025 		31.4465 		49.8986
v -143.6214 		32.8314 		55.5288
v -143.8969 		32.7308 		56.7177
v -144.99 		33.564 		62.5621
v -145.6122 		34.2938 		58.6232
v -144.5077 		34.053 		66.8662
v -143.8847 		34.2726 		64.1393
v -144.5997 		34.5129 		66.7014
v -144.8141 		34.4943 		67.5743
v -143.7878 		34.4059 		64.1973
v -144.4203 		35.6624 		73.0707
v -144.5143 		35.5863 		73.028
v -149.1001 		36.0396 		67.5743
v -147.8836 		37.84 		75.5524
v -145.7364 		35.9325 		68.9763
v -145.872 		35.8926 		68.9262
v -145.4327 		35.2956 		71.8702
v -147.1195 		34.6364 		71.8702
v -146.9905 		35.9919 		67.5743
v -146.4093 		36.0707 		71.263
v -146.2335 		36.432 		71.1218
v -146.389 		36.532 		71.8702
v -146.3946 		37.4021 		75.5524
v -144.9981 		35.5498 		75.0324
v -144.9765 		35.8941 		74.9113
v -145.1322 		35.9219 		75.5524
v -144.8073 		37.8304 		82.2214
v -144.8472 		37.5694 		80.1896
v -149.5885 		35.348 		49.8986
v -148.3066 		35.8827 		55.5295
v -148.5309 		36.0725 		56.7177
v -152.8983 		35.8634 		49.8986
v -146.2713 		37.9952 		73.0703
v -146.3835 		38.039 		73.0277
v -146.4043 		38.7458 		75.5524
v -150.4436 		39.3844 		34.64
v -149.9845 		38.2217 		49.8986
v -154.7839 		39.9597 		41.9452
v -151.1776 		41.712 		56.7177
v -148.2862 		42.2652 		67.5743
v -149.1932 		39.6217 		56.7177
v -148.0447 		39.3118 		61.5435
v -146.1292 		42.1038 		75.5524
v -148.0438 		38.3499 		58.6241
v -148.2122 		38.4427 		58.5562
v -148.5591 		39.1346 		61.7357
v -148.0988 		39.5588 		62.5621
v -147.2727 		40.4012 		67.5743
v -150.6128 		38.4427 		62.5621
v -146.9144 		39.9338 		71.2631
v -146.5158 		39.9611 		71.1216
v -146.7986 		39.3759 		68.9257
v -133.7807 		41.0219 		49.8986
v -138.4668 		38.4427 		58.5562
v -138.1199 		37.7508 		61.7357
v -138.5802 		37.3266 		62.5621
v -136.0662 		38.4427 		62.5621
v -138.6352 		38.5355 		58.6241
v -139.4058 		36.4842 		67.5743
v -139.7646 		36.9515 		71.2631
v -139.8804 		37.5095 		68.9257
v -140.1628 		36.9243 		71.1217
v -140.1711 		36.7385 		71.8702
v -138.1761 		37.0496 		71.8702
v -138.1481 		40.8128 		56.7177
v -138.3187 		39.4427 		62.5621
v -139.9822 		37.6074 		68.9754
v -139.4801 		40.0524 		64.1391
v -138.9798 		39.6191 		66.8653
v -139.3296 		39.3087 		66.7004
v -139.2062 		39.1308 		67.5743
v -139.6434 		40.0703 		64.1972
v -139.586 		38.191 		71.8702
v -140.022 		38.4427 		75.0318
v -140.2955 		38.8463 		73.0277
v -140.3287 		38.2894 		74.9105
v -140.2747 		38.1396 		75.5524
v -140.9171 		36.2986 		75.5524
v -140.4077 		38.8902 		73.0704
v -142.079 		37.4688 		82.222
v -141.8345 		37.5644 		80.19
v -136.3423 		31.3969 		49.8986
v -138.7055 		35.1006 		56.7177
v -140.148 		35.2291 		66.865
v -140.0254 		35.8821 		64.1388
v -140.5898 		35.3789 		66.7001
v -140.6811 		35.1822 		67.5743
v -140.0916 		36.0332 		64.1968
v -140.9426 		40.9528 		68.9763
v -141.6792 		35.0435 		71.8702
v -142.3792 		35.0973 		68.9762
v -143.9721 		35.2581 		75.5524
v -145.0932 		34.1789 		75.5524
v -143.3423 		36.6905 		80.1866
v -147.0356 		36.815 		64.1973
v -147.1986 		36.8328 		64.1393
v -147.6991 		37.2663 		66.8656
v -147.3494 		37.5767 		66.7004
v -147.4729 		37.7546 		67.5743
v -146.657 		38.4427 		75.0318
v -146.3503 		38.5959 		74.9105
v -146.5075 		40.1469 		71.8702
v -148.5029 		39.8357 		71.8702
v -148.3603 		37.4426 		62.5621
v -146.6968 		39.278 		68.9754
v -147.093 		38.6944 		71.8702
v -145.762 		40.5868 		75.5524
v -144.8452 		39.3213 		80.1857
v -141.6808 		35.5496 		75.0319
v -141.9659 		35.7405 		74.9107
# 359 vertices

g group_27_1206582

usemtl color_1206582
s 0

f 8098 	8099 	8096
f 8096 	8100 	8097
f 8100 	8096 	8099
f 8105 	8102 	8101
f 8105 	8103 	8102
f 8115 	8111 	8105
f 8106 	8233 	8107
f 8110 	8105 	8109
f 8105 	8101 	8104
f 8104 	8109 	8105
f 8108 	8110 	8109
f 8103 	8105 	8112
f 8111 	8112 	8105
f 8105 	8110 	8115
f 8233 	8106 	8111
f 8112 	8111 	8106
f 8111 	8113 	8233
f 8121 	8116 	8110
f 8111 	8115 	8113
f 8117 	8233 	8113
f 8117 	8113 	8115
f 8114 	8110 	8108
f 8119 	8114 	8108
f 8115 	8110 	8116
f 8121 	8110 	8114
f 8114 	8124 	8121
f 8116 	8118 	8115
f 8118 	8117 	8115
f 8120 	8114 	8119
f 8123 	8114 	8120
f 8118 	8116 	8124
f 8121 	8124 	8116
f 8122 	8249 	8117
f 8125 	8122 	8117
f 8125 	8117 	8118
f 8120 	8100 	8123
f 8123 	8100 	8383
f 8130 	8128 	8123
f 8114 	8126 	8124
f 8128 	8126 	8123
f 8129 	8118 	8127
f 8125 	8131 	8122
f 8124 	8126 	8127
f 8114 	8123 	8126
f 8124 	8127 	8118
f 8129 	8127 	8126
f 8129 	8126 	8384
f 8126 	8128 	8384
f 8118 	8131 	8125
f 8133 	8132 	8129
f 8118 	8129 	8132
f 8132 	8134 	8131
f 8132 	8131 	8118
f 8133 	8387 	8132
f 8134 	8132 	8253
f 8129 	8135 	8133
f 8102 	8136 	8101
f 8137 	8136 	8102
f 8103 	8137 	8102
f 8106 	8107 	8103
f 8137 	8103 	8107
f 8103 	8112 	8106
f 8136 	8097 	8101
f 8101 	8097 	8104
f 8109 	8104 	8108
f 8097 	8119 	8108
f 8108 	8104 	8097
f 8119 	8097 	8100
f 8120 	8119 	8100
f 8140 	8168 	8139
f 8142 	8138 	8141
f 8168 	8141 	8138
f 8156 	8157 	8136
f 8097 	8136 	8157
f 8157 	8158 	8097
f 8159 	8097 	8158
f 8165 	8166 	8140
f 8168 	8140 	8166
f 8166 	8167 	8168
f 8167 	8170 	8168
f 8140 	8097 	8164
f 8165 	8140 	8164
f 8164 	8097 	8159
f 8154 	8155 	8137
f 8156 	8136 	8155
f 8136 	8137 	8155
f 8179 	8175 	8176
f 8178 	8179 	8176
f 8176 	8177 	8178
f 8185 	8186 	8190
f 8189 	8190 	8186
f 8186 	8187 	8189
f 8187 	8188 	8189
f 8189 	8195 	8197
f 8178 	8184 	8190
f 8184 	8178 	8177
f 8185 	8190 	8184
f 8179 	8168 	8174
f 8179 	8174 	8175
f 8170 	8174 	8168
f 8193 	8192 	8197
f 8196 	8197 	8192
f 8194 	8196 	8192
f 8194 	8198 	8196
f 8198 	8199 	8196
f 8200 	8274 	8199
f 8193 	8197 	8195
f 8188 	8195 	8189
f 8210 	8208 	8203
f 8205 	8209 	8206
f 8202 	8208 	8204
f 8202 	8203 	8208
f 8211 	8208 	8210
f 8214 	8208 	8211
f 8204 	8208 	8207
f 8207 	8215 	8205
f 8212 	8214 	8211
f 8209 	8205 	8215
f 8416 	8409 	8209
f 8208 	8215 	8207
f 8221 	8218 	8214
f 8208 	8219 	8215
f 8215 	8216 	8209
f 8220 	8209 	8216
f 8213 	8412 	8222
f 8223 	8212 	8225
f 8208 	8214 	8219
f 8218 	8219 	8214
f 8216 	8215 	8219
f 8219 	8218 	8224
f 8220 	8219 	8224
f 8216 	8219 	8220
f 8218 	8221 	8234
f 8234 	8224 	8218
f 8433 	8227 	8220
f 8222 	8416 	8209
f 8209 	8228 	8222
f 8230 	8213 	8229
f 8212 	8223 	8214
f 8234 	8221 	8223
f 8221 	8214 	8223
f 8225 	8226 	8223
f 8224 	8433 	8220
f 8227 	8228 	8220
f 8209 	8220 	8228
f 8229 	8222 	8228
f 8222 	8229 	8213
f 8227 	8231 	8228
f 8230 	8228 	8231
f 8229 	8228 	8230
f 8226 	8232 	8223
f 8232 	8226 	8107
f 8232 	8107 	8233
f 8240 	8236 	8232
f 8236 	8235 	8232
f 8223 	8232 	8235
f 8235 	8237 	8234
f 8235 	8234 	8223
f 8238 	8224 	8237
f 8234 	8237 	8224
f 8236 	8239 	8235
f 8238 	8237 	8235
f 8238 	8235 	8239
f 8242 	8241 	8238
f 8224 	8238 	8241
f 8241 	8243 	8244
f 8241 	8244 	8224
f 8231 	8244 	8243
f 8231 	8243 	8245
f 8423 	8213 	8246
f 8242 	8247 	8241
f 8245 	8241 	8247
f 8243 	8241 	8245
f 8248 	8240 	8233
f 8240 	8232 	8233
f 8233 	8117 	8249
f 8249 	8250 	8248
f 8249 	8248 	8233
f 8251 	8239 	8250
f 8239 	8248 	8250
f 8122 	8252 	8249
f 8251 	8249 	8252
f 8251 	8250 	8249
f 8122 	8131 	8252
f 8253 	8252 	8134
f 8131 	8134 	8252
f 8242 	8255 	8254
f 8242 	8254 	8247
f 8217 	8419 	8246
f 8258 	8387 	8261
f 8260 	8261 	8387
f 8379 	8358 	8259
f 8261 	8259 	8258
f 8257 	8256 	8258
f 8262 	8252 	8253
f 8265 	8264 	8252
f 8262 	8265 	8252
f 8251 	8264 	8239
f 8263 	8239 	8264
f 8263 	8254 	8239
f 8264 	8251 	8252
f 8258 	8247 	8265
f 8263 	8265 	8247
f 8264 	8265 	8263
f 8254 	8263 	8247
f 8266 	8231 	8245
f 8230 	8267 	8213
f 8268 	8213 	8267
f 8268 	8246 	8213
f 8267 	8231 	8269
f 8230 	8231 	8267
f 8266 	8269 	8231
f 8267 	8269 	8268
f 8217 	8268 	8269
f 8217 	8269 	8258
f 8246 	8268 	8217
f 8258 	8270 	8217
f 8247 	8258 	8266
f 8266 	8245 	8247
f 8269 	8266 	8258
f 8253 	8387 	8262
f 8258 	8262 	8387
f 8258 	8265 	8262
f 8258 	8290 	8271
f 8258 	8273 	8272
f 8258 	8272 	8290
f 8271 	8270 	8258
f 8421 	8217 	8270
f 8203 	8202 	8274
f 8274 	8202 	8196
f 8204 	8196 	8202
f 8205 	8206 	8204
f 8207 	8205 	8204
f 8196 	8204 	8206
f 8275 	8276 	8278
f 8276 	8277 	8278
f 8282 	8278 	8277
f 8275 	8278 	8285
f 8281 	8279 	8280
f 8282 	8283 	8278
f 8281 	8288 	8279
f 8285 	8288 	8281
f 8287 	8278 	8283
f 8397 	8287 	8284
f 8402 	8398 	8287
f 8285 	8278 	8288
f 8288 	8289 	8279
f 8400 	8279 	8289
f 8438 	8273 	8294
f 8294 	8273 	8437
f 8280 	8295 	8189
f 8295 	8309 	8189
f 8280 	8296 	8295
f 8277 	8197 	8196
f 8283 	8282 	8284
f 8282 	8196 	8284
f 8282 	8277 	8196
f 8284 	8196 	8297
f 8206 	8298 	8297
f 8206 	8297 	8196
f 8225 	8212 	8137
f 8137 	8107 	8225
f 8226 	8225 	8107
f 8137 	8212 	8210
f 8211 	8210 	8212
f 8210 	8203 	8137
f 8137 	8203 	8274
f 8299 	8300 	8301
f 8300 	8302 	8301
f 8304 	8305 	8303
f 8301 	8302 	8306
f 8306 	8308 	8301
f 8307 	8299 	8301
f 8307 	8312 	8304
f 8308 	8311 	8301
f 8305 	8304 	8312
f 8308 	8309 	8311
f 8312 	8307 	8301
f 8318 	8314 	8311
f 8314 	8313 	8311
f 8301 	8311 	8313
f 8313 	8315 	8312
f 8313 	8312 	8301
f 8316 	8305 	8315
f 8312 	8315 	8305
f 8314 	8317 	8313
f 8316 	8315 	8313
f 8316 	8313 	8317
f 8318 	8325 	8314
f 8305 	8319 	8354
f 8310 	8351 	8319
f 8435 	8321 	8316
f 8321 	8320 	8316
f 8305 	8316 	8320
f 8305 	8320 	8319
f 8322 	8319 	8320
f 8323 	8310 	8322
f 8319 	8322 	8310
f 8321 	8324 	8320
f 8323 	8320 	8324
f 8323 	8322 	8320
f 8317 	8314 	8325
f 8431 	8317 	8430
f 8325 	8430 	8317
f 8304 	8303 	8299
f 8307 	8304 	8299
f 8178 	8299 	8303
f 8326 	8327 	8328
f 8329 	8328 	8327
f 8333 	8328 	8329
f 8332 	8330 	8331
f 8334 	8335 	8328
f 8334 	8328 	8333
f 8335 	8334 	8336
f 8335 	8336 	8337
f 8338 	8339 	8328
f 8326 	8328 	8339
f 8330 	8332 	8338
f 8339 	8338 	8332
f 8349 	8341 	8335
f 8341 	8340 	8335
f 8328 	8335 	8340
f 8328 	8340 	8338
f 8342 	8338 	8340
f 8343 	8330 	8342
f 8338 	8342 	8330
f 8341 	8344 	8340
f 8343 	8342 	8340
f 8343 	8340 	8344
f 8337 	8336 	8345
f 8347 	8337 	8346
f 8346 	8337 	8345
f 8347 	8346 	8303
f 8347 	8303 	8305
f 8354 	8351 	8347
f 8349 	8335 	8337
f 8348 	8349 	8337
f 8344 	8341 	8348
f 8349 	8348 	8341
f 8351 	8350 	8347
f 8337 	8347 	8350
f 8337 	8350 	8348
f 8352 	8348 	8350
f 8353 	8344 	8352
f 8348 	8352 	8344
f 8350 	8351 	8310
f 8353 	8350 	8310
f 8353 	8352 	8350
f 8347 	8305 	8354
f 8354 	8319 	8351
f 8359 	8360 	8343
f 8361 	8359 	8344
f 8353 	8355 	8356
f 8356 	8368 	8353
f 8355 	8353 	8310
f 8355 	8436 	8356
f 8364 	8363 	8330
f 8357 	8440 	8363
f 8366 	8357 	8365
f 8360 	8364 	8343
f 8330 	8343 	8364
f 8343 	8344 	8359
f 8359 	8361 	8360
f 8361 	8362 	8360
f 8364 	8365 	8363
f 8363 	8365 	8357
f 8360 	8362 	8364
f 8366 	8364 	8362
f 8366 	8365 	8364
f 8377 	8357 	8367
f 8372 	8357 	8366
f 8344 	8353 	8368
f 8344 	8368 	8361
f 8369 	8361 	8368
f 8369 	8362 	8361
f 8370 	8362 	8369
f 8356 	8437 	8368
f 8370 	8369 	8368
f 8358 	8378 	8367
f 8357 	8371 	8367
f 8357 	8372 	8371
f 8366 	8362 	8372
f 8367 	8371 	8358
f 8259 	8447 	8379
f 8258 	8259 	8358
f 8327 	8326 	8168
f 8179 	8327 	8168
f 8329 	8327 	8179
f 8332 	8331 	8326
f 8168 	8326 	8331
f 8339 	8332 	8326
f 8373 	8374 	8376
f 8375 	8376 	8374
f 8375 	8374 	8331
f 8375 	8331 	8330
f 8439 	8440 	8375
f 8363 	8439 	8330
f 8375 	8330 	8439
f 8377 	8367 	8378
f 8446 	8452 	8384
f 8452 	8447 	8261
f 8261 	8260 	8452
f 8138 	8139 	8168
f 8373 	8141 	8168
f 8168 	8331 	8373
f 8374 	8373 	8331
f 8179 	8178 	8329
f 8333 	8329 	8178
f 8334 	8333 	8336
f 8345 	8336 	8178
f 8333 	8178 	8336
f 8178 	8303 	8345
f 8303 	8346 	8345
f 8190 	8189 	8302
f 8306 	8302 	8189
f 8309 	8306 	8189
f 8308 	8306 	8309
f 8138 	8382 	8139
f 8141 	8373 	8376
f 8380 	8139 	8382
f 8138 	8142 	8382
f 8381 	8382 	8142
f 8098 	8385 	8099
f 8099 	8383 	8100
f 8096 	8380 	8382
f 8096 	8382 	8098
f 8390 	8385 	8382
f 8098 	8382 	8385
f 8382 	8381 	8390
f 8383 	8099 	8385
f 8386 	8383 	8385
f 8383 	8386 	8391
f 8130 	8392 	8128
f 8253 	8132 	8387
f 8142 	8141 	8381
f 8381 	8388 	8389
f 8448 	8388 	8376
f 8389 	8388 	8448
f 8390 	8381 	8389
f 8386 	8385 	8390
f 8393 	8390 	8389
f 8386 	8390 	8391
f 8392 	8130 	8383
f 8130 	8123 	8383
f 8384 	8128 	8392
f 8383 	8394 	8392
f 8392 	8395 	8384
f 8395 	8446 	8384
f 8451 	8135 	8384
f 8135 	8451 	8133
f 8387 	8133 	8451
f 8376 	8381 	8141
f 8381 	8376 	8388
f 8393 	8389 	8448
f 8391 	8390 	8393
f 8449 	8396 	8391
f 8443 	8393 	8442
f 8395 	8392 	8394
f 8396 	8394 	8391
f 8383 	8391 	8394
f 8283 	8284 	8287
f 8427 	8279 	8432
f 8397 	8284 	8297
f 8278 	8287 	8399
f 8398 	8399 	8287
f 8278 	8399 	8288
f 8289 	8288 	8399
f 8399 	8398 	8401
f 8400 	8399 	8401
f 8289 	8399 	8400
f 8397 	8297 	8298
f 8402 	8287 	8397
f 8401 	8398 	8410
f 8402 	8410 	8398
f 8411 	8405 	8400
f 8405 	8404 	8400
f 8279 	8400 	8404
f 8404 	8406 	8403
f 8404 	8403 	8279
f 8407 	8286 	8406
f 8403 	8406 	8286
f 8405 	8408 	8404
f 8407 	8406 	8404
f 8407 	8404 	8408
f 8298 	8409 	8397
f 8209 	8409 	8206
f 8298 	8206 	8409
f 8397 	8410 	8402
f 8416 	8412 	8409
f 8397 	8413 	8410
f 8411 	8400 	8401
f 8411 	8417 	8405
f 8412 	8413 	8409
f 8397 	8409 	8413
f 8414 	8410 	8413
f 8410 	8414 	8401
f 8415 	8401 	8414
f 8412 	8213 	8413
f 8415 	8414 	8413
f 8415 	8413 	8213
f 8416 	8222 	8412
f 8417 	8411 	8401
f 8408 	8405 	8417
f 8423 	8419 	8415
f 8419 	8418 	8415
f 8401 	8415 	8418
f 8401 	8418 	8417
f 8420 	8417 	8418
f 8415 	8213 	8423
f 8408 	8417 	8420
f 8408 	8420 	8421
f 8418 	8419 	8217
f 8421 	8418 	8217
f 8421 	8420 	8418
f 8423 	8246 	8419
f 8290 	8292 	8422
f 8291 	8422 	8292
f 8270 	8408 	8421
f 8270 	8271 	8408
f 8407 	8425 	8286
f 8424 	8286 	8425
f 8424 	8422 	8286
f 8425 	8408 	8271
f 8407 	8408 	8425
f 8425 	8271 	8424
f 8422 	8424 	8290
f 8271 	8290 	8424
f 8293 	8272 	8324
f 8273 	8438 	8324
f 8272 	8273 	8324
f 8258 	8437 	8273
f 8272 	8293 	8290
f 8275 	8189 	8276
f 8197 	8276 	8189
f 8276 	8197 	8277
f 8281 	8280 	8275
f 8285 	8281 	8275
f 8189 	8275 	8280
f 8311 	8309 	8426
f 8426 	8309 	8295
f 8427 	8426 	8296
f 8295 	8296 	8426
f 8318 	8311 	8426
f 8296 	8280 	8427
f 8279 	8427 	8280
f 8432 	8429 	8427
f 8426 	8325 	8318
f 8429 	8428 	8427
f 8426 	8427 	8428
f 8426 	8428 	8325
f 8430 	8325 	8428
f 8428 	8429 	8286
f 8431 	8430 	8428
f 8431 	8428 	8286
f 8403 	8432 	8279
f 8274 	8201 	8137
f 8200 	8201 	8274
f 8154 	8137 	8201
f 8196 	8199 	8274
f 8240 	8248 	8236
f 8239 	8236 	8248
f 8238 	8239 	8255
f 8254 	8255 	8239
f 8255 	8242 	8238
f 8244 	8433 	8224
f 8227 	8433 	8244
f 8227 	8244 	8231
f 8434 	8435 	8317
f 8316 	8317 	8435
f 8324 	8321 	8434
f 8435 	8434 	8321
f 8434 	8454 	8324
f 8436 	8355 	8310
f 8356 	8436 	8437
f 8370 	8368 	8437
f 8256 	8257 	8362
f 8372 	8362 	8257
f 8362 	8370 	8256
f 8371 	8257 	8358
f 8372 	8257 	8371
f 8258 	8358 	8257
f 8258 	8256 	8437
f 8370 	8437 	8256
f 8323 	8438 	8310
f 8310 	8438 	8294
f 8294 	8436 	8310
f 8438 	8323 	8324
f 8436 	8294 	8437
f 8190 	8300 	8178
f 8178 	8300 	8299
f 8302 	8300 	8190
f 8440 	8441 	8375
f 8376 	8375 	8441
f 8439 	8363 	8440
f 8442 	8448 	8441
f 8448 	8442 	8393
f 8441 	8440 	8357
f 8443 	8441 	8357
f 8443 	8442 	8441
f 8377 	8378 	8443
f 8443 	8357 	8377
f 8445 	8450 	8444
f 8393 	8444 	8450
f 8378 	8444 	8443
f 8393 	8443 	8444
f 8379 	8447 	8445
f 8379 	8445 	8444
f 8379 	8444 	8358
f 8444 	8378 	8358
f 8449 	8391 	8393
f 8446 	8395 	8394
f 8446 	8394 	8447
f 8396 	8447 	8394
f 8376 	8441 	8448
f 8450 	8449 	8393
f 8396 	8449 	8450
f 8396 	8450 	8447
f 8450 	8445 	8447
f 8129 	8384 	8135
f 8260 	8384 	8452
f 8451 	8384 	8260
f 8259 	8261 	8447
f 8447 	8452 	8446
f 8451 	8260 	8387
f 8380 	8096 	8097
f 8140 	8380 	8097
f 8139 	8380 	8140
f 8429 	8432 	8403
f 8429 	8403 	8286
f 8291 	8292 	8431
f 8422 	8291 	8286
f 8292 	8453 	8431
f 8317 	8431 	8453
f 8453 	8454 	8434
f 8317 	8453 	8434
f 8431 	8286 	8291
f 8293 	8324 	8454
f 8292 	8290 	8453
f 8290 	8293 	8453
f 8293 	8454 	8453
# 640 faces

g group_27_11107152

usemtl color_11107152
s 0

f 8145 	8146 	8144
f 8146 	8147 	8144
f 8143 	8144 	8147
f 8143 	8147 	8148
f 8143 	8148 	8149
f 8143 	8149 	8150
f 8143 	8150 	8151
f 8143 	8151 	8152
f 8143 	8152 	8153
f 8143 	8153 	8163
f 8150 	8154 	8151
f 8149 	8155 	8154
f 8149 	8154 	8150
f 8148 	8156 	8155
f 8148 	8155 	8149
f 8156 	8148 	8157
f 8147 	8157 	8148
f 8147 	8146 	8158
f 8147 	8158 	8157
f 8146 	8145 	8159
f 8146 	8159 	8158
f 8144 	8143 	8166
f 8162 	8169 	8161
f 8163 	8171 	8162
f 8145 	8164 	8159
f 8165 	8164 	8144
f 8145 	8144 	8164
f 8144 	8166 	8165
f 8170 	8167 	8163
f 8163 	8167 	8143
f 8166 	8143 	8167
f 8160 	8161 	8169
f 8170 	8163 	8162
f 8175 	8174 	8161
f 8175 	8161 	8176
f 8160 	8176 	8161
f 8169 	8177 	8160
f 8173 	8162 	8172
f 8169 	8162 	8173
f 8172 	8162 	8171
f 8153 	8191 	8163
f 8162 	8174 	8170
f 8162 	8161 	8174
f 8176 	8160 	8177
f 8173 	8177 	8169
f 8185 	8184 	8172
f 8171 	8186 	8172
f 8182 	8163 	8181
f 8171 	8163 	8182
f 8181 	8163 	8180
f 8191 	8183 	8163
f 8173 	8184 	8177
f 8173 	8172 	8184
f 8185 	8172 	8186
f 8187 	8171 	8182
f 8171 	8187 	8186
f 8195 	8188 	8181
f 8182 	8188 	8187
f 8180 	8163 	8183
f 8183 	8192 	8180
f 8198 	8194 	8191
f 8183 	8191 	8194
f 8191 	8153 	8198
f 8199 	8198 	8153
f 8182 	8181 	8188
f 8193 	8195 	8180
f 8181 	8180 	8195
f 8180 	8192 	8193
f 8192 	8183 	8194
f 8199 	8153 	8152
f 8199 	8152 	8200
f 8200 	8152 	8201
f 8151 	8201 	8152
f 8151 	8154 	8201
# 74 faces

 #end of obj_27

o obj_28
v -163.5988 		23.1916 		41.9452
v -168 		27.2213 		32.6694
v -161.4503 		22.4572 		52.1239
v -161.5906 		22.633 		52.0446
v -161.6577 		23.5344 		55.7531
v -159.4407 		25.8512 		36.0079
v -159.0817 		27.1082 		34.6399
v -157.6048 		28.1472 		41.9452
v -160.8903 		25.2403 		41.9452
v -160.757 		31.1808 		41.9452
v -157.0814 		26.1167 		52.0439
v -156.3395 		26.626 		55.7531
v -160.8344 		24.9687 		43.9926
v -160.6151 		24.9243 		44.1505
v -159.8521 		26.127 		49.8986
v -158.2526 		26.1369 		56.7177
v -157.1622 		25.9067 		52.123
v -157.9449 		24.9805 		61.5429
v -163.3367 		27.4884 		49.8986
v -158.3543 		25.3403 		61.735
v -158.7759 		24.692 		58.5563
v -157.7594 		25.1513 		62.5621
v -159.9761 		26.7855 		62.5621
v -162.1253 		24.3445 		49.8986
v -161.0247 		23.4941 		55.5287
v -158.7715 		24.4986 		58.6242
v -157.2664 		23.9261 		68.9264
v -160.9735 		23.7848 		56.7177
v -159.7099 		24.3209 		62.5621
v -157.2998 		23.788 		68.9762
v -159.531 		23.6563 		66.8648
v -159.0893 		23.5065 		66.6999
v -159.6536 		23.0036 		64.1398
v -158.9979 		23.7032 		67.5743
v -159.5872 		22.852 		64.1979
v -157.9998 		23.8418 		71.8702
v -157.9982 		23.3357 		75.0319
v -158.2086 		22.8956 		73.0286
v -157.7131 		23.1449 		74.9107
v -158.1901 		22.7755 		73.0712
v -159.7055 		26.313 		32.6694
v -156.3395 		34 		32.6694
v -162.7413 		18.8731 		41.9452
v -162.5419 		20.4427 		36.0081
v -163.0715 		20.4427 		32.6694
v -162.48 		18.7857 		43.9929
v -162.3317 		18.9552 		44.1511
v -158.9407 		19.7411 		14
v -159.0323 		20.4427 		14
v -158.9407 		21.1443 		14
v -158.6715 		21.7984 		14
v -158.2433 		22.3597 		14
v -157.6859 		22.7908 		14
v -157.0363 		23.0619 		14
v -156.3395 		23.1541 		14
v -155.6427 		23.0619 		14
v -154.9931 		22.7908 		14
v -154.4357 		22.3597 		14
v -156.3395 		22.776 		20.3591
v -156.9195 		22.6229 		21.6439
v -157.4313 		22.3468 		22.623
v -157.9242 		22.0383 		21.6436
v -158.3463 		21.6093 		20.3592
v -158.3463 		21.6093 		20.3591
v -157.0363 		17.8234 		14
v -157.6859 		18.0945 		14
v -158.2433 		18.5257 		14
v -158.6715 		19.0869 		14
v -158.5047 		21.0266 		21.6445
v -158.5231 		20.4427 		22.623
v -158.5047 		19.8587 		21.6445
v -158.3463 		19.276 		20.3591
v -168 		13.664 		32.6694
v -156.3395 		17.7312 		14
v -158.3463 		19.276 		20.3592
v -154.4357 		18.5257 		14
v -154.9931 		18.0945 		14
v -155.6427 		17.8234 		14
v -157.9242 		18.847 		21.6436
v -157.4313 		18.5386 		22.623
v -156.9195 		18.2625 		21.6439
v -156.3395 		18.1093 		20.3591
v -156.3395 		6.8853 		32.6694
v -159.7055 		14.5723 		32.6694
v -153.6467 		20.4427 		14
v -153.7383 		19.7411 		14
v -154.0075 		19.0869 		14
v -153.7383 		21.1443 		14
v -155.7595 		18.2625 		21.6439
v -155.2477 		18.5386 		22.623
v -154.7548 		18.847 		21.6436
v -154.3327 		19.276 		20.3592
v -154.3327 		19.276 		20.3591
v -144.679 		13.664 		32.6694
v -152.9735 		14.5723 		32.6694
v -154.0075 		21.7984 		14
v -154.1743 		21.0266 		21.6445
v -154.1559 		20.4427 		22.623
v -154.3327 		21.6093 		20.3591
v -154.1743 		19.8587 		21.6445
v -144.679 		27.2213 		32.6694
v -149.6075 		20.4427 		32.6694
v -154.3327 		21.6093 		20.3592
v -154.7548 		22.0383 		21.6436
v -155.2477 		22.3468 		22.623
v -155.7595 		22.6229 		21.6439
v -151.9776 		26.1666 		34.64
v -153.2383 		25.8512 		36.008
v -150.3456 		25.3983 		41.9452
v -151.8306 		23.9266 		52.0439
v -151.0214 		23.5342 		55.7538
v -152.0513 		23.8922 		52.1228
v -149.3126 		29.6637 		41.9452
v -149.6088 		25.6433 		56.7177
v -154.4885 		26.8098 		41.9452
v -154.6227 		26.4118 		44.1501
v -154.6941 		26.6253 		43.9922
v -150.5783 		22.8457 		67.5743
v -153.2067 		26.3478 		49.8986
v -152.3984 		24.9583 		56.7177
v -153.2394 		24.1116 		61.5438
v -151.7954 		21.0453 		75.5524
v -153.9033 		24.6917 		58.5555
v -153.1347 		24.6482 		61.7358
v -153 		24.0352 		62.5621
v -154.0669 		24.5916 		58.6232
v -152.6885 		22.8935 		67.5743
v -153.778 		30.0677 		49.8986
v -152.7029 		26.7855 		62.5621
v -155.8765 		27.4389 		49.8986
v -156.0576 		26.0539 		55.5288
v -153.807 		22.9927 		68.9262
v -153.2697 		22.8146 		71.263
v -153.4455 		22.4534 		71.1218
v -153.29 		22.3534 		71.8702
v -152.5595 		24.2489 		71.8702
v -155.7821 		26.1546 		56.7177
v -157.4469 		28.9126 		56.7177
v -154.689 		25.3213 		62.5621
v -155.1713 		24.8323 		66.8662
v -155.7943 		24.6128 		64.1393
v -155.0793 		24.3724 		66.7014
v -154.8649 		24.3911 		67.5743
v -155.5256 		26.6675 		67.5743
v -155.8912 		24.4794 		64.1973
v -154.6808 		23.3357 		75.0318
v -155.1647 		23.299 		73.028
v -154.7023 		22.9913 		74.9105
v -154.2463 		23.5898 		71.8702
v -154.5464 		22.9635 		75.5524
v -153.2841 		21.4833 		75.5524
v -154.5858 		24.7064 		75.5524
v -156.6217 		24.8518 		67.5743
v -156.8446 		24.3058 		71.263
v -156.6217 		23.9717 		71.1216
v -156.4579 		24.0574 		71.8702
v -157.7229 		25.6419 		71.8702
v -157.6112 		23.2668 		75.5524
v -155.7069 		23.6272 		75.5524
v -155.2587 		23.2229 		73.0707
v -156.7016 		20.0781 		87.1072
v -156.7908 		20.0939 		86.4125
v -156.3395 		20.4427 		90
v -156.8345 		20.5762 		87.1059
v -157.6004 		21.417 		82.2196
v -156.8656 		20.6621 		86.4098
v -156.4721 		20.941 		87.1061
v -156.132 		22.0294 		82.2196
v -156.3367 		22.1948 		80.1866
v -156.4138 		21.0111 		86.4101
v -155.9772 		20.8075 		87.106
v -154.8313 		21.3163 		80.1872
v -154.8714 		21.055 		82.2212
v -155.8876 		20.7918 		86.409
v -155.8445 		20.3091 		87.1059
v -155.8134 		20.2232 		86.4098
v -156.2069 		19.9443 		87.1061
v -156.2652 		19.8742 		86.4101
v -152.9735 		26.313 		32.6694
v -149.0802 		17.6938 		41.9452
v -149.2354 		19.5009 		34.64
v -150.1371 		20.4427 		36.0081
v -144.8951 		18.9256 		41.9452
v -148.5014 		17.1733 		56.7177
v -151.0213 		17.351 		55.7531
v -151.0884 		18.2524 		52.0446
v -149.9377 		22.0122 		41.9452
v -150.3473 		21.9301 		44.1511
v -150.199 		22.0996 		43.9929
v -151.2287 		18.4281 		52.1239
v -151.3922 		16.6202 		67.5743
v -149.6945 		20.6636 		49.8986
v -150.4858 		19.2636 		56.7177
v -151.6343 		19.5735 		61.5435
v -153.5498 		16.7815 		75.5524
v -154.4889 		18.1098 		73.0712
v -154.4704 		17.9898 		73.0286
v -155.0678 		17.6185 		75.5524
v -156.547 		18.8559 		82.2196
v -150.5537 		16.5408 		49.8986
v -151.6543 		17.3912 		55.5287
v -150.0905 		23.5373 		49.8986
v -151.3724 		23.0026 		55.5295
v -155.0742 		12.7381 		41.9452
v -153.5973 		13.7771 		34.6399
v -151.922 		9.7046 		41.9452
v -153.2383 		15.0341 		36.0079
v -156.3395 		14.2593 		55.7531
v -155.5976 		14.7686 		52.0439
v -155.2321 		11.9727 		56.7177
v -151.7887 		15.645 		41.9452
v -155.5168 		14.9786 		52.123
v -152.0639 		15.9611 		44.1505
v -151.8446 		15.9166 		43.9926
v -157.1534 		14.2178 		67.5743
v -152.8269 		14.7584 		49.8986
v -154.4264 		14.7484 		56.7177
v -154.3247 		15.545 		61.735
v -153.9031 		16.1933 		58.5563
v -154.7341 		15.9048 		61.5429
v -154.9196 		15.7341 		62.5621
v -152.7029 		14.0999 		62.5621
v -153.9075 		16.3867 		58.6242
v -156.0573 		16.0335 		67.5743
v -155.8344 		16.5795 		71.263
v -155.4126 		16.9592 		68.9264
v -156.0573 		16.9136 		71.1216
v -156.2211 		16.828 		71.8702
v -154.9561 		15.2434 		71.8702
v -152.9691 		16.5644 		62.5621
v -162.3334 		15.487 		41.9452
v -160.7014 		14.7187 		34.64
v -163.3664 		11.2216 		41.9452
v -159.4407 		15.0341 		36.008
v -163.0702 		15.2421 		56.7177
v -161.6576 		17.3511 		55.7538
v -160.8484 		16.9588 		52.0439
v -158.1905 		14.0756 		41.9452
v -158.0563 		14.4735 		44.1501
v -159.4723 		14.5375 		49.8986
v -157.9849 		14.26 		43.9922
v -158.901 		10.8176 		49.8986
v -160.2806 		15.927 		56.7177
v -160.6277 		16.9932 		52.1228
v -159.5443 		16.2372 		61.7358
v -158.7757 		16.1937 		58.5555
v -159.4396 		16.7738 		61.5438
v -159.679 		16.8501 		62.5621
v -159.9761 		14.0999 		62.5621
v -156.8025 		13.4465 		49.8986
v -156.6214 		14.8314 		55.5288
v -156.8969 		14.7308 		56.7177
v -157.99 		15.564 		62.5621
v -158.6122 		16.2938 		58.6232
v -157.5077 		16.053 		66.8662
v -156.8847 		16.2726 		64.1393
v -157.5997 		16.5129 		66.7014
v -157.8141 		16.4943 		67.5743
v -156.7878 		16.4059 		64.1973
v -157.4203 		17.6624 		73.0707
v -157.5143 		17.5863 		73.028
v -162.1001 		18.0396 		67.5743
v -160.8836 		19.84 		75.5524
v -158.7364 		17.9325 		68.9763
v -158.872 		17.8926 		68.9262
v -158.4327 		17.2956 		71.8702
v -160.1195 		16.6364 		71.8702
v -159.9905 		17.9919 		67.5743
v -159.4093 		18.0707 		71.263
v -159.2335 		18.432 		71.1218
v -159.389 		18.532 		71.8702
v -159.3946 		19.4021 		75.5524
v -157.9981 		17.5498 		75.0324
v -157.9765 		17.8941 		74.9113
v -158.1322 		17.9219 		75.5524
v -157.8073 		19.8304 		82.2214
v -157.8472 		19.5694 		80.1896
v -162.5885 		17.348 		49.8986
v -161.3066 		17.8827 		55.5295
v -161.5309 		18.0725 		56.7177
v -165.8983 		17.8634 		49.8986
v -159.2713 		19.9952 		73.0703
v -159.3835 		20.039 		73.0277
v -159.4043 		20.7458 		75.5524
v -163.4436 		21.3844 		34.64
v -162.9845 		20.2217 		49.8986
v -167.7839 		21.9597 		41.9452
v -164.1776 		23.712 		56.7177
v -161.2862 		24.2652 		67.5743
v -162.1932 		21.6217 		56.7177
v -161.0447 		21.3118 		61.5435
v -159.1292 		24.1038 		75.5524
v -161.0438 		20.3499 		58.6241
v -161.2122 		20.4427 		58.5562
v -161.5591 		21.1346 		61.7357
v -161.0988 		21.5588 		62.5621
v -160.2727 		22.4012 		67.5743
v -163.6128 		20.4427 		62.5621
v -159.9144 		21.9338 		71.2631
v -159.5158 		21.9611 		71.1216
v -159.7986 		21.3759 		68.9257
v -146.7807 		23.0219 		49.8986
v -151.4668 		20.4427 		58.5562
v -151.1199 		19.7508 		61.7357
v -151.5802 		19.3266 		62.5621
v -149.0662 		20.4427 		62.5621
v -151.6352 		20.5355 		58.6241
v -152.4058 		18.4842 		67.5743
v -152.7646 		18.9515 		71.2631
v -152.8804 		19.5095 		68.9257
v -153.1628 		18.9243 		71.1217
v -153.1711 		18.7385 		71.8702
v -151.1761 		19.0496 		71.8702
v -151.1481 		22.8128 		56.7177
v -151.3187 		21.4427 		62.5621
v -152.9822 		19.6074 		68.9754
v -152.4801 		22.0524 		64.1391
v -151.9798 		21.6191 		66.8653
v -152.3296 		21.3087 		66.7004
v -152.2062 		21.1308 		67.5743
v -152.6434 		22.0703 		64.1972
v -152.586 		20.191 		71.8702
v -153.022 		20.4427 		75.0318
v -153.2955 		20.8463 		73.0277
v -153.3287 		20.2894 		74.9105
v -153.2747 		20.1396 		75.5524
v -153.9171 		18.2986 		75.5524
v -153.4077 		20.8902 		73.0704
v -155.079 		19.4688 		82.222
v -154.8345 		19.5644 		80.19
v -149.3423 		13.3969 		49.8986
v -151.7055 		17.1006 		56.7177
v -153.148 		17.2291 		66.865
v -153.0254 		17.8821 		64.1388
v -153.5898 		17.3789 		66.7001
v -153.6811 		17.1822 		67.5743
v -153.0916 		18.0332 		64.1968
v -153.9426 		22.9528 		68.9763
v -154.6792 		17.0435 		71.8702
v -155.3792 		17.0973 		68.9762
v -156.9721 		17.2581 		75.5524
v -158.0932 		16.1789 		75.5524
v -156.3423 		18.6905 		80.1866
v -160.0356 		18.815 		64.1973
v -160.1986 		18.8328 		64.1393
v -160.6991 		19.2663 		66.8656
v -160.3494 		19.5767 		66.7004
v -160.4729 		19.7546 		67.5743
v -159.657 		20.4427 		75.0318
v -159.3503 		20.5959 		74.9105
v -159.5075 		22.1469 		71.8702
v -161.5029 		21.8357 		71.8702
v -161.3603 		19.4426 		62.5621
v -159.6968 		21.278 		68.9754
v -160.093 		20.6944 		71.8702
v -158.762 		22.5868 		75.5524
v -157.8452 		21.3213 		80.1857
v -154.6808 		17.5496 		75.0319
v -154.9659 		17.7405 		74.9107
# 359 vertices

g group_28_1206582

usemtl color_1206582
s 0

f 8457 	8458 	8455
f 8455 	8459 	8456
f 8459 	8455 	8458
f 8464 	8461 	8460
f 8464 	8462 	8461
f 8474 	8470 	8464
f 8465 	8592 	8466
f 8469 	8464 	8468
f 8464 	8460 	8463
f 8463 	8468 	8464
f 8467 	8469 	8468
f 8462 	8464 	8471
f 8470 	8471 	8464
f 8464 	8469 	8474
f 8592 	8465 	8470
f 8471 	8470 	8465
f 8470 	8472 	8592
f 8480 	8475 	8469
f 8470 	8474 	8472
f 8476 	8592 	8472
f 8476 	8472 	8474
f 8473 	8469 	8467
f 8478 	8473 	8467
f 8474 	8469 	8475
f 8480 	8469 	8473
f 8473 	8483 	8480
f 8475 	8477 	8474
f 8477 	8476 	8474
f 8479 	8473 	8478
f 8482 	8473 	8479
f 8477 	8475 	8483
f 8480 	8483 	8475
f 8481 	8608 	8476
f 8484 	8481 	8476
f 8484 	8476 	8477
f 8479 	8459 	8482
f 8482 	8459 	8742
f 8489 	8487 	8482
f 8473 	8485 	8483
f 8487 	8485 	8482
f 8488 	8477 	8486
f 8484 	8490 	8481
f 8483 	8485 	8486
f 8473 	8482 	8485
f 8483 	8486 	8477
f 8488 	8486 	8485
f 8488 	8485 	8743
f 8485 	8487 	8743
f 8477 	8490 	8484
f 8492 	8491 	8488
f 8477 	8488 	8491
f 8491 	8493 	8490
f 8491 	8490 	8477
f 8492 	8746 	8491
f 8493 	8491 	8612
f 8488 	8494 	8492
f 8461 	8495 	8460
f 8496 	8495 	8461
f 8462 	8496 	8461
f 8465 	8466 	8462
f 8496 	8462 	8466
f 8462 	8471 	8465
f 8495 	8456 	8460
f 8460 	8456 	8463
f 8468 	8463 	8467
f 8456 	8478 	8467
f 8467 	8463 	8456
f 8478 	8456 	8459
f 8479 	8478 	8459
f 8499 	8527 	8498
f 8501 	8497 	8500
f 8527 	8500 	8497
f 8515 	8516 	8495
f 8456 	8495 	8516
f 8516 	8517 	8456
f 8518 	8456 	8517
f 8524 	8525 	8499
f 8527 	8499 	8525
f 8525 	8526 	8527
f 8526 	8529 	8527
f 8499 	8456 	8523
f 8524 	8499 	8523
f 8523 	8456 	8518
f 8513 	8514 	8496
f 8515 	8495 	8514
f 8495 	8496 	8514
f 8538 	8534 	8535
f 8537 	8538 	8535
f 8535 	8536 	8537
f 8544 	8545 	8549
f 8548 	8549 	8545
f 8545 	8546 	8548
f 8546 	8547 	8548
f 8548 	8554 	8556
f 8537 	8543 	8549
f 8543 	8537 	8536
f 8544 	8549 	8543
f 8538 	8527 	8533
f 8538 	8533 	8534
f 8529 	8533 	8527
f 8552 	8551 	8556
f 8555 	8556 	8551
f 8553 	8555 	8551
f 8553 	8557 	8555
f 8557 	8558 	8555
f 8559 	8633 	8558
f 8552 	8556 	8554
f 8547 	8554 	8548
f 8569 	8567 	8562
f 8564 	8568 	8565
f 8561 	8567 	8563
f 8561 	8562 	8567
f 8570 	8567 	8569
f 8573 	8567 	8570
f 8563 	8567 	8566
f 8566 	8574 	8564
f 8571 	8573 	8570
f 8568 	8564 	8574
f 8775 	8768 	8568
f 8567 	8574 	8566
f 8580 	8577 	8573
f 8567 	8578 	8574
f 8574 	8575 	8568
f 8579 	8568 	8575
f 8572 	8771 	8581
f 8582 	8571 	8584
f 8567 	8573 	8578
f 8577 	8578 	8573
f 8575 	8574 	8578
f 8578 	8577 	8583
f 8579 	8578 	8583
f 8575 	8578 	8579
f 8577 	8580 	8593
f 8593 	8583 	8577
f 8792 	8586 	8579
f 8581 	8775 	8568
f 8568 	8587 	8581
f 8589 	8572 	8588
f 8571 	8582 	8573
f 8593 	8580 	8582
f 8580 	8573 	8582
f 8584 	8585 	8582
f 8583 	8792 	8579
f 8586 	8587 	8579
f 8568 	8579 	8587
f 8588 	8581 	8587
f 8581 	8588 	8572
f 8586 	8590 	8587
f 8589 	8587 	8590
f 8588 	8587 	8589
f 8585 	8591 	8582
f 8591 	8585 	8466
f 8591 	8466 	8592
f 8599 	8595 	8591
f 8595 	8594 	8591
f 8582 	8591 	8594
f 8594 	8596 	8593
f 8594 	8593 	8582
f 8597 	8583 	8596
f 8593 	8596 	8583
f 8595 	8598 	8594
f 8597 	8596 	8594
f 8597 	8594 	8598
f 8601 	8600 	8597
f 8583 	8597 	8600
f 8600 	8602 	8603
f 8600 	8603 	8583
f 8590 	8603 	8602
f 8590 	8602 	8604
f 8782 	8572 	8605
f 8601 	8606 	8600
f 8604 	8600 	8606
f 8602 	8600 	8604
f 8607 	8599 	8592
f 8599 	8591 	8592
f 8592 	8476 	8608
f 8608 	8609 	8607
f 8608 	8607 	8592
f 8610 	8598 	8609
f 8598 	8607 	8609
f 8481 	8611 	8608
f 8610 	8608 	8611
f 8610 	8609 	8608
f 8481 	8490 	8611
f 8612 	8611 	8493
f 8490 	8493 	8611
f 8601 	8614 	8613
f 8601 	8613 	8606
f 8576 	8778 	8605
f 8617 	8746 	8620
f 8619 	8620 	8746
f 8738 	8717 	8618
f 8620 	8618 	8617
f 8616 	8615 	8617
f 8621 	8611 	8612
f 8624 	8623 	8611
f 8621 	8624 	8611
f 8610 	8623 	8598
f 8622 	8598 	8623
f 8622 	8613 	8598
f 8623 	8610 	8611
f 8617 	8606 	8624
f 8622 	8624 	8606
f 8623 	8624 	8622
f 8613 	8622 	8606
f 8625 	8590 	8604
f 8589 	8626 	8572
f 8627 	8572 	8626
f 8627 	8605 	8572
f 8626 	8590 	8628
f 8589 	8590 	8626
f 8625 	8628 	8590
f 8626 	8628 	8627
f 8576 	8627 	8628
f 8576 	8628 	8617
f 8605 	8627 	8576
f 8617 	8629 	8576
f 8606 	8617 	8625
f 8625 	8604 	8606
f 8628 	8625 	8617
f 8612 	8746 	8621
f 8617 	8621 	8746
f 8617 	8624 	8621
f 8617 	8649 	8630
f 8617 	8632 	8631
f 8617 	8631 	8649
f 8630 	8629 	8617
f 8780 	8576 	8629
f 8562 	8561 	8633
f 8633 	8561 	8555
f 8563 	8555 	8561
f 8564 	8565 	8563
f 8566 	8564 	8563
f 8555 	8563 	8565
f 8634 	8635 	8637
f 8635 	8636 	8637
f 8641 	8637 	8636
f 8634 	8637 	8644
f 8640 	8638 	8639
f 8641 	8642 	8637
f 8640 	8647 	8638
f 8644 	8647 	8640
f 8646 	8637 	8642
f 8756 	8646 	8643
f 8761 	8757 	8646
f 8644 	8637 	8647
f 8647 	8648 	8638
f 8759 	8638 	8648
f 8797 	8632 	8653
f 8653 	8632 	8796
f 8639 	8654 	8548
f 8654 	8668 	8548
f 8639 	8655 	8654
f 8636 	8556 	8555
f 8642 	8641 	8643
f 8641 	8555 	8643
f 8641 	8636 	8555
f 8643 	8555 	8656
f 8565 	8657 	8656
f 8565 	8656 	8555
f 8584 	8571 	8496
f 8496 	8466 	8584
f 8585 	8584 	8466
f 8496 	8571 	8569
f 8570 	8569 	8571
f 8569 	8562 	8496
f 8496 	8562 	8633
f 8658 	8659 	8660
f 8659 	8661 	8660
f 8663 	8664 	8662
f 8660 	8661 	8665
f 8665 	8667 	8660
f 8666 	8658 	8660
f 8666 	8671 	8663
f 8667 	8670 	8660
f 8664 	8663 	8671
f 8667 	8668 	8670
f 8671 	8666 	8660
f 8677 	8673 	8670
f 8673 	8672 	8670
f 8660 	8670 	8672
f 8672 	8674 	8671
f 8672 	8671 	8660
f 8675 	8664 	8674
f 8671 	8674 	8664
f 8673 	8676 	8672
f 8675 	8674 	8672
f 8675 	8672 	8676
f 8677 	8684 	8673
f 8664 	8678 	8713
f 8669 	8710 	8678
f 8794 	8680 	8675
f 8680 	8679 	8675
f 8664 	8675 	8679
f 8664 	8679 	8678
f 8681 	8678 	8679
f 8682 	8669 	8681
f 8678 	8681 	8669
f 8680 	8683 	8679
f 8682 	8679 	8683
f 8682 	8681 	8679
f 8676 	8673 	8684
f 8790 	8676 	8789
f 8684 	8789 	8676
f 8663 	8662 	8658
f 8666 	8663 	8658
f 8537 	8658 	8662
f 8685 	8686 	8687
f 8688 	8687 	8686
f 8692 	8687 	8688
f 8691 	8689 	8690
f 8693 	8694 	8687
f 8693 	8687 	8692
f 8694 	8693 	8695
f 8694 	8695 	8696
f 8697 	8698 	8687
f 8685 	8687 	8698
f 8689 	8691 	8697
f 8698 	8697 	8691
f 8708 	8700 	8694
f 8700 	8699 	8694
f 8687 	8694 	8699
f 8687 	8699 	8697
f 8701 	8697 	8699
f 8702 	8689 	8701
f 8697 	8701 	8689
f 8700 	8703 	8699
f 8702 	8701 	8699
f 8702 	8699 	8703
f 8696 	8695 	8704
f 8706 	8696 	8705
f 8705 	8696 	8704
f 8706 	8705 	8662
f 8706 	8662 	8664
f 8713 	8710 	8706
f 8708 	8694 	8696
f 8707 	8708 	8696
f 8703 	8700 	8707
f 8708 	8707 	8700
f 8710 	8709 	8706
f 8696 	8706 	8709
f 8696 	8709 	8707
f 8711 	8707 	8709
f 8712 	8703 	8711
f 8707 	8711 	8703
f 8709 	8710 	8669
f 8712 	8709 	8669
f 8712 	8711 	8709
f 8706 	8664 	8713
f 8713 	8678 	8710
f 8718 	8719 	8702
f 8720 	8718 	8703
f 8712 	8714 	8715
f 8715 	8727 	8712
f 8714 	8712 	8669
f 8714 	8795 	8715
f 8723 	8722 	8689
f 8716 	8799 	8722
f 8725 	8716 	8724
f 8719 	8723 	8702
f 8689 	8702 	8723
f 8702 	8703 	8718
f 8718 	8720 	8719
f 8720 	8721 	8719
f 8723 	8724 	8722
f 8722 	8724 	8716
f 8719 	8721 	8723
f 8725 	8723 	8721
f 8725 	8724 	8723
f 8736 	8716 	8726
f 8731 	8716 	8725
f 8703 	8712 	8727
f 8703 	8727 	8720
f 8728 	8720 	8727
f 8728 	8721 	8720
f 8729 	8721 	8728
f 8715 	8796 	8727
f 8729 	8728 	8727
f 8717 	8737 	8726
f 8716 	8730 	8726
f 8716 	8731 	8730
f 8725 	8721 	8731
f 8726 	8730 	8717
f 8618 	8806 	8738
f 8617 	8618 	8717
f 8686 	8685 	8527
f 8538 	8686 	8527
f 8688 	8686 	8538
f 8691 	8690 	8685
f 8527 	8685 	8690
f 8698 	8691 	8685
f 8732 	8733 	8735
f 8734 	8735 	8733
f 8734 	8733 	8690
f 8734 	8690 	8689
f 8798 	8799 	8734
f 8722 	8798 	8689
f 8734 	8689 	8798
f 8736 	8726 	8737
f 8805 	8811 	8743
f 8811 	8806 	8620
f 8620 	8619 	8811
f 8497 	8498 	8527
f 8732 	8500 	8527
f 8527 	8690 	8732
f 8733 	8732 	8690
f 8538 	8537 	8688
f 8692 	8688 	8537
f 8693 	8692 	8695
f 8704 	8695 	8537
f 8692 	8537 	8695
f 8537 	8662 	8704
f 8662 	8705 	8704
f 8549 	8548 	8661
f 8665 	8661 	8548
f 8668 	8665 	8548
f 8667 	8665 	8668
f 8497 	8741 	8498
f 8500 	8732 	8735
f 8739 	8498 	8741
f 8497 	8501 	8741
f 8740 	8741 	8501
f 8457 	8744 	8458
f 8458 	8742 	8459
f 8455 	8739 	8741
f 8455 	8741 	8457
f 8749 	8744 	8741
f 8457 	8741 	8744
f 8741 	8740 	8749
f 8742 	8458 	8744
f 8745 	8742 	8744
f 8742 	8745 	8750
f 8489 	8751 	8487
f 8612 	8491 	8746
f 8501 	8500 	8740
f 8740 	8747 	8748
f 8807 	8747 	8735
f 8748 	8747 	8807
f 8749 	8740 	8748
f 8745 	8744 	8749
f 8752 	8749 	8748
f 8745 	8749 	8750
f 8751 	8489 	8742
f 8489 	8482 	8742
f 8743 	8487 	8751
f 8742 	8753 	8751
f 8751 	8754 	8743
f 8754 	8805 	8743
f 8810 	8494 	8743
f 8494 	8810 	8492
f 8746 	8492 	8810
f 8735 	8740 	8500
f 8740 	8735 	8747
f 8752 	8748 	8807
f 8750 	8749 	8752
f 8808 	8755 	8750
f 8802 	8752 	8801
f 8754 	8751 	8753
f 8755 	8753 	8750
f 8742 	8750 	8753
f 8642 	8643 	8646
f 8786 	8638 	8791
f 8756 	8643 	8656
f 8637 	8646 	8758
f 8757 	8758 	8646
f 8637 	8758 	8647
f 8648 	8647 	8758
f 8758 	8757 	8760
f 8759 	8758 	8760
f 8648 	8758 	8759
f 8756 	8656 	8657
f 8761 	8646 	8756
f 8760 	8757 	8769
f 8761 	8769 	8757
f 8770 	8764 	8759
f 8764 	8763 	8759
f 8638 	8759 	8763
f 8763 	8765 	8762
f 8763 	8762 	8638
f 8766 	8645 	8765
f 8762 	8765 	8645
f 8764 	8767 	8763
f 8766 	8765 	8763
f 8766 	8763 	8767
f 8657 	8768 	8756
f 8568 	8768 	8565
f 8657 	8565 	8768
f 8756 	8769 	8761
f 8775 	8771 	8768
f 8756 	8772 	8769
f 8770 	8759 	8760
f 8770 	8776 	8764
f 8771 	8772 	8768
f 8756 	8768 	8772
f 8773 	8769 	8772
f 8769 	8773 	8760
f 8774 	8760 	8773
f 8771 	8572 	8772
f 8774 	8773 	8772
f 8774 	8772 	8572
f 8775 	8581 	8771
f 8776 	8770 	8760
f 8767 	8764 	8776
f 8782 	8778 	8774
f 8778 	8777 	8774
f 8760 	8774 	8777
f 8760 	8777 	8776
f 8779 	8776 	8777
f 8774 	8572 	8782
f 8767 	8776 	8779
f 8767 	8779 	8780
f 8777 	8778 	8576
f 8780 	8777 	8576
f 8780 	8779 	8777
f 8782 	8605 	8778
f 8649 	8651 	8781
f 8650 	8781 	8651
f 8629 	8767 	8780
f 8629 	8630 	8767
f 8766 	8784 	8645
f 8783 	8645 	8784
f 8783 	8781 	8645
f 8784 	8767 	8630
f 8766 	8767 	8784
f 8784 	8630 	8783
f 8781 	8783 	8649
f 8630 	8649 	8783
f 8652 	8631 	8683
f 8632 	8797 	8683
f 8631 	8632 	8683
f 8617 	8796 	8632
f 8631 	8652 	8649
f 8634 	8548 	8635
f 8556 	8635 	8548
f 8635 	8556 	8636
f 8640 	8639 	8634
f 8644 	8640 	8634
f 8548 	8634 	8639
f 8670 	8668 	8785
f 8785 	8668 	8654
f 8786 	8785 	8655
f 8654 	8655 	8785
f 8677 	8670 	8785
f 8655 	8639 	8786
f 8638 	8786 	8639
f 8791 	8788 	8786
f 8785 	8684 	8677
f 8788 	8787 	8786
f 8785 	8786 	8787
f 8785 	8787 	8684
f 8789 	8684 	8787
f 8787 	8788 	8645
f 8790 	8789 	8787
f 8790 	8787 	8645
f 8762 	8791 	8638
f 8633 	8560 	8496
f 8559 	8560 	8633
f 8513 	8496 	8560
f 8555 	8558 	8633
f 8599 	8607 	8595
f 8598 	8595 	8607
f 8597 	8598 	8614
f 8613 	8614 	8598
f 8614 	8601 	8597
f 8603 	8792 	8583
f 8586 	8792 	8603
f 8586 	8603 	8590
f 8793 	8794 	8676
f 8675 	8676 	8794
f 8683 	8680 	8793
f 8794 	8793 	8680
f 8793 	8813 	8683
f 8795 	8714 	8669
f 8715 	8795 	8796
f 8729 	8727 	8796
f 8615 	8616 	8721
f 8731 	8721 	8616
f 8721 	8729 	8615
f 8730 	8616 	8717
f 8731 	8616 	8730
f 8617 	8717 	8616
f 8617 	8615 	8796
f 8729 	8796 	8615
f 8682 	8797 	8669
f 8669 	8797 	8653
f 8653 	8795 	8669
f 8797 	8682 	8683
f 8795 	8653 	8796
f 8549 	8659 	8537
f 8537 	8659 	8658
f 8661 	8659 	8549
f 8799 	8800 	8734
f 8735 	8734 	8800
f 8798 	8722 	8799
f 8801 	8807 	8800
f 8807 	8801 	8752
f 8800 	8799 	8716
f 8802 	8800 	8716
f 8802 	8801 	8800
f 8736 	8737 	8802
f 8802 	8716 	8736
f 8804 	8809 	8803
f 8752 	8803 	8809
f 8737 	8803 	8802
f 8752 	8802 	8803
f 8738 	8806 	8804
f 8738 	8804 	8803
f 8738 	8803 	8717
f 8803 	8737 	8717
f 8808 	8750 	8752
f 8805 	8754 	8753
f 8805 	8753 	8806
f 8755 	8806 	8753
f 8735 	8800 	8807
f 8809 	8808 	8752
f 8755 	8808 	8809
f 8755 	8809 	8806
f 8809 	8804 	8806
f 8488 	8743 	8494
f 8619 	8743 	8811
f 8810 	8743 	8619
f 8618 	8620 	8806
f 8806 	8811 	8805
f 8810 	8619 	8746
f 8739 	8455 	8456
f 8499 	8739 	8456
f 8498 	8739 	8499
f 8788 	8791 	8762
f 8788 	8762 	8645
f 8650 	8651 	8790
f 8781 	8650 	8645
f 8651 	8812 	8790
f 8676 	8790 	8812
f 8812 	8813 	8793
f 8676 	8812 	8793
f 8790 	8645 	8650
f 8652 	8683 	8813
f 8651 	8649 	8812
f 8649 	8652 	8812
f 8652 	8813 	8812
# 640 faces

g group_28_11107152

usemtl color_11107152
s 0

f 8504 	8505 	8503
f 8505 	8506 	8503
f 8502 	8503 	8506
f 8502 	8506 	8507
f 8502 	8507 	8508
f 8502 	8508 	8509
f 8502 	8509 	8510
f 8502 	8510 	8511
f 8502 	8511 	8512
f 8502 	8512 	8522
f 8509 	8513 	8510
f 8508 	8514 	8513
f 8508 	8513 	8509
f 8507 	8515 	8514
f 8507 	8514 	8508
f 8515 	8507 	8516
f 8506 	8516 	8507
f 8506 	8505 	8517
f 8506 	8517 	8516
f 8505 	8504 	8518
f 8505 	8518 	8517
f 8503 	8502 	8525
f 8521 	8528 	8520
f 8522 	8530 	8521
f 8504 	8523 	8518
f 8524 	8523 	8503
f 8504 	8503 	8523
f 8503 	8525 	8524
f 8529 	8526 	8522
f 8522 	8526 	8502
f 8525 	8502 	8526
f 8519 	8520 	8528
f 8529 	8522 	8521
f 8534 	8533 	8520
f 8534 	8520 	8535
f 8519 	8535 	8520
f 8528 	8536 	8519
f 8532 	8521 	8531
f 8528 	8521 	8532
f 8531 	8521 	8530
f 8512 	8550 	8522
f 8521 	8533 	8529
f 8521 	8520 	8533
f 8535 	8519 	8536
f 8532 	8536 	8528
f 8544 	8543 	8531
f 8530 	8545 	8531
f 8541 	8522 	8540
f 8530 	8522 	8541
f 8540 	8522 	8539
f 8550 	8542 	8522
f 8532 	8543 	8536
f 8532 	8531 	8543
f 8544 	8531 	8545
f 8546 	8530 	8541
f 8530 	8546 	8545
f 8554 	8547 	8540
f 8541 	8547 	8546
f 8539 	8522 	8542
f 8542 	8551 	8539
f 8557 	8553 	8550
f 8542 	8550 	8553
f 8550 	8512 	8557
f 8558 	8557 	8512
f 8541 	8540 	8547
f 8552 	8554 	8539
f 8540 	8539 	8554
f 8539 	8551 	8552
f 8551 	8542 	8553
f 8558 	8512 	8511
f 8558 	8511 	8559
f 8559 	8511 	8560
f 8510 	8560 	8511
f 8510 	8513 	8560
# 74 faces

 #end of obj_28

o obj_29
v -159.5988 		-10.8084 		41.9452
v -164 		-6.7787 		32.6694
v -157.4503 		-11.5428 		52.1239
v -157.5906 		-11.367 		52.0446
v -157.6577 		-10.4656 		55.7531
v -155.4407 		-8.1488 		36.0079
v -155.0817 		-6.8918 		34.6399
v -153.6048 		-5.8528 		41.9452
v -156.8903 		-8.7597 		41.9452
v -156.757 		-2.8192 		41.9452
v -153.0814 		-7.8833 		52.0439
v -152.3395 		-7.374 		55.7531
v -156.8344 		-9.0313 		43.9926
v -156.6151 		-9.0757 		44.1505
v -155.8521 		-7.873 		49.8986
v -154.2526 		-7.8631 		56.7177
v -153.1622 		-8.0933 		52.123
v -153.9449 		-9.0195 		61.5429
v -159.3367 		-6.5116 		49.8986
v -154.3543 		-8.6597 		61.735
v -154.7759 		-9.308 		58.5563
v -153.7594 		-8.8487 		62.5621
v -155.9761 		-7.2145 		62.5621
v -158.1253 		-9.6555 		49.8986
v -157.0247 		-10.5059 		55.5287
v -154.7715 		-9.5014 		58.6242
v -153.2664 		-10.0739 		68.9264
v -156.9735 		-10.2152 		56.7177
v -155.7099 		-9.6791 		62.5621
v -153.2998 		-10.212 		68.9762
v -155.531 		-10.3437 		66.8648
v -155.0893 		-10.4935 		66.6999
v -155.6536 		-10.9964 		64.1398
v -154.9979 		-10.2968 		67.5743
v -155.5872 		-11.148 		64.1979
v -153.9998 		-10.1582 		71.8702
v -153.9982 		-10.6643 		75.0319
v -154.2086 		-11.1044 		73.0286
v -153.7131 		-10.8551 		74.9107
v -154.1901 		-11.2245 		73.0712
v -155.7055 		-7.687 		32.6694
v -152.3395 		0 		32.6694
v -158.7413 		-15.1269 		41.9452
v -158.5419 		-13.5573 		36.0081
v -159.0715 		-13.5573 		32.6694
v -158.48 		-15.2143 		43.9929
v -158.3317 		-15.0448 		44.1511
v -154.9407 		-14.2589 		14
v -155.0323 		-13.5573 		14
v -154.9407 		-12.8557 		14
v -154.6715 		-12.2016 		14
v -154.2433 		-11.6403 		14
v -153.6859 		-11.2092 		14
v -153.0363 		-10.9381 		14
v -152.3395 		-10.8459 		14
v -151.6427 		-10.9381 		14
v -150.9931 		-11.2092 		14
v -150.4357 		-11.6403 		14
v -152.3395 		-11.224 		20.3591
v -152.9195 		-11.3771 		21.6439
v -153.4313 		-11.6532 		22.623
v -153.9242 		-11.9617 		21.6436
v -154.3463 		-12.3907 		20.3592
v -154.3463 		-12.3907 		20.3591
v -153.0363 		-16.1766 		14
v -153.6859 		-15.9055 		14
v -154.2433 		-15.4743 		14
v -154.6715 		-14.9131 		14
v -154.5047 		-12.9734 		21.6445
v -154.5231 		-13.5573 		22.623
v -154.5047 		-14.1413 		21.6445
v -154.3463 		-14.724 		20.3591
v -164 		-20.336 		32.6694
v -152.3395 		-16.2688 		14
v -154.3463 		-14.724 		20.3592
v -150.4357 		-15.4743 		14
v -150.9931 		-15.9055 		14
v -151.6427 		-16.1766 		14
v -153.9242 		-15.153 		21.6436
v -153.4313 		-15.4614 		22.623
v -152.9195 		-15.7375 		21.6439
v -152.3395 		-15.8907 		20.3591
v -152.3395 		-27.1147 		32.6694
v -155.7055 		-19.4277 		32.6694
v -149.6467 		-13.5573 		14
v -149.7383 		-14.2589 		14
v -150.0075 		-14.9131 		14
v -149.7383 		-12.8557 		14
v -151.7595 		-15.7375 		21.6439
v -151.2477 		-15.4614 		22.623
v -150.7548 		-15.153 		21.6436
v -150.3327 		-14.724 		20.3592
v -150.3327 		-14.724 		20.3591
v -140.679 		-20.336 		32.6694
v -148.9735 		-19.4277 		32.6694
v -150.0075 		-12.2016 		14
v -150.1743 		-12.9734 		21.6445
v -150.1559 		-13.5573 		22.623
v -150.3327 		-12.3907 		20.3591
v -150.1743 		-14.1413 		21.6445
v -140.679 		-6.7787 		32.6694
v -145.6075 		-13.5573 		32.6694
v -150.3327 		-12.3907 		20.3592
v -150.7548 		-11.9617 		21.6436
v -151.2477 		-11.6532 		22.623
v -151.7595 		-11.3771 		21.6439
v -147.9776 		-7.8334 		34.64
v -149.2383 		-8.1488 		36.008
v -146.3456 		-8.6017 		41.9452
v -147.8306 		-10.0734 		52.0439
v -147.0214 		-10.4658 		55.7538
v -148.0513 		-10.1078 		52.1228
v -145.3126 		-4.3363 		41.9452
v -145.6088 		-8.3567 		56.7177
v -150.4885 		-7.1902 		41.9452
v -150.6227 		-7.5882 		44.1501
v -150.6941 		-7.3747 		43.9922
v -146.5783 		-11.1543 		67.5743
v -149.2067 		-7.6522 		49.8986
v -148.3984 		-9.0417 		56.7177
v -149.2394 		-9.8884 		61.5438
v -147.7954 		-12.9547 		75.5524
v -149.9033 		-9.3083 		58.5555
v -149.1347 		-9.3518 		61.7358
v -149 		-9.9648 		62.5621
v -150.0669 		-9.4084 		58.6232
v -148.6885 		-11.1065 		67.5743
v -149.778 		-3.9323 		49.8986
v -148.7029 		-7.2145 		62.5621
v -151.8765 		-6.5611 		49.8986
v -152.0576 		-7.9461 		55.5288
v -149.807 		-11.0073 		68.9262
v -149.2697 		-11.1854 		71.263
v -149.4455 		-11.5466 		71.1218
v -149.29 		-11.6466 		71.8702
v -148.5595 		-9.7511 		71.8702
v -151.7821 		-7.8454 		56.7177
v -153.4469 		-5.0874 		56.7177
v -150.689 		-8.6787 		62.5621
v -151.1713 		-9.1677 		66.8662
v -151.7943 		-9.3872 		64.1393
v -151.0793 		-9.6276 		66.7014
v -150.8649 		-9.6089 		67.5743
v -151.5256 		-7.3325 		67.5743
v -151.8912 		-9.5206 		64.1973
v -150.6808 		-10.6643 		75.0318
v -151.1647 		-10.701 		73.028
v -150.7023 		-11.0087 		74.9105
v -150.2463 		-10.4102 		71.8702
v -150.5464 		-11.0365 		75.5524
v -149.2841 		-12.5167 		75.5524
v -150.5858 		-9.2936 		75.5524
v -152.6217 		-9.1482 		67.5743
v -152.8446 		-9.6942 		71.263
v -152.6217 		-10.0283 		71.1216
v -152.4579 		-9.9426 		71.8702
v -153.7229 		-8.3581 		71.8702
v -153.6112 		-10.7332 		75.5524
v -151.7069 		-10.3728 		75.5524
v -151.2587 		-10.7771 		73.0707
v -152.7016 		-13.9219 		87.1072
v -152.7908 		-13.9061 		86.4125
v -152.3395 		-13.5573 		90
v -152.8345 		-13.4238 		87.1059
v -153.6004 		-12.583 		82.2196
v -152.8656 		-13.3379 		86.4098
v -152.4721 		-13.059 		87.1061
v -152.132 		-11.9706 		82.2196
v -152.3367 		-11.8052 		80.1866
v -152.4138 		-12.9889 		86.4101
v -151.9772 		-13.1925 		87.106
v -150.8313 		-12.6837 		80.1872
v -150.8714 		-12.945 		82.2212
v -151.8876 		-13.2082 		86.409
v -151.8445 		-13.6909 		87.1059
v -151.8134 		-13.7768 		86.4098
v -152.2069 		-14.0557 		87.1061
v -152.2652 		-14.1258 		86.4101
v -148.9735 		-7.687 		32.6694
v -145.0802 		-16.3062 		41.9452
v -145.2354 		-14.4991 		34.64
v -146.1371 		-13.5573 		36.0081
v -140.8951 		-15.0744 		41.9452
v -144.5014 		-16.8267 		56.7177
v -147.0213 		-16.649 		55.7531
v -147.0884 		-15.7476 		52.0446
v -145.9377 		-11.9878 		41.9452
v -146.3473 		-12.0699 		44.1511
v -146.199 		-11.9004 		43.9929
v -147.2287 		-15.5719 		52.1239
v -147.3922 		-17.3798 		67.5743
v -145.6945 		-13.3364 		49.8986
v -146.4858 		-14.7364 		56.7177
v -147.6343 		-14.4265 		61.5435
v -149.5498 		-17.2185 		75.5524
v -150.4889 		-15.8902 		73.0712
v -150.4704 		-16.0102 		73.0286
v -151.0678 		-16.3815 		75.5524
v -152.547 		-15.1441 		82.2196
v -146.5537 		-17.4592 		49.8986
v -147.6543 		-16.6088 		55.5287
v -146.0905 		-10.4627 		49.8986
v -147.3724 		-10.9974 		55.5295
v -151.0742 		-21.2619 		41.9452
v -149.5973 		-20.2229 		34.6399
v -147.922 		-24.2954 		41.9452
v -149.2383 		-18.9659 		36.0079
v -152.3395 		-19.7407 		55.7531
v -151.5976 		-19.2314 		52.0439
v -151.2321 		-22.0273 		56.7177
v -147.7887 		-18.355 		41.9452
v -151.5168 		-19.0214 		52.123
v -148.0639 		-18.0389 		44.1505
v -147.8446 		-18.0834 		43.9926
v -153.1534 		-19.7822 		67.5743
v -148.8269 		-19.2416 		49.8986
v -150.4264 		-19.2516 		56.7177
v -150.3247 		-18.455 		61.735
v -149.9031 		-17.8067 		58.5563
v -150.7341 		-18.0952 		61.5429
v -150.9196 		-18.2659 		62.5621
v -148.7029 		-19.9001 		62.5621
v -149.9075 		-17.6133 		58.6242
v -152.0573 		-17.9665 		67.5743
v -151.8344 		-17.4205 		71.263
v -151.4126 		-17.0408 		68.9264
v -152.0573 		-17.0864 		71.1216
v -152.2211 		-17.172 		71.8702
v -150.9561 		-18.7566 		71.8702
v -148.9691 		-17.4356 		62.5621
v -158.3334 		-18.513 		41.9452
v -156.7014 		-19.2813 		34.64
v -159.3664 		-22.7784 		41.9452
v -155.4407 		-18.9659 		36.008
v -159.0702 		-18.7579 		56.7177
v -157.6576 		-16.6489 		55.7538
v -156.8484 		-17.0412 		52.0439
v -154.1905 		-19.9244 		41.9452
v -154.0563 		-19.5265 		44.1501
v -155.4723 		-19.4625 		49.8986
v -153.9849 		-19.74 		43.9922
v -154.901 		-23.1824 		49.8986
v -156.2806 		-18.073 		56.7177
v -156.6277 		-17.0068 		52.1228
v -155.5443 		-17.7628 		61.7358
v -154.7757 		-17.8063 		58.5555
v -155.4396 		-17.2262 		61.5438
v -155.679 		-17.1499 		62.5621
v -155.9761 		-19.9001 		62.5621
v -152.8025 		-20.5535 		49.8986
v -152.6214 		-19.1686 		55.5288
v -152.8969 		-19.2692 		56.7177
v -153.99 		-18.436 		62.5621
v -154.6122 		-17.7062 		58.6232
v -153.5077 		-17.947 		66.8662
v -152.8847 		-17.7274 		64.1393
v -153.5997 		-17.4871 		66.7014
v -153.8141 		-17.5057 		67.5743
v -152.7878 		-17.5941 		64.1973
v -153.4203 		-16.3376 		73.0707
v -153.5143 		-16.4137 		73.028
v -158.1001 		-15.9604 		67.5743
v -156.8836 		-14.16 		75.5524
v -154.7364 		-16.0675 		68.9763
v -154.872 		-16.1074 		68.9262
v -154.4327 		-16.7044 		71.8702
v -156.1195 		-17.3636 		71.8702
v -155.9905 		-16.0081 		67.5743
v -155.4093 		-15.9293 		71.263
v -155.2335 		-15.568 		71.1218
v -155.389 		-15.468 		71.8702
v -155.3946 		-14.5979 		75.5524
v -153.9981 		-16.4502 		75.0324
v -153.9765 		-16.1059 		74.9113
v -154.1322 		-16.0781 		75.5524
v -153.8073 		-14.1696 		82.2214
v -153.8472 		-14.4306 		80.1896
v -158.5885 		-16.652 		49.8986
v -157.3066 		-16.1173 		55.5295
v -157.5309 		-15.9275 		56.7177
v -161.8983 		-16.1366 		49.8986
v -155.2713 		-14.0048 		73.0703
v -155.3835 		-13.961 		73.0277
v -155.4043 		-13.2542 		75.5524
v -159.4436 		-12.6156 		34.64
v -158.9845 		-13.7783 		49.8986
v -163.7839 		-12.0403 		41.9452
v -160.1776 		-10.288 		56.7177
v -157.2862 		-9.7348 		67.5743
v -158.1932 		-12.3783 		56.7177
v -157.0447 		-12.6882 		61.5435
v -155.1292 		-9.8962 		75.5524
v -157.0438 		-13.6501 		58.6241
v -157.2122 		-13.5573 		58.5562
v -157.5591 		-12.8654 		61.7357
v -157.0988 		-12.4412 		62.5621
v -156.2727 		-11.5988 		67.5743
v -159.6128 		-13.5573 		62.5621
v -155.9144 		-12.0662 		71.2631
v -155.5158 		-12.0389 		71.1216
v -155.7986 		-12.6241 		68.9257
v -142.7807 		-10.9781 		49.8986
v -147.4668 		-13.5573 		58.5562
v -147.1199 		-14.2492 		61.7357
v -147.5802 		-14.6734 		62.5621
v -145.0662 		-13.5573 		62.5621
v -147.6352 		-13.4645 		58.6241
v -148.4058 		-15.5158 		67.5743
v -148.7646 		-15.0485 		71.2631
v -148.8804 		-14.4905 		68.9257
v -149.1628 		-15.0757 		71.1217
v -149.1711 		-15.2615 		71.8702
v -147.1761 		-14.9504 		71.8702
v -147.1481 		-11.1872 		56.7177
v -147.3187 		-12.5573 		62.5621
v -148.9822 		-14.3926 		68.9754
v -148.4801 		-11.9476 		64.1391
v -147.9798 		-12.3809 		66.8653
v -148.3296 		-12.6913 		66.7004
v -148.2062 		-12.8692 		67.5743
v -148.6434 		-11.9297 		64.1972
v -148.586 		-13.809 		71.8702
v -149.022 		-13.5573 		75.0318
v -149.2955 		-13.1537 		73.0277
v -149.3287 		-13.7106 		74.9105
v -149.2747 		-13.8604 		75.5524
v -149.9171 		-15.7014 		75.5524
v -149.4077 		-13.1098 		73.0704
v -151.079 		-14.5312 		82.222
v -150.8345 		-14.4356 		80.19
v -145.3423 		-20.6031 		49.8986
v -147.7055 		-16.8994 		56.7177
v -149.148 		-16.7709 		66.865
v -149.0254 		-16.1179 		64.1388
v -149.5898 		-16.6211 		66.7001
v -149.6811 		-16.8178 		67.5743
v -149.0916 		-15.9668 		64.1968
v -149.9426 		-11.0472 		68.9763
v -150.6792 		-16.9565 		71.8702
v -151.3792 		-16.9027 		68.9762
v -152.9721 		-16.7419 		75.5524
v -154.0932 		-17.8211 		75.5524
v -152.3423 		-15.3095 		80.1866
v -156.0356 		-15.185 		64.1973
v -156.1986 		-15.1672 		64.1393
v -156.6991 		-14.7337 		66.8656
v -156.3494 		-14.4233 		66.7004
v -156.4729 		-14.2454 		67.5743
v -155.657 		-13.5573 		75.0318
v -155.3503 		-13.4041 		74.9105
v -155.5075 		-11.8531 		71.8702
v -157.5029 		-12.1643 		71.8702
v -157.3603 		-14.5574 		62.5621
v -155.6968 		-12.722 		68.9754
v -156.093 		-13.3056 		71.8702
v -154.762 		-11.4132 		75.5524
v -153.8452 		-12.6787 		80.1857
v -150.6808 		-16.4504 		75.0319
v -150.9659 		-16.2595 		74.9107
# 359 vertices

g group_29_1206582

usemtl color_1206582
s 0

f 8816 	8817 	8814
f 8814 	8818 	8815
f 8818 	8814 	8817
f 8823 	8820 	8819
f 8823 	8821 	8820
f 8833 	8829 	8823
f 8824 	8951 	8825
f 8828 	8823 	8827
f 8823 	8819 	8822
f 8822 	8827 	8823
f 8826 	8828 	8827
f 8821 	8823 	8830
f 8829 	8830 	8823
f 8823 	8828 	8833
f 8951 	8824 	8829
f 8830 	8829 	8824
f 8829 	8831 	8951
f 8839 	8834 	8828
f 8829 	8833 	8831
f 8835 	8951 	8831
f 8835 	8831 	8833
f 8832 	8828 	8826
f 8837 	8832 	8826
f 8833 	8828 	8834
f 8839 	8828 	8832
f 8832 	8842 	8839
f 8834 	8836 	8833
f 8836 	8835 	8833
f 8838 	8832 	8837
f 8841 	8832 	8838
f 8836 	8834 	8842
f 8839 	8842 	8834
f 8840 	8967 	8835
f 8843 	8840 	8835
f 8843 	8835 	8836
f 8838 	8818 	8841
f 8841 	8818 	9101
f 8848 	8846 	8841
f 8832 	8844 	8842
f 8846 	8844 	8841
f 8847 	8836 	8845
f 8843 	8849 	8840
f 8842 	8844 	8845
f 8832 	8841 	8844
f 8842 	8845 	8836
f 8847 	8845 	8844
f 8847 	8844 	9102
f 8844 	8846 	9102
f 8836 	8849 	8843
f 8851 	8850 	8847
f 8836 	8847 	8850
f 8850 	8852 	8849
f 8850 	8849 	8836
f 8851 	9105 	8850
f 8852 	8850 	8971
f 8847 	8853 	8851
f 8820 	8854 	8819
f 8855 	8854 	8820
f 8821 	8855 	8820
f 8824 	8825 	8821
f 8855 	8821 	8825
f 8821 	8830 	8824
f 8854 	8815 	8819
f 8819 	8815 	8822
f 8827 	8822 	8826
f 8815 	8837 	8826
f 8826 	8822 	8815
f 8837 	8815 	8818
f 8838 	8837 	8818
f 8858 	8886 	8857
f 8860 	8856 	8859
f 8886 	8859 	8856
f 8874 	8875 	8854
f 8815 	8854 	8875
f 8875 	8876 	8815
f 8877 	8815 	8876
f 8883 	8884 	8858
f 8886 	8858 	8884
f 8884 	8885 	8886
f 8885 	8888 	8886
f 8858 	8815 	8882
f 8883 	8858 	8882
f 8882 	8815 	8877
f 8872 	8873 	8855
f 8874 	8854 	8873
f 8854 	8855 	8873
f 8897 	8893 	8894
f 8896 	8897 	8894
f 8894 	8895 	8896
f 8903 	8904 	8908
f 8907 	8908 	8904
f 8904 	8905 	8907
f 8905 	8906 	8907
f 8907 	8913 	8915
f 8896 	8902 	8908
f 8902 	8896 	8895
f 8903 	8908 	8902
f 8897 	8886 	8892
f 8897 	8892 	8893
f 8888 	8892 	8886
f 8911 	8910 	8915
f 8914 	8915 	8910
f 8912 	8914 	8910
f 8912 	8916 	8914
f 8916 	8917 	8914
f 8918 	8992 	8917
f 8911 	8915 	8913
f 8906 	8913 	8907
f 8928 	8926 	8921
f 8923 	8927 	8924
f 8920 	8926 	8922
f 8920 	8921 	8926
f 8929 	8926 	8928
f 8932 	8926 	8929
f 8922 	8926 	8925
f 8925 	8933 	8923
f 8930 	8932 	8929
f 8927 	8923 	8933
f 9134 	9127 	8927
f 8926 	8933 	8925
f 8939 	8936 	8932
f 8926 	8937 	8933
f 8933 	8934 	8927
f 8938 	8927 	8934
f 8931 	9130 	8940
f 8941 	8930 	8943
f 8926 	8932 	8937
f 8936 	8937 	8932
f 8934 	8933 	8937
f 8937 	8936 	8942
f 8938 	8937 	8942
f 8934 	8937 	8938
f 8936 	8939 	8952
f 8952 	8942 	8936
f 9151 	8945 	8938
f 8940 	9134 	8927
f 8927 	8946 	8940
f 8948 	8931 	8947
f 8930 	8941 	8932
f 8952 	8939 	8941
f 8939 	8932 	8941
f 8943 	8944 	8941
f 8942 	9151 	8938
f 8945 	8946 	8938
f 8927 	8938 	8946
f 8947 	8940 	8946
f 8940 	8947 	8931
f 8945 	8949 	8946
f 8948 	8946 	8949
f 8947 	8946 	8948
f 8944 	8950 	8941
f 8950 	8944 	8825
f 8950 	8825 	8951
f 8958 	8954 	8950
f 8954 	8953 	8950
f 8941 	8950 	8953
f 8953 	8955 	8952
f 8953 	8952 	8941
f 8956 	8942 	8955
f 8952 	8955 	8942
f 8954 	8957 	8953
f 8956 	8955 	8953
f 8956 	8953 	8957
f 8960 	8959 	8956
f 8942 	8956 	8959
f 8959 	8961 	8962
f 8959 	8962 	8942
f 8949 	8962 	8961
f 8949 	8961 	8963
f 9141 	8931 	8964
f 8960 	8965 	8959
f 8963 	8959 	8965
f 8961 	8959 	8963
f 8966 	8958 	8951
f 8958 	8950 	8951
f 8951 	8835 	8967
f 8967 	8968 	8966
f 8967 	8966 	8951
f 8969 	8957 	8968
f 8957 	8966 	8968
f 8840 	8970 	8967
f 8969 	8967 	8970
f 8969 	8968 	8967
f 8840 	8849 	8970
f 8971 	8970 	8852
f 8849 	8852 	8970
f 8960 	8973 	8972
f 8960 	8972 	8965
f 8935 	9137 	8964
f 8976 	9105 	8979
f 8978 	8979 	9105
f 9097 	9076 	8977
f 8979 	8977 	8976
f 8975 	8974 	8976
f 8980 	8970 	8971
f 8983 	8982 	8970
f 8980 	8983 	8970
f 8969 	8982 	8957
f 8981 	8957 	8982
f 8981 	8972 	8957
f 8982 	8969 	8970
f 8976 	8965 	8983
f 8981 	8983 	8965
f 8982 	8983 	8981
f 8972 	8981 	8965
f 8984 	8949 	8963
f 8948 	8985 	8931
f 8986 	8931 	8985
f 8986 	8964 	8931
f 8985 	8949 	8987
f 8948 	8949 	8985
f 8984 	8987 	8949
f 8985 	8987 	8986
f 8935 	8986 	8987
f 8935 	8987 	8976
f 8964 	8986 	8935
f 8976 	8988 	8935
f 8965 	8976 	8984
f 8984 	8963 	8965
f 8987 	8984 	8976
f 8971 	9105 	8980
f 8976 	8980 	9105
f 8976 	8983 	8980
f 8976 	9008 	8989
f 8976 	8991 	8990
f 8976 	8990 	9008
f 8989 	8988 	8976
f 9139 	8935 	8988
f 8921 	8920 	8992
f 8992 	8920 	8914
f 8922 	8914 	8920
f 8923 	8924 	8922
f 8925 	8923 	8922
f 8914 	8922 	8924
f 8993 	8994 	8996
f 8994 	8995 	8996
f 9000 	8996 	8995
f 8993 	8996 	9003
f 8999 	8997 	8998
f 9000 	9001 	8996
f 8999 	9006 	8997
f 9003 	9006 	8999
f 9005 	8996 	9001
f 9115 	9005 	9002
f 9120 	9116 	9005
f 9003 	8996 	9006
f 9006 	9007 	8997
f 9118 	8997 	9007
f 9156 	8991 	9012
f 9012 	8991 	9155
f 8998 	9013 	8907
f 9013 	9027 	8907
f 8998 	9014 	9013
f 8995 	8915 	8914
f 9001 	9000 	9002
f 9000 	8914 	9002
f 9000 	8995 	8914
f 9002 	8914 	9015
f 8924 	9016 	9015
f 8924 	9015 	8914
f 8943 	8930 	8855
f 8855 	8825 	8943
f 8944 	8943 	8825
f 8855 	8930 	8928
f 8929 	8928 	8930
f 8928 	8921 	8855
f 8855 	8921 	8992
f 9017 	9018 	9019
f 9018 	9020 	9019
f 9022 	9023 	9021
f 9019 	9020 	9024
f 9024 	9026 	9019
f 9025 	9017 	9019
f 9025 	9030 	9022
f 9026 	9029 	9019
f 9023 	9022 	9030
f 9026 	9027 	9029
f 9030 	9025 	9019
f 9036 	9032 	9029
f 9032 	9031 	9029
f 9019 	9029 	9031
f 9031 	9033 	9030
f 9031 	9030 	9019
f 9034 	9023 	9033
f 9030 	9033 	9023
f 9032 	9035 	9031
f 9034 	9033 	9031
f 9034 	9031 	9035
f 9036 	9043 	9032
f 9023 	9037 	9072
f 9028 	9069 	9037
f 9153 	9039 	9034
f 9039 	9038 	9034
f 9023 	9034 	9038
f 9023 	9038 	9037
f 9040 	9037 	9038
f 9041 	9028 	9040
f 9037 	9040 	9028
f 9039 	9042 	9038
f 9041 	9038 	9042
f 9041 	9040 	9038
f 9035 	9032 	9043
f 9149 	9035 	9148
f 9043 	9148 	9035
f 9022 	9021 	9017
f 9025 	9022 	9017
f 8896 	9017 	9021
f 9044 	9045 	9046
f 9047 	9046 	9045
f 9051 	9046 	9047
f 9050 	9048 	9049
f 9052 	9053 	9046
f 9052 	9046 	9051
f 9053 	9052 	9054
f 9053 	9054 	9055
f 9056 	9057 	9046
f 9044 	9046 	9057
f 9048 	9050 	9056
f 9057 	9056 	9050
f 9067 	9059 	9053
f 9059 	9058 	9053
f 9046 	9053 	9058
f 9046 	9058 	9056
f 9060 	9056 	9058
f 9061 	9048 	9060
f 9056 	9060 	9048
f 9059 	9062 	9058
f 9061 	9060 	9058
f 9061 	9058 	9062
f 9055 	9054 	9063
f 9065 	9055 	9064
f 9064 	9055 	9063
f 9065 	9064 	9021
f 9065 	9021 	9023
f 9072 	9069 	9065
f 9067 	9053 	9055
f 9066 	9067 	9055
f 9062 	9059 	9066
f 9067 	9066 	9059
f 9069 	9068 	9065
f 9055 	9065 	9068
f 9055 	9068 	9066
f 9070 	9066 	9068
f 9071 	9062 	9070
f 9066 	9070 	9062
f 9068 	9069 	9028
f 9071 	9068 	9028
f 9071 	9070 	9068
f 9065 	9023 	9072
f 9072 	9037 	9069
f 9077 	9078 	9061
f 9079 	9077 	9062
f 9071 	9073 	9074
f 9074 	9086 	9071
f 9073 	9071 	9028
f 9073 	9154 	9074
f 9082 	9081 	9048
f 9075 	9158 	9081
f 9084 	9075 	9083
f 9078 	9082 	9061
f 9048 	9061 	9082
f 9061 	9062 	9077
f 9077 	9079 	9078
f 9079 	9080 	9078
f 9082 	9083 	9081
f 9081 	9083 	9075
f 9078 	9080 	9082
f 9084 	9082 	9080
f 9084 	9083 	9082
f 9095 	9075 	9085
f 9090 	9075 	9084
f 9062 	9071 	9086
f 9062 	9086 	9079
f 9087 	9079 	9086
f 9087 	9080 	9079
f 9088 	9080 	9087
f 9074 	9155 	9086
f 9088 	9087 	9086
f 9076 	9096 	9085
f 9075 	9089 	9085
f 9075 	9090 	9089
f 9084 	9080 	9090
f 9085 	9089 	9076
f 8977 	9165 	9097
f 8976 	8977 	9076
f 9045 	9044 	8886
f 8897 	9045 	8886
f 9047 	9045 	8897
f 9050 	9049 	9044
f 8886 	9044 	9049
f 9057 	9050 	9044
f 9091 	9092 	9094
f 9093 	9094 	9092
f 9093 	9092 	9049
f 9093 	9049 	9048
f 9157 	9158 	9093
f 9081 	9157 	9048
f 9093 	9048 	9157
f 9095 	9085 	9096
f 9164 	9170 	9102
f 9170 	9165 	8979
f 8979 	8978 	9170
f 8856 	8857 	8886
f 9091 	8859 	8886
f 8886 	9049 	9091
f 9092 	9091 	9049
f 8897 	8896 	9047
f 9051 	9047 	8896
f 9052 	9051 	9054
f 9063 	9054 	8896
f 9051 	8896 	9054
f 8896 	9021 	9063
f 9021 	9064 	9063
f 8908 	8907 	9020
f 9024 	9020 	8907
f 9027 	9024 	8907
f 9026 	9024 	9027
f 8856 	9100 	8857
f 8859 	9091 	9094
f 9098 	8857 	9100
f 8856 	8860 	9100
f 9099 	9100 	8860
f 8816 	9103 	8817
f 8817 	9101 	8818
f 8814 	9098 	9100
f 8814 	9100 	8816
f 9108 	9103 	9100
f 8816 	9100 	9103
f 9100 	9099 	9108
f 9101 	8817 	9103
f 9104 	9101 	9103
f 9101 	9104 	9109
f 8848 	9110 	8846
f 8971 	8850 	9105
f 8860 	8859 	9099
f 9099 	9106 	9107
f 9166 	9106 	9094
f 9107 	9106 	9166
f 9108 	9099 	9107
f 9104 	9103 	9108
f 9111 	9108 	9107
f 9104 	9108 	9109
f 9110 	8848 	9101
f 8848 	8841 	9101
f 9102 	8846 	9110
f 9101 	9112 	9110
f 9110 	9113 	9102
f 9113 	9164 	9102
f 9169 	8853 	9102
f 8853 	9169 	8851
f 9105 	8851 	9169
f 9094 	9099 	8859
f 9099 	9094 	9106
f 9111 	9107 	9166
f 9109 	9108 	9111
f 9167 	9114 	9109
f 9161 	9111 	9160
f 9113 	9110 	9112
f 9114 	9112 	9109
f 9101 	9109 	9112
f 9001 	9002 	9005
f 9145 	8997 	9150
f 9115 	9002 	9015
f 8996 	9005 	9117
f 9116 	9117 	9005
f 8996 	9117 	9006
f 9007 	9006 	9117
f 9117 	9116 	9119
f 9118 	9117 	9119
f 9007 	9117 	9118
f 9115 	9015 	9016
f 9120 	9005 	9115
f 9119 	9116 	9128
f 9120 	9128 	9116
f 9129 	9123 	9118
f 9123 	9122 	9118
f 8997 	9118 	9122
f 9122 	9124 	9121
f 9122 	9121 	8997
f 9125 	9004 	9124
f 9121 	9124 	9004
f 9123 	9126 	9122
f 9125 	9124 	9122
f 9125 	9122 	9126
f 9016 	9127 	9115
f 8927 	9127 	8924
f 9016 	8924 	9127
f 9115 	9128 	9120
f 9134 	9130 	9127
f 9115 	9131 	9128
f 9129 	9118 	9119
f 9129 	9135 	9123
f 9130 	9131 	9127
f 9115 	9127 	9131
f 9132 	9128 	9131
f 9128 	9132 	9119
f 9133 	9119 	9132
f 9130 	8931 	9131
f 9133 	9132 	9131
f 9133 	9131 	8931
f 9134 	8940 	9130
f 9135 	9129 	9119
f 9126 	9123 	9135
f 9141 	9137 	9133
f 9137 	9136 	9133
f 9119 	9133 	9136
f 9119 	9136 	9135
f 9138 	9135 	9136
f 9133 	8931 	9141
f 9126 	9135 	9138
f 9126 	9138 	9139
f 9136 	9137 	8935
f 9139 	9136 	8935
f 9139 	9138 	9136
f 9141 	8964 	9137
f 9008 	9010 	9140
f 9009 	9140 	9010
f 8988 	9126 	9139
f 8988 	8989 	9126
f 9125 	9143 	9004
f 9142 	9004 	9143
f 9142 	9140 	9004
f 9143 	9126 	8989
f 9125 	9126 	9143
f 9143 	8989 	9142
f 9140 	9142 	9008
f 8989 	9008 	9142
f 9011 	8990 	9042
f 8991 	9156 	9042
f 8990 	8991 	9042
f 8976 	9155 	8991
f 8990 	9011 	9008
f 8993 	8907 	8994
f 8915 	8994 	8907
f 8994 	8915 	8995
f 8999 	8998 	8993
f 9003 	8999 	8993
f 8907 	8993 	8998
f 9029 	9027 	9144
f 9144 	9027 	9013
f 9145 	9144 	9014
f 9013 	9014 	9144
f 9036 	9029 	9144
f 9014 	8998 	9145
f 8997 	9145 	8998
f 9150 	9147 	9145
f 9144 	9043 	9036
f 9147 	9146 	9145
f 9144 	9145 	9146
f 9144 	9146 	9043
f 9148 	9043 	9146
f 9146 	9147 	9004
f 9149 	9148 	9146
f 9149 	9146 	9004
f 9121 	9150 	8997
f 8992 	8919 	8855
f 8918 	8919 	8992
f 8872 	8855 	8919
f 8914 	8917 	8992
f 8958 	8966 	8954
f 8957 	8954 	8966
f 8956 	8957 	8973
f 8972 	8973 	8957
f 8973 	8960 	8956
f 8962 	9151 	8942
f 8945 	9151 	8962
f 8945 	8962 	8949
f 9152 	9153 	9035
f 9034 	9035 	9153
f 9042 	9039 	9152
f 9153 	9152 	9039
f 9152 	9172 	9042
f 9154 	9073 	9028
f 9074 	9154 	9155
f 9088 	9086 	9155
f 8974 	8975 	9080
f 9090 	9080 	8975
f 9080 	9088 	8974
f 9089 	8975 	9076
f 9090 	8975 	9089
f 8976 	9076 	8975
f 8976 	8974 	9155
f 9088 	9155 	8974
f 9041 	9156 	9028
f 9028 	9156 	9012
f 9012 	9154 	9028
f 9156 	9041 	9042
f 9154 	9012 	9155
f 8908 	9018 	8896
f 8896 	9018 	9017
f 9020 	9018 	8908
f 9158 	9159 	9093
f 9094 	9093 	9159
f 9157 	9081 	9158
f 9160 	9166 	9159
f 9166 	9160 	9111
f 9159 	9158 	9075
f 9161 	9159 	9075
f 9161 	9160 	9159
f 9095 	9096 	9161
f 9161 	9075 	9095
f 9163 	9168 	9162
f 9111 	9162 	9168
f 9096 	9162 	9161
f 9111 	9161 	9162
f 9097 	9165 	9163
f 9097 	9163 	9162
f 9097 	9162 	9076
f 9162 	9096 	9076
f 9167 	9109 	9111
f 9164 	9113 	9112
f 9164 	9112 	9165
f 9114 	9165 	9112
f 9094 	9159 	9166
f 9168 	9167 	9111
f 9114 	9167 	9168
f 9114 	9168 	9165
f 9168 	9163 	9165
f 8847 	9102 	8853
f 8978 	9102 	9170
f 9169 	9102 	8978
f 8977 	8979 	9165
f 9165 	9170 	9164
f 9169 	8978 	9105
f 9098 	8814 	8815
f 8858 	9098 	8815
f 8857 	9098 	8858
f 9147 	9150 	9121
f 9147 	9121 	9004
f 9009 	9010 	9149
f 9140 	9009 	9004
f 9010 	9171 	9149
f 9035 	9149 	9171
f 9171 	9172 	9152
f 9035 	9171 	9152
f 9149 	9004 	9009
f 9011 	9042 	9172
f 9010 	9008 	9171
f 9008 	9011 	9171
f 9011 	9172 	9171
# 640 faces

g group_29_11107152

usemtl color_11107152
s 0

f 8863 	8864 	8862
f 8864 	8865 	8862
f 8861 	8862 	8865
f 8861 	8865 	8866
f 8861 	8866 	8867
f 8861 	8867 	8868
f 8861 	8868 	8869
f 8861 	8869 	8870
f 8861 	8870 	8871
f 8861 	8871 	8881
f 8868 	8872 	8869
f 8867 	8873 	8872
f 8867 	8872 	8868
f 8866 	8874 	8873
f 8866 	8873 	8867
f 8874 	8866 	8875
f 8865 	8875 	8866
f 8865 	8864 	8876
f 8865 	8876 	8875
f 8864 	8863 	8877
f 8864 	8877 	8876
f 8862 	8861 	8884
f 8880 	8887 	8879
f 8881 	8889 	8880
f 8863 	8882 	8877
f 8883 	8882 	8862
f 8863 	8862 	8882
f 8862 	8884 	8883
f 8888 	8885 	8881
f 8881 	8885 	8861
f 8884 	8861 	8885
f 8878 	8879 	8887
f 8888 	8881 	8880
f 8893 	8892 	8879
f 8893 	8879 	8894
f 8878 	8894 	8879
f 8887 	8895 	8878
f 8891 	8880 	8890
f 8887 	8880 	8891
f 8890 	8880 	8889
f 8871 	8909 	8881
f 8880 	8892 	8888
f 8880 	8879 	8892
f 8894 	8878 	8895
f 8891 	8895 	8887
f 8903 	8902 	8890
f 8889 	8904 	8890
f 8900 	8881 	8899
f 8889 	8881 	8900
f 8899 	8881 	8898
f 8909 	8901 	8881
f 8891 	8902 	8895
f 8891 	8890 	8902
f 8903 	8890 	8904
f 8905 	8889 	8900
f 8889 	8905 	8904
f 8913 	8906 	8899
f 8900 	8906 	8905
f 8898 	8881 	8901
f 8901 	8910 	8898
f 8916 	8912 	8909
f 8901 	8909 	8912
f 8909 	8871 	8916
f 8917 	8916 	8871
f 8900 	8899 	8906
f 8911 	8913 	8898
f 8899 	8898 	8913
f 8898 	8910 	8911
f 8910 	8901 	8912
f 8917 	8871 	8870
f 8917 	8870 	8918
f 8918 	8870 	8919
f 8869 	8919 	8870
f 8869 	8872 	8919
# 74 faces

 #end of obj_29

o obj_30
v -167.5988 		-33.6938 		41.9452
v -172 		-29.664 		32.6694
v -165.4503 		-34.4281 		52.1239
v -165.5906 		-34.2524 		52.0446
v -165.6577 		-33.351 		55.7531
v -163.4407 		-31.0341 		36.0079
v -163.0817 		-29.7771 		34.6399
v -161.6048 		-28.7381 		41.9452
v -164.8903 		-31.645 		41.9452
v -164.757 		-25.7046 		41.9452
v -161.0814 		-30.7686 		52.0439
v -160.3395 		-30.2593 		55.7531
v -164.8344 		-31.9166 		43.9926
v -164.6151 		-31.9611 		44.1505
v -163.8521 		-30.7584 		49.8986
v -162.2526 		-30.7484 		56.7177
v -161.1622 		-30.9786 		52.123
v -161.9449 		-31.9048 		61.5429
v -167.3367 		-29.3969 		49.8986
v -162.3543 		-31.545 		61.735
v -162.7759 		-32.1933 		58.5563
v -161.7594 		-31.7341 		62.5621
v -163.9761 		-30.0999 		62.5621
v -166.1253 		-32.5408 		49.8986
v -165.0247 		-33.3912 		55.5287
v -162.7715 		-32.3867 		58.6242
v -161.2664 		-32.9592 		68.9264
v -164.9735 		-33.1006 		56.7177
v -163.7099 		-32.5644 		62.5621
v -161.2998 		-33.0973 		68.9762
v -163.531 		-33.229 		66.8648
v -163.0893 		-33.3788 		66.6999
v -163.6536 		-33.8818 		64.1398
v -162.9979 		-33.1821 		67.5743
v -163.5872 		-34.0334 		64.1979
v -161.9998 		-33.0435 		71.8702
v -161.9982 		-33.5496 		75.0319
v -162.2086 		-33.9898 		73.0286
v -161.7131 		-33.7405 		74.9107
v -162.1901 		-34.1098 		73.0712
v -163.7055 		-30.5723 		32.6694
v -160.3395 		-22.8853 		32.6694
v -166.7413 		-38.0122 		41.9452
v -166.5419 		-36.4427 		36.0081
v -167.0715 		-36.4427 		32.6694
v -166.48 		-38.0996 		43.9929
v -166.3317 		-37.9301 		44.1511
v -162.9407 		-37.1443 		14
v -163.0323 		-36.4427 		14
v -162.9407 		-35.7411 		14
v -162.6715 		-35.0869 		14
v -162.2433 		-34.5257 		14
v -161.6859 		-34.0945 		14
v -161.0363 		-33.8234 		14
v -160.3395 		-33.7312 		14
v -159.6427 		-33.8234 		14
v -158.9931 		-34.0945 		14
v -158.4357 		-34.5257 		14
v -160.3395 		-34.1093 		20.3591
v -160.9195 		-34.2625 		21.6439
v -161.4313 		-34.5386 		22.623
v -161.9242 		-34.847 		21.6436
v -162.3463 		-35.276 		20.3592
v -162.3463 		-35.276 		20.3591
v -161.0363 		-39.0619 		14
v -161.6859 		-38.7908 		14
v -162.2433 		-38.3597 		14
v -162.6715 		-37.7984 		14
v -162.5047 		-35.8587 		21.6445
v -162.5231 		-36.4427 		22.623
v -162.5047 		-37.0266 		21.6445
v -162.3463 		-37.6093 		20.3591
v -172 		-43.2213 		32.6694
v -160.3395 		-39.1541 		14
v -162.3463 		-37.6093 		20.3592
v -158.4357 		-38.3597 		14
v -158.9931 		-38.7908 		14
v -159.6427 		-39.0619 		14
v -161.9242 		-38.0383 		21.6436
v -161.4313 		-38.3468 		22.623
v -160.9195 		-38.6229 		21.6439
v -160.3395 		-38.776 		20.3591
v -160.3395 		-50 		32.6694
v -163.7055 		-42.313 		32.6694
v -157.6467 		-36.4427 		14
v -157.7383 		-37.1443 		14
v -158.0075 		-37.7984 		14
v -157.7383 		-35.7411 		14
v -159.7595 		-38.6229 		21.6439
v -159.2477 		-38.3468 		22.623
v -158.7548 		-38.0383 		21.6436
v -158.3327 		-37.6093 		20.3592
v -158.3327 		-37.6093 		20.3591
v -148.679 		-43.2213 		32.6694
v -156.9735 		-42.313 		32.6694
v -158.0075 		-35.0869 		14
v -158.1743 		-35.8587 		21.6445
v -158.1559 		-36.4427 		22.623
v -158.3327 		-35.276 		20.3591
v -158.1743 		-37.0266 		21.6445
v -148.679 		-29.664 		32.6694
v -153.6075 		-36.4427 		32.6694
v -158.3327 		-35.276 		20.3592
v -158.7548 		-34.847 		21.6436
v -159.2477 		-34.5386 		22.623
v -159.7595 		-34.2625 		21.6439
v -155.9776 		-30.7187 		34.64
v -157.2383 		-31.0341 		36.008
v -154.3456 		-31.487 		41.9452
v -155.8306 		-32.9588 		52.0439
v -155.0214 		-33.3511 		55.7538
v -156.0513 		-32.9932 		52.1228
v -153.3126 		-27.2216 		41.9452
v -153.6088 		-31.2421 		56.7177
v -158.4885 		-30.0756 		41.9452
v -158.6227 		-30.4735 		44.1501
v -158.6941 		-30.26 		43.9922
v -154.5783 		-34.0396 		67.5743
v -157.2067 		-30.5375 		49.8986
v -156.3984 		-31.927 		56.7177
v -157.2394 		-32.7738 		61.5438
v -155.7954 		-35.84 		75.5524
v -157.9033 		-32.1937 		58.5555
v -157.1347 		-32.2372 		61.7358
v -157 		-32.8501 		62.5621
v -158.0669 		-32.2938 		58.6232
v -156.6885 		-33.9919 		67.5743
v -157.778 		-26.8176 		49.8986
v -156.7029 		-30.0999 		62.5621
v -159.8765 		-29.4465 		49.8986
v -160.0576 		-30.8314 		55.5288
v -157.807 		-33.8926 		68.9262
v -157.2697 		-34.0707 		71.263
v -157.4455 		-34.432 		71.1218
v -157.29 		-34.532 		71.8702
v -156.5595 		-32.6364 		71.8702
v -159.7821 		-30.7308 		56.7177
v -161.4469 		-27.9727 		56.7177
v -158.689 		-31.564 		62.5621
v -159.1713 		-32.053 		66.8662
v -159.7943 		-32.2726 		64.1393
v -159.0793 		-32.5129 		66.7014
v -158.8649 		-32.4943 		67.5743
v -159.5256 		-30.2178 		67.5743
v -159.8912 		-32.4059 		64.1973
v -158.6808 		-33.5496 		75.0318
v -159.1647 		-33.5863 		73.028
v -158.7023 		-33.894 		74.9105
v -158.2463 		-33.2956 		71.8702
v -158.5464 		-33.9218 		75.5524
v -157.2841 		-35.4021 		75.5524
v -158.5858 		-32.1789 		75.5524
v -160.6217 		-32.0335 		67.5743
v -160.8446 		-32.5795 		71.263
v -160.6217 		-32.9136 		71.1216
v -160.4579 		-32.828 		71.8702
v -161.7229 		-31.2434 		71.8702
v -161.6112 		-33.6185 		75.5524
v -159.7069 		-33.2581 		75.5524
v -159.2587 		-33.6624 		73.0707
v -160.7016 		-36.8073 		87.1072
v -160.7908 		-36.7914 		86.4125
v -160.3395 		-36.4427 		90
v -160.8345 		-36.3091 		87.1059
v -161.6004 		-35.4683 		82.2196
v -160.8656 		-36.2232 		86.4098
v -160.4721 		-35.9443 		87.1061
v -160.132 		-34.8559 		82.2196
v -160.3367 		-34.6905 		80.1866
v -160.4138 		-35.8742 		86.4101
v -159.9772 		-36.0778 		87.106
v -158.8313 		-35.5691 		80.1872
v -158.8714 		-35.8303 		82.2212
v -159.8876 		-36.0936 		86.409
v -159.8445 		-36.5762 		87.1059
v -159.8134 		-36.6621 		86.4098
v -160.2069 		-36.941 		87.1061
v -160.2652 		-37.0111 		86.4101
v -156.9735 		-30.5723 		32.6694
v -153.0802 		-39.1916 		41.9452
v -153.2354 		-37.3844 		34.64
v -154.1371 		-36.4427 		36.0081
v -148.8951 		-37.9597 		41.9452
v -152.5014 		-39.712 		56.7177
v -155.0213 		-39.5344 		55.7531
v -155.0884 		-38.633 		52.0446
v -153.9377 		-34.8731 		41.9452
v -154.3473 		-34.9552 		44.1511
v -154.199 		-34.7857 		43.9929
v -155.2287 		-38.4572 		52.1239
v -155.3922 		-40.2652 		67.5743
v -153.6945 		-36.2217 		49.8986
v -154.4858 		-37.6217 		56.7177
v -155.6343 		-37.3118 		61.5435
v -157.5498 		-40.1038 		75.5524
v -158.4889 		-38.7755 		73.0712
v -158.4704 		-38.8956 		73.0286
v -159.0678 		-39.2668 		75.5524
v -160.547 		-38.0294 		82.2196
v -154.5537 		-40.3445 		49.8986
v -155.6543 		-39.4941 		55.5287
v -154.0905 		-33.348 		49.8986
v -155.3724 		-33.8827 		55.5295
v -159.0742 		-44.1472 		41.9452
v -157.5973 		-43.1082 		34.6399
v -155.922 		-47.1808 		41.9452
v -157.2383 		-41.8512 		36.0079
v -160.3395 		-42.626 		55.7531
v -159.5976 		-42.1167 		52.0439
v -159.2321 		-44.9126 		56.7177
v -155.7887 		-41.2403 		41.9452
v -159.5168 		-41.9067 		52.123
v -156.0639 		-40.9243 		44.1505
v -155.8446 		-40.9687 		43.9926
v -161.1534 		-42.6675 		67.5743
v -156.8269 		-42.127 		49.8986
v -158.4264 		-42.1369 		56.7177
v -158.3247 		-41.3403 		61.735
v -157.9031 		-40.692 		58.5563
v -158.7341 		-40.9805 		61.5429
v -158.9196 		-41.1513 		62.5621
v -156.7029 		-42.7855 		62.5621
v -157.9075 		-40.4986 		58.6242
v -160.0573 		-40.8518 		67.5743
v -159.8344 		-40.3058 		71.263
v -159.4126 		-39.9261 		68.9264
v -160.0573 		-39.9717 		71.1216
v -160.2211 		-40.0574 		71.8702
v -158.9561 		-41.6419 		71.8702
v -156.9691 		-40.3209 		62.5621
v -166.3334 		-41.3983 		41.9452
v -164.7014 		-42.1666 		34.64
v -167.3664 		-45.6637 		41.9452
v -163.4407 		-41.8512 		36.008
v -167.0702 		-41.6433 		56.7177
v -165.6576 		-39.5342 		55.7538
v -164.8484 		-39.9266 		52.0439
v -162.1905 		-42.8098 		41.9452
v -162.0563 		-42.4118 		44.1501
v -163.4723 		-42.3478 		49.8986
v -161.9849 		-42.6253 		43.9922
v -162.901 		-46.0677 		49.8986
v -164.2806 		-40.9583 		56.7177
v -164.6277 		-39.8922 		52.1228
v -163.5443 		-40.6482 		61.7358
v -162.7757 		-40.6917 		58.5555
v -163.4396 		-40.1116 		61.5438
v -163.679 		-40.0352 		62.5621
v -163.9761 		-42.7855 		62.5621
v -160.8025 		-43.4389 		49.8986
v -160.6214 		-42.0539 		55.5288
v -160.8969 		-42.1546 		56.7177
v -161.99 		-41.3213 		62.5621
v -162.6122 		-40.5916 		58.6232
v -161.5077 		-40.8323 		66.8662
v -160.8847 		-40.6128 		64.1393
v -161.5997 		-40.3724 		66.7014
v -161.8141 		-40.3911 		67.5743
v -160.7878 		-40.4794 		64.1973
v -161.4203 		-39.2229 		73.0707
v -161.5143 		-39.299 		73.028
v -166.1001 		-38.8457 		67.5743
v -164.8836 		-37.0453 		75.5524
v -162.7364 		-38.9528 		68.9763
v -162.872 		-38.9927 		68.9262
v -162.4327 		-39.5898 		71.8702
v -164.1195 		-40.2489 		71.8702
v -163.9905 		-38.8935 		67.5743
v -163.4093 		-38.8146 		71.263
v -163.2335 		-38.4534 		71.1218
v -163.389 		-38.3534 		71.8702
v -163.3946 		-37.4832 		75.5524
v -161.9981 		-39.3356 		75.0324
v -161.9765 		-38.9912 		74.9113
v -162.1322 		-38.9634 		75.5524
v -161.8073 		-37.055 		82.2214
v -161.8472 		-37.316 		80.1896
v -166.5885 		-39.5373 		49.8986
v -165.3066 		-39.0026 		55.5295
v -165.5309 		-38.8128 		56.7177
v -169.8983 		-39.0219 		49.8986
v -163.2713 		-36.8901 		73.0703
v -163.3835 		-36.8463 		73.0277
v -163.4043 		-36.1396 		75.5524
v -167.4436 		-35.5009 		34.64
v -166.9845 		-36.6636 		49.8986
v -171.7839 		-34.9256 		41.9452
v -168.1776 		-33.1733 		56.7177
v -165.2862 		-32.6202 		67.5743
v -166.1932 		-35.2636 		56.7177
v -165.0447 		-35.5735 		61.5435
v -163.1292 		-32.7815 		75.5524
v -165.0438 		-36.5355 		58.6241
v -165.2122 		-36.4427 		58.5562
v -165.5591 		-35.7508 		61.7357
v -165.0988 		-35.3266 		62.5621
v -164.2727 		-34.4842 		67.5743
v -167.6128 		-36.4427 		62.5621
v -163.9144 		-34.9515 		71.2631
v -163.5158 		-34.9242 		71.1216
v -163.7986 		-35.5095 		68.9257
v -150.7807 		-33.8634 		49.8986
v -155.4668 		-36.4427 		58.5562
v -155.1199 		-37.1346 		61.7357
v -155.5802 		-37.5588 		62.5621
v -153.0662 		-36.4427 		62.5621
v -155.6352 		-36.3499 		58.6241
v -156.4058 		-38.4012 		67.5743
v -156.7646 		-37.9338 		71.2631
v -156.8804 		-37.3759 		68.9257
v -157.1628 		-37.9611 		71.1217
v -157.1711 		-38.1468 		71.8702
v -155.1761 		-37.8357 		71.8702
v -155.1481 		-34.0725 		56.7177
v -155.3187 		-35.4426 		62.5621
v -156.9822 		-37.278 		68.9754
v -156.4801 		-34.8329 		64.1391
v -155.9798 		-35.2663 		66.8653
v -156.3296 		-35.5767 		66.7004
v -156.2062 		-35.7545 		67.5743
v -156.6434 		-34.815 		64.1972
v -156.586 		-36.6944 		71.8702
v -157.022 		-36.4427 		75.0318
v -157.2955 		-36.039 		73.0277
v -157.3287 		-36.5959 		74.9105
v -157.2747 		-36.7458 		75.5524
v -157.9171 		-38.5867 		75.5524
v -157.4077 		-35.9952 		73.0704
v -159.079 		-37.4166 		82.222
v -158.8345 		-37.3209 		80.19
v -153.3423 		-43.4884 		49.8986
v -155.7055 		-39.7848 		56.7177
v -157.148 		-39.6563 		66.865
v -157.0254 		-39.0032 		64.1388
v -157.5898 		-39.5065 		66.7001
v -157.6811 		-39.7031 		67.5743
v -157.0916 		-38.8521 		64.1968
v -157.9426 		-33.9325 		68.9763
v -158.6792 		-39.8418 		71.8702
v -159.3792 		-39.788 		68.9762
v -160.9721 		-39.6272 		75.5524
v -162.0932 		-40.7064 		75.5524
v -160.3423 		-38.1948 		80.1866
v -164.0356 		-38.0703 		64.1973
v -164.1986 		-38.0525 		64.1393
v -164.6991 		-37.619 		66.8656
v -164.3494 		-37.3087 		66.7004
v -164.4729 		-37.1308 		67.5743
v -163.657 		-36.4427 		75.0318
v -163.3503 		-36.2894 		74.9105
v -163.5075 		-34.7385 		71.8702
v -165.5029 		-35.0496 		71.8702
v -165.3603 		-37.4427 		62.5621
v -163.6968 		-35.6074 		68.9754
v -164.093 		-36.191 		71.8702
v -162.762 		-34.2985 		75.5524
v -161.8452 		-35.564 		80.1857
v -158.6808 		-39.3357 		75.0319
v -158.9659 		-39.1449 		74.9107
# 359 vertices

g group_30_1206582

usemtl color_1206582
s 0

f 9175 	9176 	9173
f 9173 	9177 	9174
f 9177 	9173 	9176
f 9182 	9179 	9178
f 9182 	9180 	9179
f 9192 	9188 	9182
f 9183 	9310 	9184
f 9187 	9182 	9186
f 9182 	9178 	9181
f 9181 	9186 	9182
f 9185 	9187 	9186
f 9180 	9182 	9189
f 9188 	9189 	9182
f 9182 	9187 	9192
f 9310 	9183 	9188
f 9189 	9188 	9183
f 9188 	9190 	9310
f 9198 	9193 	9187
f 9188 	9192 	9190
f 9194 	9310 	9190
f 9194 	9190 	9192
f 9191 	9187 	9185
f 9196 	9191 	9185
f 9192 	9187 	9193
f 9198 	9187 	9191
f 9191 	9201 	9198
f 9193 	9195 	9192
f 9195 	9194 	9192
f 9197 	9191 	9196
f 9200 	9191 	9197
f 9195 	9193 	9201
f 9198 	9201 	9193
f 9199 	9326 	9194
f 9202 	9199 	9194
f 9202 	9194 	9195
f 9197 	9177 	9200
f 9200 	9177 	9460
f 9207 	9205 	9200
f 9191 	9203 	9201
f 9205 	9203 	9200
f 9206 	9195 	9204
f 9202 	9208 	9199
f 9201 	9203 	9204
f 9191 	9200 	9203
f 9201 	9204 	9195
f 9206 	9204 	9203
f 9206 	9203 	9461
f 9203 	9205 	9461
f 9195 	9208 	9202
f 9210 	9209 	9206
f 9195 	9206 	9209
f 9209 	9211 	9208
f 9209 	9208 	9195
f 9210 	9464 	9209
f 9211 	9209 	9330
f 9206 	9212 	9210
f 9179 	9213 	9178
f 9214 	9213 	9179
f 9180 	9214 	9179
f 9183 	9184 	9180
f 9214 	9180 	9184
f 9180 	9189 	9183
f 9213 	9174 	9178
f 9178 	9174 	9181
f 9186 	9181 	9185
f 9174 	9196 	9185
f 9185 	9181 	9174
f 9196 	9174 	9177
f 9197 	9196 	9177
f 9217 	9245 	9216
f 9219 	9215 	9218
f 9245 	9218 	9215
f 9233 	9234 	9213
f 9174 	9213 	9234
f 9234 	9235 	9174
f 9236 	9174 	9235
f 9242 	9243 	9217
f 9245 	9217 	9243
f 9243 	9244 	9245
f 9244 	9247 	9245
f 9217 	9174 	9241
f 9242 	9217 	9241
f 9241 	9174 	9236
f 9231 	9232 	9214
f 9233 	9213 	9232
f 9213 	9214 	9232
f 9256 	9252 	9253
f 9255 	9256 	9253
f 9253 	9254 	9255
f 9262 	9263 	9267
f 9266 	9267 	9263
f 9263 	9264 	9266
f 9264 	9265 	9266
f 9266 	9272 	9274
f 9255 	9261 	9267
f 9261 	9255 	9254
f 9262 	9267 	9261
f 9256 	9245 	9251
f 9256 	9251 	9252
f 9247 	9251 	9245
f 9270 	9269 	9274
f 9273 	9274 	9269
f 9271 	9273 	9269
f 9271 	9275 	9273
f 9275 	9276 	9273
f 9277 	9351 	9276
f 9270 	9274 	9272
f 9265 	9272 	9266
f 9287 	9285 	9280
f 9282 	9286 	9283
f 9279 	9285 	9281
f 9279 	9280 	9285
f 9288 	9285 	9287
f 9291 	9285 	9288
f 9281 	9285 	9284
f 9284 	9292 	9282
f 9289 	9291 	9288
f 9286 	9282 	9292
f 9493 	9486 	9286
f 9285 	9292 	9284
f 9298 	9295 	9291
f 9285 	9296 	9292
f 9292 	9293 	9286
f 9297 	9286 	9293
f 9290 	9489 	9299
f 9300 	9289 	9302
f 9285 	9291 	9296
f 9295 	9296 	9291
f 9293 	9292 	9296
f 9296 	9295 	9301
f 9297 	9296 	9301
f 9293 	9296 	9297
f 9295 	9298 	9311
f 9311 	9301 	9295
f 9510 	9304 	9297
f 9299 	9493 	9286
f 9286 	9305 	9299
f 9307 	9290 	9306
f 9289 	9300 	9291
f 9311 	9298 	9300
f 9298 	9291 	9300
f 9302 	9303 	9300
f 9301 	9510 	9297
f 9304 	9305 	9297
f 9286 	9297 	9305
f 9306 	9299 	9305
f 9299 	9306 	9290
f 9304 	9308 	9305
f 9307 	9305 	9308
f 9306 	9305 	9307
f 9303 	9309 	9300
f 9309 	9303 	9184
f 9309 	9184 	9310
f 9317 	9313 	9309
f 9313 	9312 	9309
f 9300 	9309 	9312
f 9312 	9314 	9311
f 9312 	9311 	9300
f 9315 	9301 	9314
f 9311 	9314 	9301
f 9313 	9316 	9312
f 9315 	9314 	9312
f 9315 	9312 	9316
f 9319 	9318 	9315
f 9301 	9315 	9318
f 9318 	9320 	9321
f 9318 	9321 	9301
f 9308 	9321 	9320
f 9308 	9320 	9322
f 9500 	9290 	9323
f 9319 	9324 	9318
f 9322 	9318 	9324
f 9320 	9318 	9322
f 9325 	9317 	9310
f 9317 	9309 	9310
f 9310 	9194 	9326
f 9326 	9327 	9325
f 9326 	9325 	9310
f 9328 	9316 	9327
f 9316 	9325 	9327
f 9199 	9329 	9326
f 9328 	9326 	9329
f 9328 	9327 	9326
f 9199 	9208 	9329
f 9330 	9329 	9211
f 9208 	9211 	9329
f 9319 	9332 	9331
f 9319 	9331 	9324
f 9294 	9496 	9323
f 9335 	9464 	9338
f 9337 	9338 	9464
f 9456 	9435 	9336
f 9338 	9336 	9335
f 9334 	9333 	9335
f 9339 	9329 	9330
f 9342 	9341 	9329
f 9339 	9342 	9329
f 9328 	9341 	9316
f 9340 	9316 	9341
f 9340 	9331 	9316
f 9341 	9328 	9329
f 9335 	9324 	9342
f 9340 	9342 	9324
f 9341 	9342 	9340
f 9331 	9340 	9324
f 9343 	9308 	9322
f 9307 	9344 	9290
f 9345 	9290 	9344
f 9345 	9323 	9290
f 9344 	9308 	9346
f 9307 	9308 	9344
f 9343 	9346 	9308
f 9344 	9346 	9345
f 9294 	9345 	9346
f 9294 	9346 	9335
f 9323 	9345 	9294
f 9335 	9347 	9294
f 9324 	9335 	9343
f 9343 	9322 	9324
f 9346 	9343 	9335
f 9330 	9464 	9339
f 9335 	9339 	9464
f 9335 	9342 	9339
f 9335 	9367 	9348
f 9335 	9350 	9349
f 9335 	9349 	9367
f 9348 	9347 	9335
f 9498 	9294 	9347
f 9280 	9279 	9351
f 9351 	9279 	9273
f 9281 	9273 	9279
f 9282 	9283 	9281
f 9284 	9282 	9281
f 9273 	9281 	9283
f 9352 	9353 	9355
f 9353 	9354 	9355
f 9359 	9355 	9354
f 9352 	9355 	9362
f 9358 	9356 	9357
f 9359 	9360 	9355
f 9358 	9365 	9356
f 9362 	9365 	9358
f 9364 	9355 	9360
f 9474 	9364 	9361
f 9479 	9475 	9364
f 9362 	9355 	9365
f 9365 	9366 	9356
f 9477 	9356 	9366
f 9515 	9350 	9371
f 9371 	9350 	9514
f 9357 	9372 	9266
f 9372 	9386 	9266
f 9357 	9373 	9372
f 9354 	9274 	9273
f 9360 	9359 	9361
f 9359 	9273 	9361
f 9359 	9354 	9273
f 9361 	9273 	9374
f 9283 	9375 	9374
f 9283 	9374 	9273
f 9302 	9289 	9214
f 9214 	9184 	9302
f 9303 	9302 	9184
f 9214 	9289 	9287
f 9288 	9287 	9289
f 9287 	9280 	9214
f 9214 	9280 	9351
f 9376 	9377 	9378
f 9377 	9379 	9378
f 9381 	9382 	9380
f 9378 	9379 	9383
f 9383 	9385 	9378
f 9384 	9376 	9378
f 9384 	9389 	9381
f 9385 	9388 	9378
f 9382 	9381 	9389
f 9385 	9386 	9388
f 9389 	9384 	9378
f 9395 	9391 	9388
f 9391 	9390 	9388
f 9378 	9388 	9390
f 9390 	9392 	9389
f 9390 	9389 	9378
f 9393 	9382 	9392
f 9389 	9392 	9382
f 9391 	9394 	9390
f 9393 	9392 	9390
f 9393 	9390 	9394
f 9395 	9402 	9391
f 9382 	9396 	9431
f 9387 	9428 	9396
f 9512 	9398 	9393
f 9398 	9397 	9393
f 9382 	9393 	9397
f 9382 	9397 	9396
f 9399 	9396 	9397
f 9400 	9387 	9399
f 9396 	9399 	9387
f 9398 	9401 	9397
f 9400 	9397 	9401
f 9400 	9399 	9397
f 9394 	9391 	9402
f 9508 	9394 	9507
f 9402 	9507 	9394
f 9381 	9380 	9376
f 9384 	9381 	9376
f 9255 	9376 	9380
f 9403 	9404 	9405
f 9406 	9405 	9404
f 9410 	9405 	9406
f 9409 	9407 	9408
f 9411 	9412 	9405
f 9411 	9405 	9410
f 9412 	9411 	9413
f 9412 	9413 	9414
f 9415 	9416 	9405
f 9403 	9405 	9416
f 9407 	9409 	9415
f 9416 	9415 	9409
f 9426 	9418 	9412
f 9418 	9417 	9412
f 9405 	9412 	9417
f 9405 	9417 	9415
f 9419 	9415 	9417
f 9420 	9407 	9419
f 9415 	9419 	9407
f 9418 	9421 	9417
f 9420 	9419 	9417
f 9420 	9417 	9421
f 9414 	9413 	9422
f 9424 	9414 	9423
f 9423 	9414 	9422
f 9424 	9423 	9380
f 9424 	9380 	9382
f 9431 	9428 	9424
f 9426 	9412 	9414
f 9425 	9426 	9414
f 9421 	9418 	9425
f 9426 	9425 	9418
f 9428 	9427 	9424
f 9414 	9424 	9427
f 9414 	9427 	9425
f 9429 	9425 	9427
f 9430 	9421 	9429
f 9425 	9429 	9421
f 9427 	9428 	9387
f 9430 	9427 	9387
f 9430 	9429 	9427
f 9424 	9382 	9431
f 9431 	9396 	9428
f 9436 	9437 	9420
f 9438 	9436 	9421
f 9430 	9432 	9433
f 9433 	9445 	9430
f 9432 	9430 	9387
f 9432 	9513 	9433
f 9441 	9440 	9407
f 9434 	9517 	9440
f 9443 	9434 	9442
f 9437 	9441 	9420
f 9407 	9420 	9441
f 9420 	9421 	9436
f 9436 	9438 	9437
f 9438 	9439 	9437
f 9441 	9442 	9440
f 9440 	9442 	9434
f 9437 	9439 	9441
f 9443 	9441 	9439
f 9443 	9442 	9441
f 9454 	9434 	9444
f 9449 	9434 	9443
f 9421 	9430 	9445
f 9421 	9445 	9438
f 9446 	9438 	9445
f 9446 	9439 	9438
f 9447 	9439 	9446
f 9433 	9514 	9445
f 9447 	9446 	9445
f 9435 	9455 	9444
f 9434 	9448 	9444
f 9434 	9449 	9448
f 9443 	9439 	9449
f 9444 	9448 	9435
f 9336 	9524 	9456
f 9335 	9336 	9435
f 9404 	9403 	9245
f 9256 	9404 	9245
f 9406 	9404 	9256
f 9409 	9408 	9403
f 9245 	9403 	9408
f 9416 	9409 	9403
f 9450 	9451 	9453
f 9452 	9453 	9451
f 9452 	9451 	9408
f 9452 	9408 	9407
f 9516 	9517 	9452
f 9440 	9516 	9407
f 9452 	9407 	9516
f 9454 	9444 	9455
f 9523 	9529 	9461
f 9529 	9524 	9338
f 9338 	9337 	9529
f 9215 	9216 	9245
f 9450 	9218 	9245
f 9245 	9408 	9450
f 9451 	9450 	9408
f 9256 	9255 	9406
f 9410 	9406 	9255
f 9411 	9410 	9413
f 9422 	9413 	9255
f 9410 	9255 	9413
f 9255 	9380 	9422
f 9380 	9423 	9422
f 9267 	9266 	9379
f 9383 	9379 	9266
f 9386 	9383 	9266
f 9385 	9383 	9386
f 9215 	9459 	9216
f 9218 	9450 	9453
f 9457 	9216 	9459
f 9215 	9219 	9459
f 9458 	9459 	9219
f 9175 	9462 	9176
f 9176 	9460 	9177
f 9173 	9457 	9459
f 9173 	9459 	9175
f 9467 	9462 	9459
f 9175 	9459 	9462
f 9459 	9458 	9467
f 9460 	9176 	9462
f 9463 	9460 	9462
f 9460 	9463 	9468
f 9207 	9469 	9205
f 9330 	9209 	9464
f 9219 	9218 	9458
f 9458 	9465 	9466
f 9525 	9465 	9453
f 9466 	9465 	9525
f 9467 	9458 	9466
f 9463 	9462 	9467
f 9470 	9467 	9466
f 9463 	9467 	9468
f 9469 	9207 	9460
f 9207 	9200 	9460
f 9461 	9205 	9469
f 9460 	9471 	9469
f 9469 	9472 	9461
f 9472 	9523 	9461
f 9528 	9212 	9461
f 9212 	9528 	9210
f 9464 	9210 	9528
f 9453 	9458 	9218
f 9458 	9453 	9465
f 9470 	9466 	9525
f 9468 	9467 	9470
f 9526 	9473 	9468
f 9520 	9470 	9519
f 9472 	9469 	9471
f 9473 	9471 	9468
f 9460 	9468 	9471
f 9360 	9361 	9364
f 9504 	9356 	9509
f 9474 	9361 	9374
f 9355 	9364 	9476
f 9475 	9476 	9364
f 9355 	9476 	9365
f 9366 	9365 	9476
f 9476 	9475 	9478
f 9477 	9476 	9478
f 9366 	9476 	9477
f 9474 	9374 	9375
f 9479 	9364 	9474
f 9478 	9475 	9487
f 9479 	9487 	9475
f 9488 	9482 	9477
f 9482 	9481 	9477
f 9356 	9477 	9481
f 9481 	9483 	9480
f 9481 	9480 	9356
f 9484 	9363 	9483
f 9480 	9483 	9363
f 9482 	9485 	9481
f 9484 	9483 	9481
f 9484 	9481 	9485
f 9375 	9486 	9474
f 9286 	9486 	9283
f 9375 	9283 	9486
f 9474 	9487 	9479
f 9493 	9489 	9486
f 9474 	9490 	9487
f 9488 	9477 	9478
f 9488 	9494 	9482
f 9489 	9490 	9486
f 9474 	9486 	9490
f 9491 	9487 	9490
f 9487 	9491 	9478
f 9492 	9478 	9491
f 9489 	9290 	9490
f 9492 	9491 	9490
f 9492 	9490 	9290
f 9493 	9299 	9489
f 9494 	9488 	9478
f 9485 	9482 	9494
f 9500 	9496 	9492
f 9496 	9495 	9492
f 9478 	9492 	9495
f 9478 	9495 	9494
f 9497 	9494 	9495
f 9492 	9290 	9500
f 9485 	9494 	9497
f 9485 	9497 	9498
f 9495 	9496 	9294
f 9498 	9495 	9294
f 9498 	9497 	9495
f 9500 	9323 	9496
f 9367 	9369 	9499
f 9368 	9499 	9369
f 9347 	9485 	9498
f 9347 	9348 	9485
f 9484 	9502 	9363
f 9501 	9363 	9502
f 9501 	9499 	9363
f 9502 	9485 	9348
f 9484 	9485 	9502
f 9502 	9348 	9501
f 9499 	9501 	9367
f 9348 	9367 	9501
f 9370 	9349 	9401
f 9350 	9515 	9401
f 9349 	9350 	9401
f 9335 	9514 	9350
f 9349 	9370 	9367
f 9352 	9266 	9353
f 9274 	9353 	9266
f 9353 	9274 	9354
f 9358 	9357 	9352
f 9362 	9358 	9352
f 9266 	9352 	9357
f 9388 	9386 	9503
f 9503 	9386 	9372
f 9504 	9503 	9373
f 9372 	9373 	9503
f 9395 	9388 	9503
f 9373 	9357 	9504
f 9356 	9504 	9357
f 9509 	9506 	9504
f 9503 	9402 	9395
f 9506 	9505 	9504
f 9503 	9504 	9505
f 9503 	9505 	9402
f 9507 	9402 	9505
f 9505 	9506 	9363
f 9508 	9507 	9505
f 9508 	9505 	9363
f 9480 	9509 	9356
f 9351 	9278 	9214
f 9277 	9278 	9351
f 9231 	9214 	9278
f 9273 	9276 	9351
f 9317 	9325 	9313
f 9316 	9313 	9325
f 9315 	9316 	9332
f 9331 	9332 	9316
f 9332 	9319 	9315
f 9321 	9510 	9301
f 9304 	9510 	9321
f 9304 	9321 	9308
f 9511 	9512 	9394
f 9393 	9394 	9512
f 9401 	9398 	9511
f 9512 	9511 	9398
f 9511 	9531 	9401
f 9513 	9432 	9387
f 9433 	9513 	9514
f 9447 	9445 	9514
f 9333 	9334 	9439
f 9449 	9439 	9334
f 9439 	9447 	9333
f 9448 	9334 	9435
f 9449 	9334 	9448
f 9335 	9435 	9334
f 9335 	9333 	9514
f 9447 	9514 	9333
f 9400 	9515 	9387
f 9387 	9515 	9371
f 9371 	9513 	9387
f 9515 	9400 	9401
f 9513 	9371 	9514
f 9267 	9377 	9255
f 9255 	9377 	9376
f 9379 	9377 	9267
f 9517 	9518 	9452
f 9453 	9452 	9518
f 9516 	9440 	9517
f 9519 	9525 	9518
f 9525 	9519 	9470
f 9518 	9517 	9434
f 9520 	9518 	9434
f 9520 	9519 	9518
f 9454 	9455 	9520
f 9520 	9434 	9454
f 9522 	9527 	9521
f 9470 	9521 	9527
f 9455 	9521 	9520
f 9470 	9520 	9521
f 9456 	9524 	9522
f 9456 	9522 	9521
f 9456 	9521 	9435
f 9521 	9455 	9435
f 9526 	9468 	9470
f 9523 	9472 	9471
f 9523 	9471 	9524
f 9473 	9524 	9471
f 9453 	9518 	9525
f 9527 	9526 	9470
f 9473 	9526 	9527
f 9473 	9527 	9524
f 9527 	9522 	9524
f 9206 	9461 	9212
f 9337 	9461 	9529
f 9528 	9461 	9337
f 9336 	9338 	9524
f 9524 	9529 	9523
f 9528 	9337 	9464
f 9457 	9173 	9174
f 9217 	9457 	9174
f 9216 	9457 	9217
f 9506 	9509 	9480
f 9506 	9480 	9363
f 9368 	9369 	9508
f 9499 	9368 	9363
f 9369 	9530 	9508
f 9394 	9508 	9530
f 9530 	9531 	9511
f 9394 	9530 	9511
f 9508 	9363 	9368
f 9370 	9401 	9531
f 9369 	9367 	9530
f 9367 	9370 	9530
f 9370 	9531 	9530
# 640 faces

g group_30_11107152

usemtl color_11107152
s 0

f 9222 	9223 	9221
f 9223 	9224 	9221
f 9220 	9221 	9224
f 9220 	9224 	9225
f 9220 	9225 	9226
f 9220 	9226 	9227
f 9220 	9227 	9228
f 9220 	9228 	9229
f 9220 	9229 	9230
f 9220 	9230 	9240
f 9227 	9231 	9228
f 9226 	9232 	9231
f 9226 	9231 	9227
f 9225 	9233 	9232
f 9225 	9232 	9226
f 9233 	9225 	9234
f 9224 	9234 	9225
f 9224 	9223 	9235
f 9224 	9235 	9234
f 9223 	9222 	9236
f 9223 	9236 	9235
f 9221 	9220 	9243
f 9239 	9246 	9238
f 9240 	9248 	9239
f 9222 	9241 	9236
f 9242 	9241 	9221
f 9222 	9221 	9241
f 9221 	9243 	9242
f 9247 	9244 	9240
f 9240 	9244 	9220
f 9243 	9220 	9244
f 9237 	9238 	9246
f 9247 	9240 	9239
f 9252 	9251 	9238
f 9252 	9238 	9253
f 9237 	9253 	9238
f 9246 	9254 	9237
f 9250 	9239 	9249
f 9246 	9239 	9250
f 9249 	9239 	9248
f 9230 	9268 	9240
f 9239 	9251 	9247
f 9239 	9238 	9251
f 9253 	9237 	9254
f 9250 	9254 	9246
f 9262 	9261 	9249
f 9248 	9263 	9249
f 9259 	9240 	9258
f 9248 	9240 	9259
f 9258 	9240 	9257
f 9268 	9260 	9240
f 9250 	9261 	9254
f 9250 	9249 	9261
f 9262 	9249 	9263
f 9264 	9248 	9259
f 9248 	9264 	9263
f 9272 	9265 	9258
f 9259 	9265 	9264
f 9257 	9240 	9260
f 9260 	9269 	9257
f 9275 	9271 	9268
f 9260 	9268 	9271
f 9268 	9230 	9275
f 9276 	9275 	9230
f 9259 	9258 	9265
f 9270 	9272 	9257
f 9258 	9257 	9272
f 9257 	9269 	9270
f 9269 	9260 	9271
f 9276 	9230 	9229
f 9276 	9229 	9277
f 9277 	9229 	9278
f 9228 	9278 	9229
f 9228 	9231 	9278
# 74 faces

 #end of obj_30

o obj_31
v -153.5988 		-64.8084 		41.9452
v -158 		-60.7787 		32.6694
v -151.4503 		-65.5428 		52.1239
v -151.5906 		-65.367 		52.0446
v -151.6577 		-64.4656 		55.7531
v -149.4407 		-62.1488 		36.0079
v -149.0817 		-60.8918 		34.6399
v -147.6048 		-59.8528 		41.9452
v -150.8903 		-62.7597 		41.9452
v -150.757 		-56.8192 		41.9452
v -147.0814 		-61.8833 		52.0439
v -146.3395 		-61.374 		55.7531
v -150.8344 		-63.0313 		43.9926
v -150.6151 		-63.0757 		44.1505
v -149.8521 		-61.873 		49.8986
v -148.2526 		-61.8631 		56.7177
v -147.1622 		-62.0933 		52.123
v -147.9449 		-63.0195 		61.5429
v -153.3367 		-60.5116 		49.8986
v -148.3543 		-62.6597 		61.735
v -148.7759 		-63.308 		58.5563
v -147.7594 		-62.8487 		62.5621
v -149.9761 		-61.2145 		62.5621
v -152.1253 		-63.6555 		49.8986
v -151.0247 		-64.5059 		55.5287
v -148.7715 		-63.5014 		58.6242
v -147.2664 		-64.0739 		68.9264
v -150.9735 		-64.2152 		56.7177
v -149.7099 		-63.6791 		62.5621
v -147.2998 		-64.212 		68.9762
v -149.531 		-64.3437 		66.8648
v -149.0893 		-64.4935 		66.6999
v -149.6536 		-64.9964 		64.1398
v -148.9979 		-64.2968 		67.5743
v -149.5872 		-65.148 		64.1979
v -147.9998 		-64.1582 		71.8702
v -147.9982 		-64.6643 		75.0319
v -148.2086 		-65.1044 		73.0286
v -147.7131 		-64.8551 		74.9107
v -148.1901 		-65.2245 		73.0712
v -149.7055 		-61.687 		32.6694
v -146.3395 		-54 		32.6694
v -152.7413 		-69.1269 		41.9452
v -152.5419 		-67.5573 		36.0081
v -153.0715 		-67.5573 		32.6694
v -152.48 		-69.2143 		43.9929
v -152.3317 		-69.0448 		44.1511
v -148.9407 		-68.2589 		14
v -149.0323 		-67.5573 		14
v -148.9407 		-66.8557 		14
v -148.6715 		-66.2016 		14
v -148.2433 		-65.6403 		14
v -147.6859 		-65.2092 		14
v -147.0363 		-64.9381 		14
v -146.3395 		-64.8459 		14
v -145.6427 		-64.9381 		14
v -144.9931 		-65.2092 		14
v -144.4357 		-65.6403 		14
v -146.3395 		-65.224 		20.3591
v -146.9195 		-65.3771 		21.6439
v -147.4313 		-65.6532 		22.623
v -147.9242 		-65.9617 		21.6436
v -148.3463 		-66.3907 		20.3592
v -148.3463 		-66.3907 		20.3591
v -147.0363 		-70.1766 		14
v -147.6859 		-69.9055 		14
v -148.2433 		-69.4743 		14
v -148.6715 		-68.9131 		14
v -148.5047 		-66.9734 		21.6445
v -148.5231 		-67.5573 		22.623
v -148.5047 		-68.1413 		21.6445
v -148.3463 		-68.724 		20.3591
v -158 		-74.336 		32.6694
v -146.3395 		-70.2688 		14
v -148.3463 		-68.724 		20.3592
v -144.4357 		-69.4743 		14
v -144.9931 		-69.9055 		14
v -145.6427 		-70.1766 		14
v -147.9242 		-69.153 		21.6436
v -147.4313 		-69.4614 		22.623
v -146.9195 		-69.7375 		21.6439
v -146.3395 		-69.8907 		20.3591
v -146.3395 		-81.1147 		32.6694
v -149.7055 		-73.4277 		32.6694
v -143.6467 		-67.5573 		14
v -143.7383 		-68.2589 		14
v -144.0075 		-68.9131 		14
v -143.7383 		-66.8557 		14
v -145.7595 		-69.7375 		21.6439
v -145.2477 		-69.4614 		22.623
v -144.7548 		-69.153 		21.6436
v -144.3327 		-68.724 		20.3592
v -144.3327 		-68.724 		20.3591
v -134.679 		-74.336 		32.6694
v -142.9735 		-73.4277 		32.6694
v -144.0075 		-66.2016 		14
v -144.1743 		-66.9734 		21.6445
v -144.1559 		-67.5573 		22.623
v -144.3327 		-66.3907 		20.3591
v -144.1743 		-68.1413 		21.6445
v -134.679 		-60.7787 		32.6694
v -139.6075 		-67.5573 		32.6694
v -144.3327 		-66.3907 		20.3592
v -144.7548 		-65.9617 		21.6436
v -145.2477 		-65.6532 		22.623
v -145.7595 		-65.3771 		21.6439
v -141.9776 		-61.8334 		34.64
v -143.2383 		-62.1488 		36.008
v -140.3456 		-62.6017 		41.9452
v -141.8306 		-64.0734 		52.0439
v -141.0214 		-64.4658 		55.7538
v -142.0513 		-64.1078 		52.1228
v -139.3126 		-58.3363 		41.9452
v -139.6088 		-62.3567 		56.7177
v -144.4885 		-61.1902 		41.9452
v -144.6227 		-61.5882 		44.1501
v -144.6941 		-61.3747 		43.9922
v -140.5783 		-65.1543 		67.5743
v -143.2067 		-61.6522 		49.8986
v -142.3984 		-63.0417 		56.7177
v -143.2394 		-63.8884 		61.5438
v -141.7954 		-66.9547 		75.5524
v -143.9033 		-63.3083 		58.5555
v -143.1347 		-63.3518 		61.7358
v -143 		-63.9648 		62.5621
v -144.0669 		-63.4084 		58.6232
v -142.6885 		-65.1065 		67.5743
v -143.778 		-57.9323 		49.8986
v -142.7029 		-61.2145 		62.5621
v -145.8765 		-60.5611 		49.8986
v -146.0576 		-61.9461 		55.5288
v -143.807 		-65.0073 		68.9262
v -143.2697 		-65.1854 		71.263
v -143.4455 		-65.5466 		71.1218
v -143.29 		-65.6466 		71.8702
v -142.5595 		-63.7511 		71.8702
v -145.7821 		-61.8454 		56.7177
v -147.4469 		-59.0874 		56.7177
v -144.689 		-62.6787 		62.5621
v -145.1713 		-63.1677 		66.8662
v -145.7943 		-63.3872 		64.1393
v -145.0793 		-63.6276 		66.7014
v -144.8649 		-63.6089 		67.5743
v -145.5256 		-61.3325 		67.5743
v -145.8912 		-63.5206 		64.1973
v -144.6808 		-64.6643 		75.0318
v -145.1647 		-64.701 		73.028
v -144.7023 		-65.0087 		74.9105
v -144.2463 		-64.4102 		71.8702
v -144.5464 		-65.0365 		75.5524
v -143.2841 		-66.5167 		75.5524
v -144.5858 		-63.2936 		75.5524
v -146.6217 		-63.1482 		67.5743
v -146.8446 		-63.6942 		71.263
v -146.6217 		-64.0283 		71.1216
v -146.4579 		-63.9426 		71.8702
v -147.7229 		-62.3581 		71.8702
v -147.6112 		-64.7332 		75.5524
v -145.7069 		-64.3728 		75.5524
v -145.2587 		-64.7771 		73.0707
v -146.7016 		-67.9219 		87.1072
v -146.7908 		-67.9061 		86.4125
v -146.3395 		-67.5573 		90
v -146.8345 		-67.4238 		87.1059
v -147.6004 		-66.583 		82.2196
v -146.8656 		-67.3379 		86.4098
v -146.4721 		-67.059 		87.1061
v -146.132 		-65.9706 		82.2196
v -146.3367 		-65.8052 		80.1866
v -146.4138 		-66.9889 		86.4101
v -145.9772 		-67.1925 		87.106
v -144.8313 		-66.6837 		80.1872
v -144.8714 		-66.945 		82.2212
v -145.8876 		-67.2082 		86.409
v -145.8445 		-67.6909 		87.1059
v -145.8134 		-67.7768 		86.4098
v -146.2069 		-68.0557 		87.1061
v -146.2652 		-68.1258 		86.4101
v -142.9735 		-61.687 		32.6694
v -139.0802 		-70.3062 		41.9452
v -139.2354 		-68.4991 		34.64
v -140.1371 		-67.5573 		36.0081
v -134.8951 		-69.0744 		41.9452
v -138.5014 		-70.8267 		56.7177
v -141.0213 		-70.649 		55.7531
v -141.0884 		-69.7476 		52.0446
v -139.9377 		-65.9878 		41.9452
v -140.3473 		-66.0699 		44.1511
v -140.199 		-65.9004 		43.9929
v -141.2287 		-69.5719 		52.1239
v -141.3922 		-71.3798 		67.5743
v -139.6945 		-67.3364 		49.8986
v -140.4858 		-68.7364 		56.7177
v -141.6343 		-68.4265 		61.5435
v -143.5498 		-71.2185 		75.5524
v -144.4889 		-69.8902 		73.0712
v -144.4704 		-70.0102 		73.0286
v -145.0678 		-70.3815 		75.5524
v -146.547 		-69.1441 		82.2196
v -140.5537 		-71.4592 		49.8986
v -141.6543 		-70.6088 		55.5287
v -140.0905 		-64.4627 		49.8986
v -141.3724 		-64.9974 		55.5295
v -145.0742 		-75.2619 		41.9452
v -143.5973 		-74.2229 		34.6399
v -141.922 		-78.2954 		41.9452
v -143.2383 		-72.9659 		36.0079
v -146.3395 		-73.7407 		55.7531
v -145.5976 		-73.2314 		52.0439
v -145.2321 		-76.0273 		56.7177
v -141.7887 		-72.355 		41.9452
v -145.5168 		-73.0214 		52.123
v -142.0639 		-72.0389 		44.1505
v -141.8446 		-72.0834 		43.9926
v -147.1534 		-73.7822 		67.5743
v -142.8269 		-73.2416 		49.8986
v -144.4264 		-73.2516 		56.7177
v -144.3247 		-72.455 		61.735
v -143.9031 		-71.8067 		58.5563
v -144.7341 		-72.0952 		61.5429
v -144.9196 		-72.2659 		62.5621
v -142.7029 		-73.9001 		62.5621
v -143.9075 		-71.6133 		58.6242
v -146.0573 		-71.9665 		67.5743
v -145.8344 		-71.4205 		71.263
v -145.4126 		-71.0408 		68.9264
v -146.0573 		-71.0864 		71.1216
v -146.2211 		-71.172 		71.8702
v -144.9561 		-72.7566 		71.8702
v -142.9691 		-71.4356 		62.5621
v -152.3334 		-72.513 		41.9452
v -150.7014 		-73.2813 		34.64
v -153.3664 		-76.7784 		41.9452
v -149.4407 		-72.9659 		36.008
v -153.0702 		-72.7579 		56.7177
v -151.6576 		-70.6489 		55.7538
v -150.8484 		-71.0412 		52.0439
v -148.1905 		-73.9244 		41.9452
v -148.0563 		-73.5265 		44.1501
v -149.4723 		-73.4625 		49.8986
v -147.9849 		-73.74 		43.9922
v -148.901 		-77.1824 		49.8986
v -150.2806 		-72.073 		56.7177
v -150.6277 		-71.0068 		52.1228
v -149.5443 		-71.7628 		61.7358
v -148.7757 		-71.8063 		58.5555
v -149.4396 		-71.2262 		61.5438
v -149.679 		-71.1499 		62.5621
v -149.9761 		-73.9001 		62.5621
v -146.8025 		-74.5535 		49.8986
v -146.6214 		-73.1686 		55.5288
v -146.8969 		-73.2692 		56.7177
v -147.99 		-72.436 		62.5621
v -148.6122 		-71.7062 		58.6232
v -147.5077 		-71.947 		66.8662
v -146.8847 		-71.7274 		64.1393
v -147.5997 		-71.4871 		66.7014
v -147.8141 		-71.5057 		67.5743
v -146.7878 		-71.5941 		64.1973
v -147.4203 		-70.3376 		73.0707
v -147.5143 		-70.4137 		73.028
v -152.1001 		-69.9604 		67.5743
v -150.8836 		-68.16 		75.5524
v -148.7364 		-70.0675 		68.9763
v -148.872 		-70.1074 		68.9262
v -148.4327 		-70.7044 		71.8702
v -150.1195 		-71.3636 		71.8702
v -149.9905 		-70.0081 		67.5743
v -149.4093 		-69.9293 		71.263
v -149.2335 		-69.568 		71.1218
v -149.389 		-69.468 		71.8702
v -149.3946 		-68.5979 		75.5524
v -147.9981 		-70.4502 		75.0324
v -147.9765 		-70.1059 		74.9113
v -148.1322 		-70.0781 		75.5524
v -147.8073 		-68.1696 		82.2214
v -147.8472 		-68.4306 		80.1896
v -152.5885 		-70.652 		49.8986
v -151.3066 		-70.1173 		55.5295
v -151.5309 		-69.9275 		56.7177
v -155.8983 		-70.1366 		49.8986
v -149.2713 		-68.0048 		73.0703
v -149.3835 		-67.961 		73.0277
v -149.4043 		-67.2542 		75.5524
v -153.4436 		-66.6156 		34.64
v -152.9845 		-67.7783 		49.8986
v -157.7839 		-66.0403 		41.9452
v -154.1776 		-64.288 		56.7177
v -151.2862 		-63.7348 		67.5743
v -152.1932 		-66.3783 		56.7177
v -151.0447 		-66.6882 		61.5435
v -149.1292 		-63.8962 		75.5524
v -151.0438 		-67.6501 		58.6241
v -151.2122 		-67.5573 		58.5562
v -151.5591 		-66.8654 		61.7357
v -151.0988 		-66.4412 		62.5621
v -150.2727 		-65.5988 		67.5743
v -153.6128 		-67.5573 		62.5621
v -149.9144 		-66.0662 		71.2631
v -149.5158 		-66.0389 		71.1216
v -149.7986 		-66.6241 		68.9257
v -136.7807 		-64.9781 		49.8986
v -141.4668 		-67.5573 		58.5562
v -141.1199 		-68.2492 		61.7357
v -141.5802 		-68.6734 		62.5621
v -139.0662 		-67.5573 		62.5621
v -141.6352 		-67.4645 		58.6241
v -142.4058 		-69.5158 		67.5743
v -142.7646 		-69.0485 		71.2631
v -142.8804 		-68.4905 		68.9257
v -143.1628 		-69.0757 		71.1217
v -143.1711 		-69.2615 		71.8702
v -141.1761 		-68.9504 		71.8702
v -141.1481 		-65.1872 		56.7177
v -141.3187 		-66.5573 		62.5621
v -142.9822 		-68.3926 		68.9754
v -142.4801 		-65.9476 		64.1391
v -141.9798 		-66.3809 		66.8653
v -142.3296 		-66.6913 		66.7004
v -142.2062 		-66.8692 		67.5743
v -142.6434 		-65.9297 		64.1972
v -142.586 		-67.809 		71.8702
v -143.022 		-67.5573 		75.0318
v -143.2955 		-67.1537 		73.0277
v -143.3287 		-67.7106 		74.9105
v -143.2747 		-67.8604 		75.5524
v -143.9171 		-69.7014 		75.5524
v -143.4077 		-67.1098 		73.0704
v -145.079 		-68.5312 		82.222
v -144.8345 		-68.4356 		80.19
v -139.3423 		-74.6031 		49.8986
v -141.7055 		-70.8994 		56.7177
v -143.148 		-70.7709 		66.865
v -143.0254 		-70.1179 		64.1388
v -143.5898 		-70.6211 		66.7001
v -143.6811 		-70.8178 		67.5743
v -143.0916 		-69.9668 		64.1968
v -143.9426 		-65.0472 		68.9763
v -144.6792 		-70.9565 		71.8702
v -145.3792 		-70.9027 		68.9762
v -146.9721 		-70.7419 		75.5524
v -148.0932 		-71.8211 		75.5524
v -146.3423 		-69.3095 		80.1866
v -150.0356 		-69.185 		64.1973
v -150.1986 		-69.1672 		64.1393
v -150.6991 		-68.7337 		66.8656
v -150.3494 		-68.4233 		66.7004
v -150.4729 		-68.2454 		67.5743
v -149.657 		-67.5573 		75.0318
v -149.3503 		-67.4041 		74.9105
v -149.5075 		-65.8531 		71.8702
v -151.5029 		-66.1643 		71.8702
v -151.3603 		-68.5574 		62.5621
v -149.6968 		-66.722 		68.9754
v -150.093 		-67.3056 		71.8702
v -148.762 		-65.4132 		75.5524
v -147.8452 		-66.6787 		80.1857
v -144.6808 		-70.4504 		75.0319
v -144.9659 		-70.2595 		74.9107
# 359 vertices

g group_31_1206582

usemtl color_1206582
s 0

f 9534 	9535 	9532
f 9532 	9536 	9533
f 9536 	9532 	9535
f 9541 	9538 	9537
f 9541 	9539 	9538
f 9551 	9547 	9541
f 9542 	9669 	9543
f 9546 	9541 	9545
f 9541 	9537 	9540
f 9540 	9545 	9541
f 9544 	9546 	9545
f 9539 	9541 	9548
f 9547 	9548 	9541
f 9541 	9546 	9551
f 9669 	9542 	9547
f 9548 	9547 	9542
f 9547 	9549 	9669
f 9557 	9552 	9546
f 9547 	9551 	9549
f 9553 	9669 	9549
f 9553 	9549 	9551
f 9550 	9546 	9544
f 9555 	9550 	9544
f 9551 	9546 	9552
f 9557 	9546 	9550
f 9550 	9560 	9557
f 9552 	9554 	9551
f 9554 	9553 	9551
f 9556 	9550 	9555
f 9559 	9550 	9556
f 9554 	9552 	9560
f 9557 	9560 	9552
f 9558 	9685 	9553
f 9561 	9558 	9553
f 9561 	9553 	9554
f 9556 	9536 	9559
f 9559 	9536 	9819
f 9566 	9564 	9559
f 9550 	9562 	9560
f 9564 	9562 	9559
f 9565 	9554 	9563
f 9561 	9567 	9558
f 9560 	9562 	9563
f 9550 	9559 	9562
f 9560 	9563 	9554
f 9565 	9563 	9562
f 9565 	9562 	9820
f 9562 	9564 	9820
f 9554 	9567 	9561
f 9569 	9568 	9565
f 9554 	9565 	9568
f 9568 	9570 	9567
f 9568 	9567 	9554
f 9569 	9823 	9568
f 9570 	9568 	9689
f 9565 	9571 	9569
f 9538 	9572 	9537
f 9573 	9572 	9538
f 9539 	9573 	9538
f 9542 	9543 	9539
f 9573 	9539 	9543
f 9539 	9548 	9542
f 9572 	9533 	9537
f 9537 	9533 	9540
f 9545 	9540 	9544
f 9533 	9555 	9544
f 9544 	9540 	9533
f 9555 	9533 	9536
f 9556 	9555 	9536
f 9576 	9604 	9575
f 9578 	9574 	9577
f 9604 	9577 	9574
f 9592 	9593 	9572
f 9533 	9572 	9593
f 9593 	9594 	9533
f 9595 	9533 	9594
f 9601 	9602 	9576
f 9604 	9576 	9602
f 9602 	9603 	9604
f 9603 	9606 	9604
f 9576 	9533 	9600
f 9601 	9576 	9600
f 9600 	9533 	9595
f 9590 	9591 	9573
f 9592 	9572 	9591
f 9572 	9573 	9591
f 9615 	9611 	9612
f 9614 	9615 	9612
f 9612 	9613 	9614
f 9621 	9622 	9626
f 9625 	9626 	9622
f 9622 	9623 	9625
f 9623 	9624 	9625
f 9625 	9631 	9633
f 9614 	9620 	9626
f 9620 	9614 	9613
f 9621 	9626 	9620
f 9615 	9604 	9610
f 9615 	9610 	9611
f 9606 	9610 	9604
f 9629 	9628 	9633
f 9632 	9633 	9628
f 9630 	9632 	9628
f 9630 	9634 	9632
f 9634 	9635 	9632
f 9636 	9710 	9635
f 9629 	9633 	9631
f 9624 	9631 	9625
f 9646 	9644 	9639
f 9641 	9645 	9642
f 9638 	9644 	9640
f 9638 	9639 	9644
f 9647 	9644 	9646
f 9650 	9644 	9647
f 9640 	9644 	9643
f 9643 	9651 	9641
f 9648 	9650 	9647
f 9645 	9641 	9651
f 9852 	9845 	9645
f 9644 	9651 	9643
f 9657 	9654 	9650
f 9644 	9655 	9651
f 9651 	9652 	9645
f 9656 	9645 	9652
f 9649 	9848 	9658
f 9659 	9648 	9661
f 9644 	9650 	9655
f 9654 	9655 	9650
f 9652 	9651 	9655
f 9655 	9654 	9660
f 9656 	9655 	9660
f 9652 	9655 	9656
f 9654 	9657 	9670
f 9670 	9660 	9654
f 9869 	9663 	9656
f 9658 	9852 	9645
f 9645 	9664 	9658
f 9666 	9649 	9665
f 9648 	9659 	9650
f 9670 	9657 	9659
f 9657 	9650 	9659
f 9661 	9662 	9659
f 9660 	9869 	9656
f 9663 	9664 	9656
f 9645 	9656 	9664
f 9665 	9658 	9664
f 9658 	9665 	9649
f 9663 	9667 	9664
f 9666 	9664 	9667
f 9665 	9664 	9666
f 9662 	9668 	9659
f 9668 	9662 	9543
f 9668 	9543 	9669
f 9676 	9672 	9668
f 9672 	9671 	9668
f 9659 	9668 	9671
f 9671 	9673 	9670
f 9671 	9670 	9659
f 9674 	9660 	9673
f 9670 	9673 	9660
f 9672 	9675 	9671
f 9674 	9673 	9671
f 9674 	9671 	9675
f 9678 	9677 	9674
f 9660 	9674 	9677
f 9677 	9679 	9680
f 9677 	9680 	9660
f 9667 	9680 	9679
f 9667 	9679 	9681
f 9859 	9649 	9682
f 9678 	9683 	9677
f 9681 	9677 	9683
f 9679 	9677 	9681
f 9684 	9676 	9669
f 9676 	9668 	9669
f 9669 	9553 	9685
f 9685 	9686 	9684
f 9685 	9684 	9669
f 9687 	9675 	9686
f 9675 	9684 	9686
f 9558 	9688 	9685
f 9687 	9685 	9688
f 9687 	9686 	9685
f 9558 	9567 	9688
f 9689 	9688 	9570
f 9567 	9570 	9688
f 9678 	9691 	9690
f 9678 	9690 	9683
f 9653 	9855 	9682
f 9694 	9823 	9697
f 9696 	9697 	9823
f 9815 	9794 	9695
f 9697 	9695 	9694
f 9693 	9692 	9694
f 9698 	9688 	9689
f 9701 	9700 	9688
f 9698 	9701 	9688
f 9687 	9700 	9675
f 9699 	9675 	9700
f 9699 	9690 	9675
f 9700 	9687 	9688
f 9694 	9683 	9701
f 9699 	9701 	9683
f 9700 	9701 	9699
f 9690 	9699 	9683
f 9702 	9667 	9681
f 9666 	9703 	9649
f 9704 	9649 	9703
f 9704 	9682 	9649
f 9703 	9667 	9705
f 9666 	9667 	9703
f 9702 	9705 	9667
f 9703 	9705 	9704
f 9653 	9704 	9705
f 9653 	9705 	9694
f 9682 	9704 	9653
f 9694 	9706 	9653
f 9683 	9694 	9702
f 9702 	9681 	9683
f 9705 	9702 	9694
f 9689 	9823 	9698
f 9694 	9698 	9823
f 9694 	9701 	9698
f 9694 	9726 	9707
f 9694 	9709 	9708
f 9694 	9708 	9726
f 9707 	9706 	9694
f 9857 	9653 	9706
f 9639 	9638 	9710
f 9710 	9638 	9632
f 9640 	9632 	9638
f 9641 	9642 	9640
f 9643 	9641 	9640
f 9632 	9640 	9642
f 9711 	9712 	9714
f 9712 	9713 	9714
f 9718 	9714 	9713
f 9711 	9714 	9721
f 9717 	9715 	9716
f 9718 	9719 	9714
f 9717 	9724 	9715
f 9721 	9724 	9717
f 9723 	9714 	9719
f 9833 	9723 	9720
f 9838 	9834 	9723
f 9721 	9714 	9724
f 9724 	9725 	9715
f 9836 	9715 	9725
f 9874 	9709 	9730
f 9730 	9709 	9873
f 9716 	9731 	9625
f 9731 	9745 	9625
f 9716 	9732 	9731
f 9713 	9633 	9632
f 9719 	9718 	9720
f 9718 	9632 	9720
f 9718 	9713 	9632
f 9720 	9632 	9733
f 9642 	9734 	9733
f 9642 	9733 	9632
f 9661 	9648 	9573
f 9573 	9543 	9661
f 9662 	9661 	9543
f 9573 	9648 	9646
f 9647 	9646 	9648
f 9646 	9639 	9573
f 9573 	9639 	9710
f 9735 	9736 	9737
f 9736 	9738 	9737
f 9740 	9741 	9739
f 9737 	9738 	9742
f 9742 	9744 	9737
f 9743 	9735 	9737
f 9743 	9748 	9740
f 9744 	9747 	9737
f 9741 	9740 	9748
f 9744 	9745 	9747
f 9748 	9743 	9737
f 9754 	9750 	9747
f 9750 	9749 	9747
f 9737 	9747 	9749
f 9749 	9751 	9748
f 9749 	9748 	9737
f 9752 	9741 	9751
f 9748 	9751 	9741
f 9750 	9753 	9749
f 9752 	9751 	9749
f 9752 	9749 	9753
f 9754 	9761 	9750
f 9741 	9755 	9790
f 9746 	9787 	9755
f 9871 	9757 	9752
f 9757 	9756 	9752
f 9741 	9752 	9756
f 9741 	9756 	9755
f 9758 	9755 	9756
f 9759 	9746 	9758
f 9755 	9758 	9746
f 9757 	9760 	9756
f 9759 	9756 	9760
f 9759 	9758 	9756
f 9753 	9750 	9761
f 9867 	9753 	9866
f 9761 	9866 	9753
f 9740 	9739 	9735
f 9743 	9740 	9735
f 9614 	9735 	9739
f 9762 	9763 	9764
f 9765 	9764 	9763
f 9769 	9764 	9765
f 9768 	9766 	9767
f 9770 	9771 	9764
f 9770 	9764 	9769
f 9771 	9770 	9772
f 9771 	9772 	9773
f 9774 	9775 	9764
f 9762 	9764 	9775
f 9766 	9768 	9774
f 9775 	9774 	9768
f 9785 	9777 	9771
f 9777 	9776 	9771
f 9764 	9771 	9776
f 9764 	9776 	9774
f 9778 	9774 	9776
f 9779 	9766 	9778
f 9774 	9778 	9766
f 9777 	9780 	9776
f 9779 	9778 	9776
f 9779 	9776 	9780
f 9773 	9772 	9781
f 9783 	9773 	9782
f 9782 	9773 	9781
f 9783 	9782 	9739
f 9783 	9739 	9741
f 9790 	9787 	9783
f 9785 	9771 	9773
f 9784 	9785 	9773
f 9780 	9777 	9784
f 9785 	9784 	9777
f 9787 	9786 	9783
f 9773 	9783 	9786
f 9773 	9786 	9784
f 9788 	9784 	9786
f 9789 	9780 	9788
f 9784 	9788 	9780
f 9786 	9787 	9746
f 9789 	9786 	9746
f 9789 	9788 	9786
f 9783 	9741 	9790
f 9790 	9755 	9787
f 9795 	9796 	9779
f 9797 	9795 	9780
f 9789 	9791 	9792
f 9792 	9804 	9789
f 9791 	9789 	9746
f 9791 	9872 	9792
f 9800 	9799 	9766
f 9793 	9876 	9799
f 9802 	9793 	9801
f 9796 	9800 	9779
f 9766 	9779 	9800
f 9779 	9780 	9795
f 9795 	9797 	9796
f 9797 	9798 	9796
f 9800 	9801 	9799
f 9799 	9801 	9793
f 9796 	9798 	9800
f 9802 	9800 	9798
f 9802 	9801 	9800
f 9813 	9793 	9803
f 9808 	9793 	9802
f 9780 	9789 	9804
f 9780 	9804 	9797
f 9805 	9797 	9804
f 9805 	9798 	9797
f 9806 	9798 	9805
f 9792 	9873 	9804
f 9806 	9805 	9804
f 9794 	9814 	9803
f 9793 	9807 	9803
f 9793 	9808 	9807
f 9802 	9798 	9808
f 9803 	9807 	9794
f 9695 	9883 	9815
f 9694 	9695 	9794
f 9763 	9762 	9604
f 9615 	9763 	9604
f 9765 	9763 	9615
f 9768 	9767 	9762
f 9604 	9762 	9767
f 9775 	9768 	9762
f 9809 	9810 	9812
f 9811 	9812 	9810
f 9811 	9810 	9767
f 9811 	9767 	9766
f 9875 	9876 	9811
f 9799 	9875 	9766
f 9811 	9766 	9875
f 9813 	9803 	9814
f 9882 	9888 	9820
f 9888 	9883 	9697
f 9697 	9696 	9888
f 9574 	9575 	9604
f 9809 	9577 	9604
f 9604 	9767 	9809
f 9810 	9809 	9767
f 9615 	9614 	9765
f 9769 	9765 	9614
f 9770 	9769 	9772
f 9781 	9772 	9614
f 9769 	9614 	9772
f 9614 	9739 	9781
f 9739 	9782 	9781
f 9626 	9625 	9738
f 9742 	9738 	9625
f 9745 	9742 	9625
f 9744 	9742 	9745
f 9574 	9818 	9575
f 9577 	9809 	9812
f 9816 	9575 	9818
f 9574 	9578 	9818
f 9817 	9818 	9578
f 9534 	9821 	9535
f 9535 	9819 	9536
f 9532 	9816 	9818
f 9532 	9818 	9534
f 9826 	9821 	9818
f 9534 	9818 	9821
f 9818 	9817 	9826
f 9819 	9535 	9821
f 9822 	9819 	9821
f 9819 	9822 	9827
f 9566 	9828 	9564
f 9689 	9568 	9823
f 9578 	9577 	9817
f 9817 	9824 	9825
f 9884 	9824 	9812
f 9825 	9824 	9884
f 9826 	9817 	9825
f 9822 	9821 	9826
f 9829 	9826 	9825
f 9822 	9826 	9827
f 9828 	9566 	9819
f 9566 	9559 	9819
f 9820 	9564 	9828
f 9819 	9830 	9828
f 9828 	9831 	9820
f 9831 	9882 	9820
f 9887 	9571 	9820
f 9571 	9887 	9569
f 9823 	9569 	9887
f 9812 	9817 	9577
f 9817 	9812 	9824
f 9829 	9825 	9884
f 9827 	9826 	9829
f 9885 	9832 	9827
f 9879 	9829 	9878
f 9831 	9828 	9830
f 9832 	9830 	9827
f 9819 	9827 	9830
f 9719 	9720 	9723
f 9863 	9715 	9868
f 9833 	9720 	9733
f 9714 	9723 	9835
f 9834 	9835 	9723
f 9714 	9835 	9724
f 9725 	9724 	9835
f 9835 	9834 	9837
f 9836 	9835 	9837
f 9725 	9835 	9836
f 9833 	9733 	9734
f 9838 	9723 	9833
f 9837 	9834 	9846
f 9838 	9846 	9834
f 9847 	9841 	9836
f 9841 	9840 	9836
f 9715 	9836 	9840
f 9840 	9842 	9839
f 9840 	9839 	9715
f 9843 	9722 	9842
f 9839 	9842 	9722
f 9841 	9844 	9840
f 9843 	9842 	9840
f 9843 	9840 	9844
f 9734 	9845 	9833
f 9645 	9845 	9642
f 9734 	9642 	9845
f 9833 	9846 	9838
f 9852 	9848 	9845
f 9833 	9849 	9846
f 9847 	9836 	9837
f 9847 	9853 	9841
f 9848 	9849 	9845
f 9833 	9845 	9849
f 9850 	9846 	9849
f 9846 	9850 	9837
f 9851 	9837 	9850
f 9848 	9649 	9849
f 9851 	9850 	9849
f 9851 	9849 	9649
f 9852 	9658 	9848
f 9853 	9847 	9837
f 9844 	9841 	9853
f 9859 	9855 	9851
f 9855 	9854 	9851
f 9837 	9851 	9854
f 9837 	9854 	9853
f 9856 	9853 	9854
f 9851 	9649 	9859
f 9844 	9853 	9856
f 9844 	9856 	9857
f 9854 	9855 	9653
f 9857 	9854 	9653
f 9857 	9856 	9854
f 9859 	9682 	9855
f 9726 	9728 	9858
f 9727 	9858 	9728
f 9706 	9844 	9857
f 9706 	9707 	9844
f 9843 	9861 	9722
f 9860 	9722 	9861
f 9860 	9858 	9722
f 9861 	9844 	9707
f 9843 	9844 	9861
f 9861 	9707 	9860
f 9858 	9860 	9726
f 9707 	9726 	9860
f 9729 	9708 	9760
f 9709 	9874 	9760
f 9708 	9709 	9760
f 9694 	9873 	9709
f 9708 	9729 	9726
f 9711 	9625 	9712
f 9633 	9712 	9625
f 9712 	9633 	9713
f 9717 	9716 	9711
f 9721 	9717 	9711
f 9625 	9711 	9716
f 9747 	9745 	9862
f 9862 	9745 	9731
f 9863 	9862 	9732
f 9731 	9732 	9862
f 9754 	9747 	9862
f 9732 	9716 	9863
f 9715 	9863 	9716
f 9868 	9865 	9863
f 9862 	9761 	9754
f 9865 	9864 	9863
f 9862 	9863 	9864
f 9862 	9864 	9761
f 9866 	9761 	9864
f 9864 	9865 	9722
f 9867 	9866 	9864
f 9867 	9864 	9722
f 9839 	9868 	9715
f 9710 	9637 	9573
f 9636 	9637 	9710
f 9590 	9573 	9637
f 9632 	9635 	9710
f 9676 	9684 	9672
f 9675 	9672 	9684
f 9674 	9675 	9691
f 9690 	9691 	9675
f 9691 	9678 	9674
f 9680 	9869 	9660
f 9663 	9869 	9680
f 9663 	9680 	9667
f 9870 	9871 	9753
f 9752 	9753 	9871
f 9760 	9757 	9870
f 9871 	9870 	9757
f 9870 	9890 	9760
f 9872 	9791 	9746
f 9792 	9872 	9873
f 9806 	9804 	9873
f 9692 	9693 	9798
f 9808 	9798 	9693
f 9798 	9806 	9692
f 9807 	9693 	9794
f 9808 	9693 	9807
f 9694 	9794 	9693
f 9694 	9692 	9873
f 9806 	9873 	9692
f 9759 	9874 	9746
f 9746 	9874 	9730
f 9730 	9872 	9746
f 9874 	9759 	9760
f 9872 	9730 	9873
f 9626 	9736 	9614
f 9614 	9736 	9735
f 9738 	9736 	9626
f 9876 	9877 	9811
f 9812 	9811 	9877
f 9875 	9799 	9876
f 9878 	9884 	9877
f 9884 	9878 	9829
f 9877 	9876 	9793
f 9879 	9877 	9793
f 9879 	9878 	9877
f 9813 	9814 	9879
f 9879 	9793 	9813
f 9881 	9886 	9880
f 9829 	9880 	9886
f 9814 	9880 	9879
f 9829 	9879 	9880
f 9815 	9883 	9881
f 9815 	9881 	9880
f 9815 	9880 	9794
f 9880 	9814 	9794
f 9885 	9827 	9829
f 9882 	9831 	9830
f 9882 	9830 	9883
f 9832 	9883 	9830
f 9812 	9877 	9884
f 9886 	9885 	9829
f 9832 	9885 	9886
f 9832 	9886 	9883
f 9886 	9881 	9883
f 9565 	9820 	9571
f 9696 	9820 	9888
f 9887 	9820 	9696
f 9695 	9697 	9883
f 9883 	9888 	9882
f 9887 	9696 	9823
f 9816 	9532 	9533
f 9576 	9816 	9533
f 9575 	9816 	9576
f 9865 	9868 	9839
f 9865 	9839 	9722
f 9727 	9728 	9867
f 9858 	9727 	9722
f 9728 	9889 	9867
f 9753 	9867 	9889
f 9889 	9890 	9870
f 9753 	9889 	9870
f 9867 	9722 	9727
f 9729 	9760 	9890
f 9728 	9726 	9889
f 9726 	9729 	9889
f 9729 	9890 	9889
# 640 faces

g group_31_11107152

usemtl color_11107152
s 0

f 9581 	9582 	9580
f 9582 	9583 	9580
f 9579 	9580 	9583
f 9579 	9583 	9584
f 9579 	9584 	9585
f 9579 	9585 	9586
f 9579 	9586 	9587
f 9579 	9587 	9588
f 9579 	9588 	9589
f 9579 	9589 	9599
f 9586 	9590 	9587
f 9585 	9591 	9590
f 9585 	9590 	9586
f 9584 	9592 	9591
f 9584 	9591 	9585
f 9592 	9584 	9593
f 9583 	9593 	9584
f 9583 	9582 	9594
f 9583 	9594 	9593
f 9582 	9581 	9595
f 9582 	9595 	9594
f 9580 	9579 	9602
f 9598 	9605 	9597
f 9599 	9607 	9598
f 9581 	9600 	9595
f 9601 	9600 	9580
f 9581 	9580 	9600
f 9580 	9602 	9601
f 9606 	9603 	9599
f 9599 	9603 	9579
f 9602 	9579 	9603
f 9596 	9597 	9605
f 9606 	9599 	9598
f 9611 	9610 	9597
f 9611 	9597 	9612
f 9596 	9612 	9597
f 9605 	9613 	9596
f 9609 	9598 	9608
f 9605 	9598 	9609
f 9608 	9598 	9607
f 9589 	9627 	9599
f 9598 	9610 	9606
f 9598 	9597 	9610
f 9612 	9596 	9613
f 9609 	9613 	9605
f 9621 	9620 	9608
f 9607 	9622 	9608
f 9618 	9599 	9617
f 9607 	9599 	9618
f 9617 	9599 	9616
f 9627 	9619 	9599
f 9609 	9620 	9613
f 9609 	9608 	9620
f 9621 	9608 	9622
f 9623 	9607 	9618
f 9607 	9623 	9622
f 9631 	9624 	9617
f 9618 	9624 	9623
f 9616 	9599 	9619
f 9619 	9628 	9616
f 9634 	9630 	9627
f 9619 	9627 	9630
f 9627 	9589 	9634
f 9635 	9634 	9589
f 9618 	9617 	9624
f 9629 	9631 	9616
f 9617 	9616 	9631
f 9616 	9628 	9629
f 9628 	9619 	9630
f 9635 	9589 	9588
f 9635 	9588 	9636
f 9636 	9588 	9637
f 9587 	9637 	9588
f 9587 	9590 	9637
# 74 faces

 #end of obj_31

o obj_32
v -161.5988 		-85.6938 		41.9452
v -166 		-81.664 		32.6694
v -159.4503 		-86.4281 		52.1239
v -159.5906 		-86.2524 		52.0446
v -159.6577 		-85.351 		55.7531
v -157.4407 		-83.0341 		36.0079
v -157.0817 		-81.7771 		34.6399
v -155.6048 		-80.7381 		41.9452
v -158.8903 		-83.645 		41.9452
v -158.757 		-77.7046 		41.9452
v -155.0814 		-82.7686 		52.0439
v -154.3395 		-82.2593 		55.7531
v -158.8344 		-83.9166 		43.9926
v -158.6151 		-83.9611 		44.1505
v -157.8521 		-82.7584 		49.8986
v -156.2526 		-82.7484 		56.7177
v -155.1622 		-82.9786 		52.123
v -155.9449 		-83.9048 		61.5429
v -161.3367 		-81.3969 		49.8986
v -156.3543 		-83.545 		61.735
v -156.7759 		-84.1933 		58.5563
v -155.7594 		-83.7341 		62.5621
v -157.9761 		-82.0999 		62.5621
v -160.1253 		-84.5408 		49.8986
v -159.0247 		-85.3912 		55.5287
v -156.7715 		-84.3867 		58.6242
v -155.2664 		-84.9592 		68.9264
v -158.9735 		-85.1006 		56.7177
v -157.7099 		-84.5644 		62.5621
v -155.2998 		-85.0973 		68.9762
v -157.531 		-85.229 		66.8648
v -157.0893 		-85.3788 		66.6999
v -157.6536 		-85.8818 		64.1398
v -156.9979 		-85.1821 		67.5743
v -157.5872 		-86.0334 		64.1979
v -155.9998 		-85.0435 		71.8702
v -155.9982 		-85.5496 		75.0319
v -156.2086 		-85.9898 		73.0286
v -155.7131 		-85.7405 		74.9107
v -156.1901 		-86.1098 		73.0712
v -157.7055 		-82.5723 		32.6694
v -154.3395 		-74.8853 		32.6694
v -160.7413 		-90.0122 		41.9452
v -160.5419 		-88.4427 		36.0081
v -161.0715 		-88.4427 		32.6694
v -160.48 		-90.0996 		43.9929
v -160.3317 		-89.9301 		44.1511
v -156.9407 		-89.1443 		14
v -157.0323 		-88.4427 		14
v -156.9407 		-87.7411 		14
v -156.6715 		-87.0869 		14
v -156.2433 		-86.5257 		14
v -155.6859 		-86.0945 		14
v -155.0363 		-85.8234 		14
v -154.3395 		-85.7312 		14
v -153.6427 		-85.8234 		14
v -152.9931 		-86.0945 		14
v -152.4357 		-86.5257 		14
v -154.3395 		-86.1093 		20.3591
v -154.9195 		-86.2625 		21.6439
v -155.4313 		-86.5386 		22.623
v -155.9242 		-86.847 		21.6436
v -156.3463 		-87.276 		20.3592
v -156.3463 		-87.276 		20.3591
v -155.0363 		-91.0619 		14
v -155.6859 		-90.7908 		14
v -156.2433 		-90.3597 		14
v -156.6715 		-89.7984 		14
v -156.5047 		-87.8587 		21.6445
v -156.5231 		-88.4427 		22.623
v -156.5047 		-89.0266 		21.6445
v -156.3463 		-89.6093 		20.3591
v -166 		-95.2213 		32.6694
v -154.3395 		-91.1541 		14
v -156.3463 		-89.6093 		20.3592
v -152.4357 		-90.3597 		14
v -152.9931 		-90.7908 		14
v -153.6427 		-91.0619 		14
v -155.9242 		-90.0383 		21.6436
v -155.4313 		-90.3468 		22.623
v -154.9195 		-90.6229 		21.6439
v -154.3395 		-90.776 		20.3591
v -154.3395 		-102 		32.6694
v -157.7055 		-94.313 		32.6694
v -151.6467 		-88.4427 		14
v -151.7383 		-89.1443 		14
v -152.0075 		-89.7984 		14
v -151.7383 		-87.7411 		14
v -153.7595 		-90.6229 		21.6439
v -153.2477 		-90.3468 		22.623
v -152.7548 		-90.0383 		21.6436
v -152.3327 		-89.6093 		20.3592
v -152.3327 		-89.6093 		20.3591
v -142.679 		-95.2213 		32.6694
v -150.9735 		-94.313 		32.6694
v -152.0075 		-87.0869 		14
v -152.1743 		-87.8587 		21.6445
v -152.1559 		-88.4427 		22.623
v -152.3327 		-87.276 		20.3591
v -152.1743 		-89.0266 		21.6445
v -142.679 		-81.664 		32.6694
v -147.6075 		-88.4427 		32.6694
v -152.3327 		-87.276 		20.3592
v -152.7548 		-86.847 		21.6436
v -153.2477 		-86.5386 		22.623
v -153.7595 		-86.2625 		21.6439
v -149.9776 		-82.7187 		34.64
v -151.2383 		-83.0341 		36.008
v -148.3456 		-83.487 		41.9452
v -149.8306 		-84.9588 		52.0439
v -149.0214 		-85.3511 		55.7538
v -150.0513 		-84.9932 		52.1228
v -147.3126 		-79.2216 		41.9452
v -147.6088 		-83.2421 		56.7177
v -152.4885 		-82.0756 		41.9452
v -152.6227 		-82.4735 		44.1501
v -152.6941 		-82.26 		43.9922
v -148.5783 		-86.0396 		67.5743
v -151.2067 		-82.5375 		49.8986
v -150.3984 		-83.927 		56.7177
v -151.2394 		-84.7738 		61.5438
v -149.7954 		-87.84 		75.5524
v -151.9033 		-84.1937 		58.5555
v -151.1347 		-84.2372 		61.7358
v -151 		-84.8501 		62.5621
v -152.0669 		-84.2938 		58.6232
v -150.6885 		-85.9919 		67.5743
v -151.778 		-78.8176 		49.8986
v -150.7029 		-82.0999 		62.5621
v -153.8765 		-81.4465 		49.8986
v -154.0576 		-82.8314 		55.5288
v -151.807 		-85.8926 		68.9262
v -151.2697 		-86.0707 		71.263
v -151.4455 		-86.432 		71.1218
v -151.29 		-86.532 		71.8702
v -150.5595 		-84.6364 		71.8702
v -153.7821 		-82.7308 		56.7177
v -155.4469 		-79.9727 		56.7177
v -152.689 		-83.564 		62.5621
v -153.1713 		-84.053 		66.8662
v -153.7943 		-84.2726 		64.1393
v -153.0793 		-84.5129 		66.7014
v -152.8649 		-84.4943 		67.5743
v -153.5256 		-82.2178 		67.5743
v -153.8912 		-84.4059 		64.1973
v -152.6808 		-85.5496 		75.0318
v -153.1647 		-85.5863 		73.028
v -152.7023 		-85.894 		74.9105
v -152.2463 		-85.2956 		71.8702
v -152.5464 		-85.9218 		75.5524
v -151.2841 		-87.4021 		75.5524
v -152.5858 		-84.1789 		75.5524
v -154.6217 		-84.0335 		67.5743
v -154.8446 		-84.5795 		71.263
v -154.6217 		-84.9136 		71.1216
v -154.4579 		-84.828 		71.8702
v -155.7229 		-83.2434 		71.8702
v -155.6112 		-85.6185 		75.5524
v -153.7069 		-85.2581 		75.5524
v -153.2587 		-85.6624 		73.0707
v -154.7016 		-88.8073 		87.1072
v -154.7908 		-88.7914 		86.4125
v -154.3395 		-88.4427 		90
v -154.8345 		-88.3091 		87.1059
v -155.6004 		-87.4683 		82.2196
v -154.8656 		-88.2232 		86.4098
v -154.4721 		-87.9443 		87.1061
v -154.132 		-86.8559 		82.2196
v -154.3367 		-86.6905 		80.1866
v -154.4138 		-87.8742 		86.4101
v -153.9772 		-88.0778 		87.106
v -152.8313 		-87.5691 		80.1872
v -152.8714 		-87.8303 		82.2212
v -153.8876 		-88.0936 		86.409
v -153.8445 		-88.5762 		87.1059
v -153.8134 		-88.6621 		86.4098
v -154.2069 		-88.941 		87.1061
v -154.2652 		-89.0111 		86.4101
v -150.9735 		-82.5723 		32.6694
v -147.0802 		-91.1916 		41.9452
v -147.2354 		-89.3844 		34.64
v -148.1371 		-88.4427 		36.0081
v -142.8951 		-89.9597 		41.9452
v -146.5014 		-91.712 		56.7177
v -149.0213 		-91.5344 		55.7531
v -149.0884 		-90.633 		52.0446
v -147.9377 		-86.8731 		41.9452
v -148.3473 		-86.9552 		44.1511
v -148.199 		-86.7857 		43.9929
v -149.2287 		-90.4572 		52.1239
v -149.3922 		-92.2652 		67.5743
v -147.6945 		-88.2217 		49.8986
v -148.4858 		-89.6217 		56.7177
v -149.6343 		-89.3118 		61.5435
v -151.5498 		-92.1038 		75.5524
v -152.4889 		-90.7755 		73.0712
v -152.4704 		-90.8956 		73.0286
v -153.0678 		-91.2668 		75.5524
v -154.547 		-90.0294 		82.2196
v -148.5537 		-92.3445 		49.8986
v -149.6543 		-91.4941 		55.5287
v -148.0905 		-85.348 		49.8986
v -149.3724 		-85.8827 		55.5295
v -153.0742 		-96.1472 		41.9452
v -151.5973 		-95.1082 		34.6399
v -149.922 		-99.1808 		41.9452
v -151.2383 		-93.8512 		36.0079
v -154.3395 		-94.626 		55.7531
v -153.5976 		-94.1167 		52.0439
v -153.2321 		-96.9126 		56.7177
v -149.7887 		-93.2403 		41.9452
v -153.5168 		-93.9067 		52.123
v -150.0639 		-92.9243 		44.1505
v -149.8446 		-92.9687 		43.9926
v -155.1534 		-94.6675 		67.5743
v -150.8269 		-94.127 		49.8986
v -152.4264 		-94.1369 		56.7177
v -152.3247 		-93.3403 		61.735
v -151.9031 		-92.692 		58.5563
v -152.7341 		-92.9805 		61.5429
v -152.9196 		-93.1513 		62.5621
v -150.7029 		-94.7855 		62.5621
v -151.9075 		-92.4986 		58.6242
v -154.0573 		-92.8518 		67.5743
v -153.8344 		-92.3058 		71.263
v -153.4126 		-91.9261 		68.9264
v -154.0573 		-91.9717 		71.1216
v -154.2211 		-92.0574 		71.8702
v -152.9561 		-93.6419 		71.8702
v -150.9691 		-92.3209 		62.5621
v -160.3334 		-93.3983 		41.9452
v -158.7014 		-94.1666 		34.64
v -161.3664 		-97.6637 		41.9452
v -157.4407 		-93.8512 		36.008
v -161.0702 		-93.6433 		56.7177
v -159.6576 		-91.5342 		55.7538
v -158.8484 		-91.9266 		52.0439
v -156.1905 		-94.8098 		41.9452
v -156.0563 		-94.4118 		44.1501
v -157.4723 		-94.3478 		49.8986
v -155.9849 		-94.6253 		43.9922
v -156.901 		-98.0677 		49.8986
v -158.2806 		-92.9583 		56.7177
v -158.6277 		-91.8922 		52.1228
v -157.5443 		-92.6482 		61.7358
v -156.7757 		-92.6917 		58.5555
v -157.4396 		-92.1116 		61.5438
v -157.679 		-92.0352 		62.5621
v -157.9761 		-94.7855 		62.5621
v -154.8025 		-95.4389 		49.8986
v -154.6214 		-94.0539 		55.5288
v -154.8969 		-94.1546 		56.7177
v -155.99 		-93.3213 		62.5621
v -156.6122 		-92.5916 		58.6232
v -155.5077 		-92.8323 		66.8662
v -154.8847 		-92.6128 		64.1393
v -155.5997 		-92.3724 		66.7014
v -155.8141 		-92.3911 		67.5743
v -154.7878 		-92.4794 		64.1973
v -155.4203 		-91.2229 		73.0707
v -155.5143 		-91.299 		73.028
v -160.1001 		-90.8457 		67.5743
v -158.8836 		-89.0453 		75.5524
v -156.7364 		-90.9528 		68.9763
v -156.872 		-90.9927 		68.9262
v -156.4327 		-91.5898 		71.8702
v -158.1195 		-92.2489 		71.8702
v -157.9905 		-90.8935 		67.5743
v -157.4093 		-90.8146 		71.263
v -157.2335 		-90.4534 		71.1218
v -157.389 		-90.3534 		71.8702
v -157.3946 		-89.4832 		75.5524
v -155.9981 		-91.3356 		75.0324
v -155.9765 		-90.9912 		74.9113
v -156.1322 		-90.9634 		75.5524
v -155.8073 		-89.055 		82.2214
v -155.8472 		-89.316 		80.1896
v -160.5885 		-91.5373 		49.8986
v -159.3066 		-91.0026 		55.5295
v -159.5309 		-90.8128 		56.7177
v -163.8983 		-91.0219 		49.8986
v -157.2713 		-88.8901 		73.0703
v -157.3835 		-88.8463 		73.0277
v -157.4043 		-88.1396 		75.5524
v -161.4436 		-87.5009 		34.64
v -160.9845 		-88.6636 		49.8986
v -165.7839 		-86.9256 		41.9452
v -162.1776 		-85.1733 		56.7177
v -159.2862 		-84.6202 		67.5743
v -160.1932 		-87.2636 		56.7177
v -159.0447 		-87.5735 		61.5435
v -157.1292 		-84.7815 		75.5524
v -159.0438 		-88.5355 		58.6241
v -159.2122 		-88.4427 		58.5562
v -159.5591 		-87.7508 		61.7357
v -159.0988 		-87.3266 		62.5621
v -158.2727 		-86.4842 		67.5743
v -161.6128 		-88.4427 		62.5621
v -157.9144 		-86.9515 		71.2631
v -157.5158 		-86.9242 		71.1216
v -157.7986 		-87.5095 		68.9257
v -144.7807 		-85.8634 		49.8986
v -149.4668 		-88.4427 		58.5562
v -149.1199 		-89.1346 		61.7357
v -149.5802 		-89.5588 		62.5621
v -147.0662 		-88.4427 		62.5621
v -149.6352 		-88.3499 		58.6241
v -150.4058 		-90.4012 		67.5743
v -150.7646 		-89.9338 		71.2631
v -150.8804 		-89.3759 		68.9257
v -151.1628 		-89.9611 		71.1217
v -151.1711 		-90.1468 		71.8702
v -149.1761 		-89.8357 		71.8702
v -149.1481 		-86.0725 		56.7177
v -149.3187 		-87.4426 		62.5621
v -150.9822 		-89.278 		68.9754
v -150.4801 		-86.8329 		64.1391
v -149.9798 		-87.2663 		66.8653
v -150.3296 		-87.5767 		66.7004
v -150.2062 		-87.7545 		67.5743
v -150.6434 		-86.815 		64.1972
v -150.586 		-88.6944 		71.8702
v -151.022 		-88.4427 		75.0318
v -151.2955 		-88.039 		73.0277
v -151.3287 		-88.5959 		74.9105
v -151.2747 		-88.7458 		75.5524
v -151.9171 		-90.5867 		75.5524
v -151.4077 		-87.9952 		73.0704
v -153.079 		-89.4166 		82.222
v -152.8345 		-89.3209 		80.19
v -147.3423 		-95.4884 		49.8986
v -149.7055 		-91.7848 		56.7177
v -151.148 		-91.6563 		66.865
v -151.0254 		-91.0032 		64.1388
v -151.5898 		-91.5065 		66.7001
v -151.6811 		-91.7031 		67.5743
v -151.0916 		-90.8521 		64.1968
v -151.9426 		-85.9325 		68.9763
v -152.6792 		-91.8418 		71.8702
v -153.3792 		-91.788 		68.9762
v -154.9721 		-91.6272 		75.5524
v -156.0932 		-92.7064 		75.5524
v -154.3423 		-90.1948 		80.1866
v -158.0356 		-90.0703 		64.1973
v -158.1986 		-90.0525 		64.1393
v -158.6991 		-89.619 		66.8656
v -158.3494 		-89.3087 		66.7004
v -158.4729 		-89.1308 		67.5743
v -157.657 		-88.4427 		75.0318
v -157.3503 		-88.2894 		74.9105
v -157.5075 		-86.7385 		71.8702
v -159.5029 		-87.0496 		71.8702
v -159.3603 		-89.4427 		62.5621
v -157.6968 		-87.6074 		68.9754
v -158.093 		-88.191 		71.8702
v -156.762 		-86.2985 		75.5524
v -155.8452 		-87.564 		80.1857
v -152.6808 		-91.3357 		75.0319
v -152.9659 		-91.1449 		74.9107
# 359 vertices

g group_32_1206582

usemtl color_1206582
s 0

f 9893 	9894 	9891
f 9891 	9895 	9892
f 9895 	9891 	9894
f 9900 	9897 	9896
f 9900 	9898 	9897
f 9910 	9906 	9900
f 9901 	10028 	9902
f 9905 	9900 	9904
f 9900 	9896 	9899
f 9899 	9904 	9900
f 9903 	9905 	9904
f 9898 	9900 	9907
f 9906 	9907 	9900
f 9900 	9905 	9910
f 10028 	9901 	9906
f 9907 	9906 	9901
f 9906 	9908 	10028
f 9916 	9911 	9905
f 9906 	9910 	9908
f 9912 	10028 	9908
f 9912 	9908 	9910
f 9909 	9905 	9903
f 9914 	9909 	9903
f 9910 	9905 	9911
f 9916 	9905 	9909
f 9909 	9919 	9916
f 9911 	9913 	9910
f 9913 	9912 	9910
f 9915 	9909 	9914
f 9918 	9909 	9915
f 9913 	9911 	9919
f 9916 	9919 	9911
f 9917 	10044 	9912
f 9920 	9917 	9912
f 9920 	9912 	9913
f 9915 	9895 	9918
f 9918 	9895 	10178
f 9925 	9923 	9918
f 9909 	9921 	9919
f 9923 	9921 	9918
f 9924 	9913 	9922
f 9920 	9926 	9917
f 9919 	9921 	9922
f 9909 	9918 	9921
f 9919 	9922 	9913
f 9924 	9922 	9921
f 9924 	9921 	10179
f 9921 	9923 	10179
f 9913 	9926 	9920
f 9928 	9927 	9924
f 9913 	9924 	9927
f 9927 	9929 	9926
f 9927 	9926 	9913
f 9928 	10182 	9927
f 9929 	9927 	10048
f 9924 	9930 	9928
f 9897 	9931 	9896
f 9932 	9931 	9897
f 9898 	9932 	9897
f 9901 	9902 	9898
f 9932 	9898 	9902
f 9898 	9907 	9901
f 9931 	9892 	9896
f 9896 	9892 	9899
f 9904 	9899 	9903
f 9892 	9914 	9903
f 9903 	9899 	9892
f 9914 	9892 	9895
f 9915 	9914 	9895
f 9935 	9963 	9934
f 9937 	9933 	9936
f 9963 	9936 	9933
f 9951 	9952 	9931
f 9892 	9931 	9952
f 9952 	9953 	9892
f 9954 	9892 	9953
f 9960 	9961 	9935
f 9963 	9935 	9961
f 9961 	9962 	9963
f 9962 	9965 	9963
f 9935 	9892 	9959
f 9960 	9935 	9959
f 9959 	9892 	9954
f 9949 	9950 	9932
f 9951 	9931 	9950
f 9931 	9932 	9950
f 9974 	9970 	9971
f 9973 	9974 	9971
f 9971 	9972 	9973
f 9980 	9981 	9985
f 9984 	9985 	9981
f 9981 	9982 	9984
f 9982 	9983 	9984
f 9984 	9990 	9992
f 9973 	9979 	9985
f 9979 	9973 	9972
f 9980 	9985 	9979
f 9974 	9963 	9969
f 9974 	9969 	9970
f 9965 	9969 	9963
f 9988 	9987 	9992
f 9991 	9992 	9987
f 9989 	9991 	9987
f 9989 	9993 	9991
f 9993 	9994 	9991
f 9995 	10069 	9994
f 9988 	9992 	9990
f 9983 	9990 	9984
f 10005 	10003 	9998
f 10000 	10004 	10001
f 9997 	10003 	9999
f 9997 	9998 	10003
f 10006 	10003 	10005
f 10009 	10003 	10006
f 9999 	10003 	10002
f 10002 	10010 	10000
f 10007 	10009 	10006
f 10004 	10000 	10010
f 10211 	10204 	10004
f 10003 	10010 	10002
f 10016 	10013 	10009
f 10003 	10014 	10010
f 10010 	10011 	10004
f 10015 	10004 	10011
f 10008 	10207 	10017
f 10018 	10007 	10020
f 10003 	10009 	10014
f 10013 	10014 	10009
f 10011 	10010 	10014
f 10014 	10013 	10019
f 10015 	10014 	10019
f 10011 	10014 	10015
f 10013 	10016 	10029
f 10029 	10019 	10013
f 10228 	10022 	10015
f 10017 	10211 	10004
f 10004 	10023 	10017
f 10025 	10008 	10024
f 10007 	10018 	10009
f 10029 	10016 	10018
f 10016 	10009 	10018
f 10020 	10021 	10018
f 10019 	10228 	10015
f 10022 	10023 	10015
f 10004 	10015 	10023
f 10024 	10017 	10023
f 10017 	10024 	10008
f 10022 	10026 	10023
f 10025 	10023 	10026
f 10024 	10023 	10025
f 10021 	10027 	10018
f 10027 	10021 	9902
f 10027 	9902 	10028
f 10035 	10031 	10027
f 10031 	10030 	10027
f 10018 	10027 	10030
f 10030 	10032 	10029
f 10030 	10029 	10018
f 10033 	10019 	10032
f 10029 	10032 	10019
f 10031 	10034 	10030
f 10033 	10032 	10030
f 10033 	10030 	10034
f 10037 	10036 	10033
f 10019 	10033 	10036
f 10036 	10038 	10039
f 10036 	10039 	10019
f 10026 	10039 	10038
f 10026 	10038 	10040
f 10218 	10008 	10041
f 10037 	10042 	10036
f 10040 	10036 	10042
f 10038 	10036 	10040
f 10043 	10035 	10028
f 10035 	10027 	10028
f 10028 	9912 	10044
f 10044 	10045 	10043
f 10044 	10043 	10028
f 10046 	10034 	10045
f 10034 	10043 	10045
f 9917 	10047 	10044
f 10046 	10044 	10047
f 10046 	10045 	10044
f 9917 	9926 	10047
f 10048 	10047 	9929
f 9926 	9929 	10047
f 10037 	10050 	10049
f 10037 	10049 	10042
f 10012 	10214 	10041
f 10053 	10182 	10056
f 10055 	10056 	10182
f 10174 	10153 	10054
f 10056 	10054 	10053
f 10052 	10051 	10053
f 10057 	10047 	10048
f 10060 	10059 	10047
f 10057 	10060 	10047
f 10046 	10059 	10034
f 10058 	10034 	10059
f 10058 	10049 	10034
f 10059 	10046 	10047
f 10053 	10042 	10060
f 10058 	10060 	10042
f 10059 	10060 	10058
f 10049 	10058 	10042
f 10061 	10026 	10040
f 10025 	10062 	10008
f 10063 	10008 	10062
f 10063 	10041 	10008
f 10062 	10026 	10064
f 10025 	10026 	10062
f 10061 	10064 	10026
f 10062 	10064 	10063
f 10012 	10063 	10064
f 10012 	10064 	10053
f 10041 	10063 	10012
f 10053 	10065 	10012
f 10042 	10053 	10061
f 10061 	10040 	10042
f 10064 	10061 	10053
f 10048 	10182 	10057
f 10053 	10057 	10182
f 10053 	10060 	10057
f 10053 	10085 	10066
f 10053 	10068 	10067
f 10053 	10067 	10085
f 10066 	10065 	10053
f 10216 	10012 	10065
f 9998 	9997 	10069
f 10069 	9997 	9991
f 9999 	9991 	9997
f 10000 	10001 	9999
f 10002 	10000 	9999
f 9991 	9999 	10001
f 10070 	10071 	10073
f 10071 	10072 	10073
f 10077 	10073 	10072
f 10070 	10073 	10080
f 10076 	10074 	10075
f 10077 	10078 	10073
f 10076 	10083 	10074
f 10080 	10083 	10076
f 10082 	10073 	10078
f 10192 	10082 	10079
f 10197 	10193 	10082
f 10080 	10073 	10083
f 10083 	10084 	10074
f 10195 	10074 	10084
f 10233 	10068 	10089
f 10089 	10068 	10232
f 10075 	10090 	9984
f 10090 	10104 	9984
f 10075 	10091 	10090
f 10072 	9992 	9991
f 10078 	10077 	10079
f 10077 	9991 	10079
f 10077 	10072 	9991
f 10079 	9991 	10092
f 10001 	10093 	10092
f 10001 	10092 	9991
f 10020 	10007 	9932
f 9932 	9902 	10020
f 10021 	10020 	9902
f 9932 	10007 	10005
f 10006 	10005 	10007
f 10005 	9998 	9932
f 9932 	9998 	10069
f 10094 	10095 	10096
f 10095 	10097 	10096
f 10099 	10100 	10098
f 10096 	10097 	10101
f 10101 	10103 	10096
f 10102 	10094 	10096
f 10102 	10107 	10099
f 10103 	10106 	10096
f 10100 	10099 	10107
f 10103 	10104 	10106
f 10107 	10102 	10096
f 10113 	10109 	10106
f 10109 	10108 	10106
f 10096 	10106 	10108
f 10108 	10110 	10107
f 10108 	10107 	10096
f 10111 	10100 	10110
f 10107 	10110 	10100
f 10109 	10112 	10108
f 10111 	10110 	10108
f 10111 	10108 	10112
f 10113 	10120 	10109
f 10100 	10114 	10149
f 10105 	10146 	10114
f 10230 	10116 	10111
f 10116 	10115 	10111
f 10100 	10111 	10115
f 10100 	10115 	10114
f 10117 	10114 	10115
f 10118 	10105 	10117
f 10114 	10117 	10105
f 10116 	10119 	10115
f 10118 	10115 	10119
f 10118 	10117 	10115
f 10112 	10109 	10120
f 10226 	10112 	10225
f 10120 	10225 	10112
f 10099 	10098 	10094
f 10102 	10099 	10094
f 9973 	10094 	10098
f 10121 	10122 	10123
f 10124 	10123 	10122
f 10128 	10123 	10124
f 10127 	10125 	10126
f 10129 	10130 	10123
f 10129 	10123 	10128
f 10130 	10129 	10131
f 10130 	10131 	10132
f 10133 	10134 	10123
f 10121 	10123 	10134
f 10125 	10127 	10133
f 10134 	10133 	10127
f 10144 	10136 	10130
f 10136 	10135 	10130
f 10123 	10130 	10135
f 10123 	10135 	10133
f 10137 	10133 	10135
f 10138 	10125 	10137
f 10133 	10137 	10125
f 10136 	10139 	10135
f 10138 	10137 	10135
f 10138 	10135 	10139
f 10132 	10131 	10140
f 10142 	10132 	10141
f 10141 	10132 	10140
f 10142 	10141 	10098
f 10142 	10098 	10100
f 10149 	10146 	10142
f 10144 	10130 	10132
f 10143 	10144 	10132
f 10139 	10136 	10143
f 10144 	10143 	10136
f 10146 	10145 	10142
f 10132 	10142 	10145
f 10132 	10145 	10143
f 10147 	10143 	10145
f 10148 	10139 	10147
f 10143 	10147 	10139
f 10145 	10146 	10105
f 10148 	10145 	10105
f 10148 	10147 	10145
f 10142 	10100 	10149
f 10149 	10114 	10146
f 10154 	10155 	10138
f 10156 	10154 	10139
f 10148 	10150 	10151
f 10151 	10163 	10148
f 10150 	10148 	10105
f 10150 	10231 	10151
f 10159 	10158 	10125
f 10152 	10235 	10158
f 10161 	10152 	10160
f 10155 	10159 	10138
f 10125 	10138 	10159
f 10138 	10139 	10154
f 10154 	10156 	10155
f 10156 	10157 	10155
f 10159 	10160 	10158
f 10158 	10160 	10152
f 10155 	10157 	10159
f 10161 	10159 	10157
f 10161 	10160 	10159
f 10172 	10152 	10162
f 10167 	10152 	10161
f 10139 	10148 	10163
f 10139 	10163 	10156
f 10164 	10156 	10163
f 10164 	10157 	10156
f 10165 	10157 	10164
f 10151 	10232 	10163
f 10165 	10164 	10163
f 10153 	10173 	10162
f 10152 	10166 	10162
f 10152 	10167 	10166
f 10161 	10157 	10167
f 10162 	10166 	10153
f 10054 	10242 	10174
f 10053 	10054 	10153
f 10122 	10121 	9963
f 9974 	10122 	9963
f 10124 	10122 	9974
f 10127 	10126 	10121
f 9963 	10121 	10126
f 10134 	10127 	10121
f 10168 	10169 	10171
f 10170 	10171 	10169
f 10170 	10169 	10126
f 10170 	10126 	10125
f 10234 	10235 	10170
f 10158 	10234 	10125
f 10170 	10125 	10234
f 10172 	10162 	10173
f 10241 	10247 	10179
f 10247 	10242 	10056
f 10056 	10055 	10247
f 9933 	9934 	9963
f 10168 	9936 	9963
f 9963 	10126 	10168
f 10169 	10168 	10126
f 9974 	9973 	10124
f 10128 	10124 	9973
f 10129 	10128 	10131
f 10140 	10131 	9973
f 10128 	9973 	10131
f 9973 	10098 	10140
f 10098 	10141 	10140
f 9985 	9984 	10097
f 10101 	10097 	9984
f 10104 	10101 	9984
f 10103 	10101 	10104
f 9933 	10177 	9934
f 9936 	10168 	10171
f 10175 	9934 	10177
f 9933 	9937 	10177
f 10176 	10177 	9937
f 9893 	10180 	9894
f 9894 	10178 	9895
f 9891 	10175 	10177
f 9891 	10177 	9893
f 10185 	10180 	10177
f 9893 	10177 	10180
f 10177 	10176 	10185
f 10178 	9894 	10180
f 10181 	10178 	10180
f 10178 	10181 	10186
f 9925 	10187 	9923
f 10048 	9927 	10182
f 9937 	9936 	10176
f 10176 	10183 	10184
f 10243 	10183 	10171
f 10184 	10183 	10243
f 10185 	10176 	10184
f 10181 	10180 	10185
f 10188 	10185 	10184
f 10181 	10185 	10186
f 10187 	9925 	10178
f 9925 	9918 	10178
f 10179 	9923 	10187
f 10178 	10189 	10187
f 10187 	10190 	10179
f 10190 	10241 	10179
f 10246 	9930 	10179
f 9930 	10246 	9928
f 10182 	9928 	10246
f 10171 	10176 	9936
f 10176 	10171 	10183
f 10188 	10184 	10243
f 10186 	10185 	10188
f 10244 	10191 	10186
f 10238 	10188 	10237
f 10190 	10187 	10189
f 10191 	10189 	10186
f 10178 	10186 	10189
f 10078 	10079 	10082
f 10222 	10074 	10227
f 10192 	10079 	10092
f 10073 	10082 	10194
f 10193 	10194 	10082
f 10073 	10194 	10083
f 10084 	10083 	10194
f 10194 	10193 	10196
f 10195 	10194 	10196
f 10084 	10194 	10195
f 10192 	10092 	10093
f 10197 	10082 	10192
f 10196 	10193 	10205
f 10197 	10205 	10193
f 10206 	10200 	10195
f 10200 	10199 	10195
f 10074 	10195 	10199
f 10199 	10201 	10198
f 10199 	10198 	10074
f 10202 	10081 	10201
f 10198 	10201 	10081
f 10200 	10203 	10199
f 10202 	10201 	10199
f 10202 	10199 	10203
f 10093 	10204 	10192
f 10004 	10204 	10001
f 10093 	10001 	10204
f 10192 	10205 	10197
f 10211 	10207 	10204
f 10192 	10208 	10205
f 10206 	10195 	10196
f 10206 	10212 	10200
f 10207 	10208 	10204
f 10192 	10204 	10208
f 10209 	10205 	10208
f 10205 	10209 	10196
f 10210 	10196 	10209
f 10207 	10008 	10208
f 10210 	10209 	10208
f 10210 	10208 	10008
f 10211 	10017 	10207
f 10212 	10206 	10196
f 10203 	10200 	10212
f 10218 	10214 	10210
f 10214 	10213 	10210
f 10196 	10210 	10213
f 10196 	10213 	10212
f 10215 	10212 	10213
f 10210 	10008 	10218
f 10203 	10212 	10215
f 10203 	10215 	10216
f 10213 	10214 	10012
f 10216 	10213 	10012
f 10216 	10215 	10213
f 10218 	10041 	10214
f 10085 	10087 	10217
f 10086 	10217 	10087
f 10065 	10203 	10216
f 10065 	10066 	10203
f 10202 	10220 	10081
f 10219 	10081 	10220
f 10219 	10217 	10081
f 10220 	10203 	10066
f 10202 	10203 	10220
f 10220 	10066 	10219
f 10217 	10219 	10085
f 10066 	10085 	10219
f 10088 	10067 	10119
f 10068 	10233 	10119
f 10067 	10068 	10119
f 10053 	10232 	10068
f 10067 	10088 	10085
f 10070 	9984 	10071
f 9992 	10071 	9984
f 10071 	9992 	10072
f 10076 	10075 	10070
f 10080 	10076 	10070
f 9984 	10070 	10075
f 10106 	10104 	10221
f 10221 	10104 	10090
f 10222 	10221 	10091
f 10090 	10091 	10221
f 10113 	10106 	10221
f 10091 	10075 	10222
f 10074 	10222 	10075
f 10227 	10224 	10222
f 10221 	10120 	10113
f 10224 	10223 	10222
f 10221 	10222 	10223
f 10221 	10223 	10120
f 10225 	10120 	10223
f 10223 	10224 	10081
f 10226 	10225 	10223
f 10226 	10223 	10081
f 10198 	10227 	10074
f 10069 	9996 	9932
f 9995 	9996 	10069
f 9949 	9932 	9996
f 9991 	9994 	10069
f 10035 	10043 	10031
f 10034 	10031 	10043
f 10033 	10034 	10050
f 10049 	10050 	10034
f 10050 	10037 	10033
f 10039 	10228 	10019
f 10022 	10228 	10039
f 10022 	10039 	10026
f 10229 	10230 	10112
f 10111 	10112 	10230
f 10119 	10116 	10229
f 10230 	10229 	10116
f 10229 	10249 	10119
f 10231 	10150 	10105
f 10151 	10231 	10232
f 10165 	10163 	10232
f 10051 	10052 	10157
f 10167 	10157 	10052
f 10157 	10165 	10051
f 10166 	10052 	10153
f 10167 	10052 	10166
f 10053 	10153 	10052
f 10053 	10051 	10232
f 10165 	10232 	10051
f 10118 	10233 	10105
f 10105 	10233 	10089
f 10089 	10231 	10105
f 10233 	10118 	10119
f 10231 	10089 	10232
f 9985 	10095 	9973
f 9973 	10095 	10094
f 10097 	10095 	9985
f 10235 	10236 	10170
f 10171 	10170 	10236
f 10234 	10158 	10235
f 10237 	10243 	10236
f 10243 	10237 	10188
f 10236 	10235 	10152
f 10238 	10236 	10152
f 10238 	10237 	10236
f 10172 	10173 	10238
f 10238 	10152 	10172
f 10240 	10245 	10239
f 10188 	10239 	10245
f 10173 	10239 	10238
f 10188 	10238 	10239
f 10174 	10242 	10240
f 10174 	10240 	10239
f 10174 	10239 	10153
f 10239 	10173 	10153
f 10244 	10186 	10188
f 10241 	10190 	10189
f 10241 	10189 	10242
f 10191 	10242 	10189
f 10171 	10236 	10243
f 10245 	10244 	10188
f 10191 	10244 	10245
f 10191 	10245 	10242
f 10245 	10240 	10242
f 9924 	10179 	9930
f 10055 	10179 	10247
f 10246 	10179 	10055
f 10054 	10056 	10242
f 10242 	10247 	10241
f 10246 	10055 	10182
f 10175 	9891 	9892
f 9935 	10175 	9892
f 9934 	10175 	9935
f 10224 	10227 	10198
f 10224 	10198 	10081
f 10086 	10087 	10226
f 10217 	10086 	10081
f 10087 	10248 	10226
f 10112 	10226 	10248
f 10248 	10249 	10229
f 10112 	10248 	10229
f 10226 	10081 	10086
f 10088 	10119 	10249
f 10087 	10085 	10248
f 10085 	10088 	10248
f 10088 	10249 	10248
# 640 faces

g group_32_11107152

usemtl color_11107152
s 0

f 9940 	9941 	9939
f 9941 	9942 	9939
f 9938 	9939 	9942
f 9938 	9942 	9943
f 9938 	9943 	9944
f 9938 	9944 	9945
f 9938 	9945 	9946
f 9938 	9946 	9947
f 9938 	9947 	9948
f 9938 	9948 	9958
f 9945 	9949 	9946
f 9944 	9950 	9949
f 9944 	9949 	9945
f 9943 	9951 	9950
f 9943 	9950 	9944
f 9951 	9943 	9952
f 9942 	9952 	9943
f 9942 	9941 	9953
f 9942 	9953 	9952
f 9941 	9940 	9954
f 9941 	9954 	9953
f 9939 	9938 	9961
f 9957 	9964 	9956
f 9958 	9966 	9957
f 9940 	9959 	9954
f 9960 	9959 	9939
f 9940 	9939 	9959
f 9939 	9961 	9960
f 9965 	9962 	9958
f 9958 	9962 	9938
f 9961 	9938 	9962
f 9955 	9956 	9964
f 9965 	9958 	9957
f 9970 	9969 	9956
f 9970 	9956 	9971
f 9955 	9971 	9956
f 9964 	9972 	9955
f 9968 	9957 	9967
f 9964 	9957 	9968
f 9967 	9957 	9966
f 9948 	9986 	9958
f 9957 	9969 	9965
f 9957 	9956 	9969
f 9971 	9955 	9972
f 9968 	9972 	9964
f 9980 	9979 	9967
f 9966 	9981 	9967
f 9977 	9958 	9976
f 9966 	9958 	9977
f 9976 	9958 	9975
f 9986 	9978 	9958
f 9968 	9979 	9972
f 9968 	9967 	9979
f 9980 	9967 	9981
f 9982 	9966 	9977
f 9966 	9982 	9981
f 9990 	9983 	9976
f 9977 	9983 	9982
f 9975 	9958 	9978
f 9978 	9987 	9975
f 9993 	9989 	9986
f 9978 	9986 	9989
f 9986 	9948 	9993
f 9994 	9993 	9948
f 9977 	9976 	9983
f 9988 	9990 	9975
f 9976 	9975 	9990
f 9975 	9987 	9988
f 9987 	9978 	9989
f 9994 	9948 	9947
f 9994 	9947 	9995
f 9995 	9947 	9996
f 9946 	9996 	9947
f 9946 	9949 	9996
# 74 faces

 #end of obj_32

